ISO-10303-21;
HEADER;
FILE_DESCRIPTION(('Open CASCADE Model'),'2;1');
FILE_NAME('Open CASCADE Shape Model','2026-10-01T20:52:45',('Author'),(
    'Open CASCADE'),'Open CASCADE STEP processor 7.9','Open CASCADE 7.9'
  ,'Unknown');
FILE_SCHEMA(('AUTOMOTIVE_DESIGN { 1 0 10303 214 1 1 1 1 }'));
ENDSEC;
DATA;
#1 = APPLICATION_PROTOCOL_DEFINITION('international standard',
  'automotive_design',2000,#2);
#2 = APPLICATION_CONTEXT(
  'core data for automotive mechanical design processes');
#3 = SHAPE_DEFINITION_REPRESENTATION(#4,#10);
#4 = PRODUCT_DEFINITION_SHAPE('','',#5);
#5 = PRODUCT_DEFINITION('design','',#6,#9);
#6 = PRODUCT_DEFINITION_FORMATION('','',#7);
#7 = PRODUCT('self_righting_robot_concept','self_righting_robot_concept'
  ,'',(#8));
#8 = PRODUCT_CONTEXT('',#2,'mechanical');
#9 = PRODUCT_DEFINITION_CONTEXT('part definition',#2,'design');
#10 = SHAPE_REPRESENTATION('',(#11,#15,#19,#23,#27,#31,#35,#39,#43,#47,
    #51,#55),#59);
#11 = AXIS2_PLACEMENT_3D('',#12,#13,#14);
#12 = CARTESIAN_POINT('',(0.,0.,0.));
#13 = DIRECTION('',(0.,0.,1.));
#14 = DIRECTION('',(1.,0.,-0.));
#15 = AXIS2_PLACEMENT_3D('',#16,#17,#18);
#16 = CARTESIAN_POINT('',(0.,0.,0.));
#17 = DIRECTION('',(0.,0.,1.));
#18 = DIRECTION('',(1.,0.,-0.));
#19 = AXIS2_PLACEMENT_3D('',#20,#21,#22);
#20 = CARTESIAN_POINT('',(0.,0.,0.));
#21 = DIRECTION('',(0.,0.,1.));
#22 = DIRECTION('',(1.,0.,-0.));
#23 = AXIS2_PLACEMENT_3D('',#24,#25,#26);
#24 = CARTESIAN_POINT('',(0.,0.,0.));
#25 = DIRECTION('',(0.,0.,1.));
#26 = DIRECTION('',(1.,0.,-0.));
#27 = AXIS2_PLACEMENT_3D('',#28,#29,#30);
#28 = CARTESIAN_POINT('',(0.,0.,0.));
#29 = DIRECTION('',(0.,0.,1.));
#30 = DIRECTION('',(1.,0.,-0.));
#31 = AXIS2_PLACEMENT_3D('',#32,#33,#34);
#32 = CARTESIAN_POINT('',(0.,0.,0.));
#33 = DIRECTION('',(0.,0.,1.));
#34 = DIRECTION('',(1.,0.,-0.));
#35 = AXIS2_PLACEMENT_3D('',#36,#37,#38);
#36 = CARTESIAN_POINT('',(0.,0.,0.));
#37 = DIRECTION('',(0.,0.,1.));
#38 = DIRECTION('',(1.,0.,-0.));
#39 = AXIS2_PLACEMENT_3D('',#40,#41,#42);
#40 = CARTESIAN_POINT('',(0.,0.,0.));
#41 = DIRECTION('',(0.,0.,1.));
#42 = DIRECTION('',(1.,0.,-0.));
#43 = AXIS2_PLACEMENT_3D('',#44,#45,#46);
#44 = CARTESIAN_POINT('',(0.,0.,0.));
#45 = DIRECTION('',(0.,0.,1.));
#46 = DIRECTION('',(1.,0.,-0.));
#47 = AXIS2_PLACEMENT_3D('',#48,#49,#50);
#48 = CARTESIAN_POINT('',(0.,0.,0.));
#49 = DIRECTION('',(0.,0.,1.));
#50 = DIRECTION('',(1.,0.,-0.));
#51 = AXIS2_PLACEMENT_3D('',#52,#53,#54);
#52 = CARTESIAN_POINT('',(0.,0.,0.));
#53 = DIRECTION('',(0.,0.,1.));
#54 = DIRECTION('',(1.,0.,-0.));
#55 = AXIS2_PLACEMENT_3D('',#56,#57,#58);
#56 = CARTESIAN_POINT('',(0.,0.,0.));
#57 = DIRECTION('',(0.,0.,1.));
#58 = DIRECTION('',(1.,0.,-0.));
#59 = ( GEOMETRIC_REPRESENTATION_CONTEXT(3) 
GLOBAL_UNCERTAINTY_ASSIGNED_CONTEXT((#63)) GLOBAL_UNIT_ASSIGNED_CONTEXT(
(#60,#61,#62)) REPRESENTATION_CONTEXT('Context #1',
  '3D Context with UNIT and UNCERTAINTY') );
#60 = ( LENGTH_UNIT() NAMED_UNIT(*) SI_UNIT(.MILLI.,.METRE.) );
#61 = ( NAMED_UNIT(*) PLANE_ANGLE_UNIT() SI_UNIT($,.RADIAN.) );
#62 = ( NAMED_UNIT(*) SI_UNIT($,.STERADIAN.) SOLID_ANGLE_UNIT() );
#63 = UNCERTAINTY_MEASURE_WITH_UNIT(LENGTH_MEASURE(1.E-07),#60,
  'distance_accuracy_value','confusion accuracy');
#64 = PRODUCT_RELATED_PRODUCT_CATEGORY('part',$,(#7));
#65 = SHAPE_DEFINITION_REPRESENTATION(#66,#72);
#66 = PRODUCT_DEFINITION_SHAPE('','',#67);
#67 = PRODUCT_DEFINITION('design','',#68,#71);
#68 = PRODUCT_DEFINITION_FORMATION('','',#69);
#69 = PRODUCT('base','base','',(#70));
#70 = PRODUCT_CONTEXT('',#2,'mechanical');
#71 = PRODUCT_DEFINITION_CONTEXT('part definition',#2,'design');
#72 = ADVANCED_BREP_SHAPE_REPRESENTATION('',(#11,#73),#7743);
#73 = MANIFOLD_SOLID_BREP('',#74);
#74 = CLOSED_SHELL('',(#75,#195,#835,#1123,#1190,#1237,#1284,#1351,#1400
    ,#1469,#1516,#1543,#1616,#1623,#1911,#1978,#2025,#2072,#2139,#2188,
    #2257,#2304,#2331,#2404,#2411,#2482,#2532,#2581,#2635,#2684,#3100,
    #3176,#3247,#3274,#3301,#3368,#3415,#3462,#3538,#3609,#3636,#3663,
    #3730,#3779,#3806,#4090,#4160,#4208,#4256,#4304,#4374,#4528,#4651,
    #4723,#5074,#5133,#5449,#5520,#5567,#5641,#5710,#5737,#5784,#5811,
    #5838,#5845,#5872,#5946,#6015,#6042,#6093,#6120,#6147,#6178,#6225,
    #6273,#6300,#6327,#6564,#6631,#6678,#6725,#6792,#6841,#6868,#7147,
    #7223,#7294,#7321,#7348,#7424,#7495,#7522,#7549,#7598,#7630,#7658));
#75 = ADVANCED_FACE('',(#76),#90,.F.);
#76 = FACE_BOUND('',#77,.F.);
#77 = EDGE_LOOP('',(#78,#113,#141,#169));
#78 = ORIENTED_EDGE('',*,*,#79,.F.);
#79 = EDGE_CURVE('',#80,#82,#84,.T.);
#80 = VERTEX_POINT('',#81);
#81 = CARTESIAN_POINT('',(-35.,-27.,3.));
#82 = VERTEX_POINT('',#83);
#83 = CARTESIAN_POINT('',(-35.,27.,3.));
#84 = SURFACE_CURVE('',#85,(#89,#101),.PCURVE_S1.);
#85 = LINE('',#86,#87);
#86 = CARTESIAN_POINT('',(-35.,-32.,3.));
#87 = VECTOR('',#88,1.);
#88 = DIRECTION('',(0.,1.,0.));
#89 = PCURVE('',#90,#95);
#90 = PLANE('',#91);
#91 = AXIS2_PLACEMENT_3D('',#92,#93,#94);
#92 = CARTESIAN_POINT('',(-35.,-32.,0.));
#93 = DIRECTION('',(1.,0.,0.));
#94 = DIRECTION('',(0.,0.,1.));
#95 = DEFINITIONAL_REPRESENTATION('',(#96),#100);
#96 = LINE('',#97,#98);
#97 = CARTESIAN_POINT('',(3.,0.));
#98 = VECTOR('',#99,1.);
#99 = DIRECTION('',(0.,-1.));
#100 = ( GEOMETRIC_REPRESENTATION_CONTEXT(2) 
PARAMETRIC_REPRESENTATION_CONTEXT() REPRESENTATION_CONTEXT('2D SPACE',''
  ) );
#101 = PCURVE('',#102,#107);
#102 = PLANE('',#103);
#103 = AXIS2_PLACEMENT_3D('',#104,#105,#106);
#104 = CARTESIAN_POINT('',(-35.,-32.,3.));
#105 = DIRECTION('',(0.,0.,1.));
#106 = DIRECTION('',(1.,0.,0.));
#107 = DEFINITIONAL_REPRESENTATION('',(#108),#112);
#108 = LINE('',#109,#110);
#109 = CARTESIAN_POINT('',(0.,0.));
#110 = VECTOR('',#111,1.);
#111 = DIRECTION('',(0.,1.));
#112 = ( GEOMETRIC_REPRESENTATION_CONTEXT(2) 
PARAMETRIC_REPRESENTATION_CONTEXT() REPRESENTATION_CONTEXT('2D SPACE',''
  ) );
#113 = ORIENTED_EDGE('',*,*,#114,.F.);
#114 = EDGE_CURVE('',#115,#80,#117,.T.);
#115 = VERTEX_POINT('',#116);
#116 = CARTESIAN_POINT('',(-35.,-27.,0.));
#117 = SURFACE_CURVE('',#118,(#122,#129),.PCURVE_S1.);
#118 = LINE('',#119,#120);
#119 = CARTESIAN_POINT('',(-35.,-27.,0.));
#120 = VECTOR('',#121,1.);
#121 = DIRECTION('',(0.,0.,1.));
#122 = PCURVE('',#90,#123);
#123 = DEFINITIONAL_REPRESENTATION('',(#124),#128);
#124 = LINE('',#125,#126);
#125 = CARTESIAN_POINT('',(0.,-5.));
#126 = VECTOR('',#127,1.);
#127 = DIRECTION('',(1.,0.));
#128 = ( GEOMETRIC_REPRESENTATION_CONTEXT(2) 
PARAMETRIC_REPRESENTATION_CONTEXT() REPRESENTATION_CONTEXT('2D SPACE',''
  ) );
#129 = PCURVE('',#130,#135);
#130 = CYLINDRICAL_SURFACE('',#131,5.);
#131 = AXIS2_PLACEMENT_3D('',#132,#133,#134);
#132 = CARTESIAN_POINT('',(-30.,-27.,0.));
#133 = DIRECTION('',(0.,0.,1.));
#134 = DIRECTION('',(-1.,-0.,0.));
#135 = DEFINITIONAL_REPRESENTATION('',(#136),#140);
#136 = LINE('',#137,#138);
#137 = CARTESIAN_POINT('',(0.,0.));
#138 = VECTOR('',#139,1.);
#139 = DIRECTION('',(0.,1.));
#140 = ( GEOMETRIC_REPRESENTATION_CONTEXT(2) 
PARAMETRIC_REPRESENTATION_CONTEXT() REPRESENTATION_CONTEXT('2D SPACE',''
  ) );
#141 = ORIENTED_EDGE('',*,*,#142,.T.);
#142 = EDGE_CURVE('',#115,#143,#145,.T.);
#143 = VERTEX_POINT('',#144);
#144 = CARTESIAN_POINT('',(-35.,27.,0.));
#145 = SURFACE_CURVE('',#146,(#150,#157),.PCURVE_S1.);
#146 = LINE('',#147,#148);
#147 = CARTESIAN_POINT('',(-35.,-32.,0.));
#148 = VECTOR('',#149,1.);
#149 = DIRECTION('',(0.,1.,0.));
#150 = PCURVE('',#90,#151);
#151 = DEFINITIONAL_REPRESENTATION('',(#152),#156);
#152 = LINE('',#153,#154);
#153 = CARTESIAN_POINT('',(0.,0.));
#154 = VECTOR('',#155,1.);
#155 = DIRECTION('',(0.,-1.));
#156 = ( GEOMETRIC_REPRESENTATION_CONTEXT(2) 
PARAMETRIC_REPRESENTATION_CONTEXT() REPRESENTATION_CONTEXT('2D SPACE',''
  ) );
#157 = PCURVE('',#158,#163);
#158 = PLANE('',#159);
#159 = AXIS2_PLACEMENT_3D('',#160,#161,#162);
#160 = CARTESIAN_POINT('',(-35.,-32.,0.));
#161 = DIRECTION('',(0.,0.,1.));
#162 = DIRECTION('',(1.,0.,0.));
#163 = DEFINITIONAL_REPRESENTATION('',(#164),#168);
#164 = LINE('',#165,#166);
#165 = CARTESIAN_POINT('',(0.,0.));
#166 = VECTOR('',#167,1.);
#167 = DIRECTION('',(0.,1.));
#168 = ( GEOMETRIC_REPRESENTATION_CONTEXT(2) 
PARAMETRIC_REPRESENTATION_CONTEXT() REPRESENTATION_CONTEXT('2D SPACE',''
  ) );
#169 = ORIENTED_EDGE('',*,*,#170,.T.);
#170 = EDGE_CURVE('',#143,#82,#171,.T.);
#171 = SURFACE_CURVE('',#172,(#176,#183),.PCURVE_S1.);
#172 = LINE('',#173,#174);
#173 = CARTESIAN_POINT('',(-35.,27.,0.));
#174 = VECTOR('',#175,1.);
#175 = DIRECTION('',(0.,0.,1.));
#176 = PCURVE('',#90,#177);
#177 = DEFINITIONAL_REPRESENTATION('',(#178),#182);
#178 = LINE('',#179,#180);
#179 = CARTESIAN_POINT('',(0.,-59.));
#180 = VECTOR('',#181,1.);
#181 = DIRECTION('',(1.,0.));
#182 = ( GEOMETRIC_REPRESENTATION_CONTEXT(2) 
PARAMETRIC_REPRESENTATION_CONTEXT() REPRESENTATION_CONTEXT('2D SPACE',''
  ) );
#183 = PCURVE('',#184,#189);
#184 = CYLINDRICAL_SURFACE('',#185,5.);
#185 = AXIS2_PLACEMENT_3D('',#186,#187,#188);
#186 = CARTESIAN_POINT('',(-30.,27.,0.));
#187 = DIRECTION('',(0.,0.,1.));
#188 = DIRECTION('',(-1.,-0.,0.));
#189 = DEFINITIONAL_REPRESENTATION('',(#190),#194);
#190 = LINE('',#191,#192);
#191 = CARTESIAN_POINT('',(-0.,0.));
#192 = VECTOR('',#193,1.);
#193 = DIRECTION('',(-0.,1.));
#194 = ( GEOMETRIC_REPRESENTATION_CONTEXT(2) 
PARAMETRIC_REPRESENTATION_CONTEXT() REPRESENTATION_CONTEXT('2D SPACE',''
  ) );
#195 = ADVANCED_FACE('',(#196,#615,#725),#158,.F.);
#196 = FACE_BOUND('',#197,.F.);
#197 = EDGE_LOOP('',(#198,#199,#223,#251,#279,#305,#333,#361,#389,#415,
    #443,#471,#504,#532,#561,#589));
#198 = ORIENTED_EDGE('',*,*,#142,.F.);
#199 = ORIENTED_EDGE('',*,*,#200,.T.);
#200 = EDGE_CURVE('',#115,#201,#203,.T.);
#201 = VERTEX_POINT('',#202);
#202 = CARTESIAN_POINT('',(-30.,-32.,0.));
#203 = SURFACE_CURVE('',#204,(#209,#216),.PCURVE_S1.);
#204 = CIRCLE('',#205,5.);
#205 = AXIS2_PLACEMENT_3D('',#206,#207,#208);
#206 = CARTESIAN_POINT('',(-30.,-27.,0.));
#207 = DIRECTION('',(0.,0.,1.));
#208 = DIRECTION('',(0.,-1.,0.));
#209 = PCURVE('',#158,#210);
#210 = DEFINITIONAL_REPRESENTATION('',(#211),#215);
#211 = CIRCLE('',#212,5.);
#212 = AXIS2_PLACEMENT_2D('',#213,#214);
#213 = CARTESIAN_POINT('',(5.,5.));
#214 = DIRECTION('',(0.,-1.));
#215 = ( GEOMETRIC_REPRESENTATION_CONTEXT(2) 
PARAMETRIC_REPRESENTATION_CONTEXT() REPRESENTATION_CONTEXT('2D SPACE',''
  ) );
#216 = PCURVE('',#130,#217);
#217 = DEFINITIONAL_REPRESENTATION('',(#218),#222);
#218 = LINE('',#219,#220);
#219 = CARTESIAN_POINT('',(-4.712388980385,0.));
#220 = VECTOR('',#221,1.);
#221 = DIRECTION('',(1.,0.));
#222 = ( GEOMETRIC_REPRESENTATION_CONTEXT(2) 
PARAMETRIC_REPRESENTATION_CONTEXT() REPRESENTATION_CONTEXT('2D SPACE',''
  ) );
#223 = ORIENTED_EDGE('',*,*,#224,.T.);
#224 = EDGE_CURVE('',#201,#225,#227,.T.);
#225 = VERTEX_POINT('',#226);
#226 = CARTESIAN_POINT('',(-23.6,-32.,0.));
#227 = SURFACE_CURVE('',#228,(#232,#239),.PCURVE_S1.);
#228 = LINE('',#229,#230);
#229 = CARTESIAN_POINT('',(-35.,-32.,0.));
#230 = VECTOR('',#231,1.);
#231 = DIRECTION('',(1.,0.,0.));
#232 = PCURVE('',#158,#233);
#233 = DEFINITIONAL_REPRESENTATION('',(#234),#238);
#234 = LINE('',#235,#236);
#235 = CARTESIAN_POINT('',(0.,0.));
#236 = VECTOR('',#237,1.);
#237 = DIRECTION('',(1.,0.));
#238 = ( GEOMETRIC_REPRESENTATION_CONTEXT(2) 
PARAMETRIC_REPRESENTATION_CONTEXT() REPRESENTATION_CONTEXT('2D SPACE',''
  ) );
#239 = PCURVE('',#240,#245);
#240 = PLANE('',#241);
#241 = AXIS2_PLACEMENT_3D('',#242,#243,#244);
#242 = CARTESIAN_POINT('',(-35.,-32.,0.));
#243 = DIRECTION('',(0.,1.,0.));
#244 = DIRECTION('',(0.,0.,1.));
#245 = DEFINITIONAL_REPRESENTATION('',(#246),#250);
#246 = LINE('',#247,#248);
#247 = CARTESIAN_POINT('',(0.,0.));
#248 = VECTOR('',#249,1.);
#249 = DIRECTION('',(0.,1.));
#250 = ( GEOMETRIC_REPRESENTATION_CONTEXT(2) 
PARAMETRIC_REPRESENTATION_CONTEXT() REPRESENTATION_CONTEXT('2D SPACE',''
  ) );
#251 = ORIENTED_EDGE('',*,*,#252,.F.);
#252 = EDGE_CURVE('',#253,#225,#255,.T.);
#253 = VERTEX_POINT('',#254);
#254 = CARTESIAN_POINT('',(-23.6,-8.5,0.));
#255 = SURFACE_CURVE('',#256,(#260,#267),.PCURVE_S1.);
#256 = LINE('',#257,#258);
#257 = CARTESIAN_POINT('',(-23.6,-8.5,0.));
#258 = VECTOR('',#259,1.);
#259 = DIRECTION('',(0.,-1.,0.));
#260 = PCURVE('',#158,#261);
#261 = DEFINITIONAL_REPRESENTATION('',(#262),#266);
#262 = LINE('',#263,#264);
#263 = CARTESIAN_POINT('',(11.4,23.5));
#264 = VECTOR('',#265,1.);
#265 = DIRECTION('',(0.,-1.));
#266 = ( GEOMETRIC_REPRESENTATION_CONTEXT(2) 
PARAMETRIC_REPRESENTATION_CONTEXT() REPRESENTATION_CONTEXT('2D SPACE',''
  ) );
#267 = PCURVE('',#268,#273);
#268 = PLANE('',#269);
#269 = AXIS2_PLACEMENT_3D('',#270,#271,#272);
#270 = CARTESIAN_POINT('',(-23.6,-32.,-2.));
#271 = DIRECTION('',(1.,0.,0.));
#272 = DIRECTION('',(0.,0.,1.));
#273 = DEFINITIONAL_REPRESENTATION('',(#274),#278);
#274 = LINE('',#275,#276);
#275 = CARTESIAN_POINT('',(2.,-23.5));
#276 = VECTOR('',#277,1.);
#277 = DIRECTION('',(0.,1.));
#278 = ( GEOMETRIC_REPRESENTATION_CONTEXT(2) 
PARAMETRIC_REPRESENTATION_CONTEXT() REPRESENTATION_CONTEXT('2D SPACE',''
  ) );
#279 = ORIENTED_EDGE('',*,*,#280,.F.);
#280 = EDGE_CURVE('',#281,#253,#283,.T.);
#281 = VERTEX_POINT('',#282);
#282 = CARTESIAN_POINT('',(-20.4,-8.5,0.));
#283 = SURFACE_CURVE('',#284,(#288,#294),.PCURVE_S1.);
#284 = LINE('',#285,#286);
#285 = CARTESIAN_POINT('',(-29.3,-8.5,0.));
#286 = VECTOR('',#287,1.);
#287 = DIRECTION('',(-1.,0.,0.));
#288 = PCURVE('',#158,#289);
#289 = DEFINITIONAL_REPRESENTATION('',(#290),#293);
#290 = B_SPLINE_CURVE_WITH_KNOTS('',1,(#291,#292),.UNSPECIFIED.,.F.,.F.,
  (2,2),(-8.9,-5.7),.PIECEWISE_BEZIER_KNOTS.);
#291 = CARTESIAN_POINT('',(14.6,23.5));
#292 = CARTESIAN_POINT('',(11.4,23.5));
#293 = ( GEOMETRIC_REPRESENTATION_CONTEXT(2) 
PARAMETRIC_REPRESENTATION_CONTEXT() REPRESENTATION_CONTEXT('2D SPACE',''
  ) );
#294 = PCURVE('',#295,#300);
#295 = PLANE('',#296);
#296 = AXIS2_PLACEMENT_3D('',#297,#298,#299);
#297 = CARTESIAN_POINT('',(-23.6,-8.5,-1.E-01));
#298 = DIRECTION('',(0.,1.,0.));
#299 = DIRECTION('',(0.,0.,1.));
#300 = DEFINITIONAL_REPRESENTATION('',(#301),#304);
#301 = B_SPLINE_CURVE_WITH_KNOTS('',1,(#302,#303),.UNSPECIFIED.,.F.,.F.,
  (2,2),(-8.9,-5.7),.PIECEWISE_BEZIER_KNOTS.);
#302 = CARTESIAN_POINT('',(1.E-01,3.2));
#303 = CARTESIAN_POINT('',(1.E-01,0.));
#304 = ( GEOMETRIC_REPRESENTATION_CONTEXT(2) 
PARAMETRIC_REPRESENTATION_CONTEXT() REPRESENTATION_CONTEXT('2D SPACE',''
  ) );
#305 = ORIENTED_EDGE('',*,*,#306,.F.);
#306 = EDGE_CURVE('',#307,#281,#309,.T.);
#307 = VERTEX_POINT('',#308);
#308 = CARTESIAN_POINT('',(-20.4,-32.,0.));
#309 = SURFACE_CURVE('',#310,(#314,#321),.PCURVE_S1.);
#310 = LINE('',#311,#312);
#311 = CARTESIAN_POINT('',(-20.4,-32.,0.));
#312 = VECTOR('',#313,1.);
#313 = DIRECTION('',(0.,1.,0.));
#314 = PCURVE('',#158,#315);
#315 = DEFINITIONAL_REPRESENTATION('',(#316),#320);
#316 = LINE('',#317,#318);
#317 = CARTESIAN_POINT('',(14.6,0.));
#318 = VECTOR('',#319,1.);
#319 = DIRECTION('',(0.,1.));
#320 = ( GEOMETRIC_REPRESENTATION_CONTEXT(2) 
PARAMETRIC_REPRESENTATION_CONTEXT() REPRESENTATION_CONTEXT('2D SPACE',''
  ) );
#321 = PCURVE('',#322,#327);
#322 = PLANE('',#323);
#323 = AXIS2_PLACEMENT_3D('',#324,#325,#326);
#324 = CARTESIAN_POINT('',(-20.4,-32.,-2.));
#325 = DIRECTION('',(1.,0.,0.));
#326 = DIRECTION('',(0.,0.,1.));
#327 = DEFINITIONAL_REPRESENTATION('',(#328),#332);
#328 = LINE('',#329,#330);
#329 = CARTESIAN_POINT('',(2.,0.));
#330 = VECTOR('',#331,1.);
#331 = DIRECTION('',(0.,-1.));
#332 = ( GEOMETRIC_REPRESENTATION_CONTEXT(2) 
PARAMETRIC_REPRESENTATION_CONTEXT() REPRESENTATION_CONTEXT('2D SPACE',''
  ) );
#333 = ORIENTED_EDGE('',*,*,#334,.T.);
#334 = EDGE_CURVE('',#307,#335,#337,.T.);
#335 = VERTEX_POINT('',#336);
#336 = CARTESIAN_POINT('',(20.4,-32.,0.));
#337 = SURFACE_CURVE('',#338,(#342,#349),.PCURVE_S1.);
#338 = LINE('',#339,#340);
#339 = CARTESIAN_POINT('',(-35.,-32.,0.));
#340 = VECTOR('',#341,1.);
#341 = DIRECTION('',(1.,0.,0.));
#342 = PCURVE('',#158,#343);
#343 = DEFINITIONAL_REPRESENTATION('',(#344),#348);
#344 = LINE('',#345,#346);
#345 = CARTESIAN_POINT('',(0.,0.));
#346 = VECTOR('',#347,1.);
#347 = DIRECTION('',(1.,0.));
#348 = ( GEOMETRIC_REPRESENTATION_CONTEXT(2) 
PARAMETRIC_REPRESENTATION_CONTEXT() REPRESENTATION_CONTEXT('2D SPACE',''
  ) );
#349 = PCURVE('',#350,#355);
#350 = PLANE('',#351);
#351 = AXIS2_PLACEMENT_3D('',#352,#353,#354);
#352 = CARTESIAN_POINT('',(-35.,-32.,0.));
#353 = DIRECTION('',(0.,1.,0.));
#354 = DIRECTION('',(0.,0.,1.));
#355 = DEFINITIONAL_REPRESENTATION('',(#356),#360);
#356 = LINE('',#357,#358);
#357 = CARTESIAN_POINT('',(0.,0.));
#358 = VECTOR('',#359,1.);
#359 = DIRECTION('',(0.,1.));
#360 = ( GEOMETRIC_REPRESENTATION_CONTEXT(2) 
PARAMETRIC_REPRESENTATION_CONTEXT() REPRESENTATION_CONTEXT('2D SPACE',''
  ) );
#361 = ORIENTED_EDGE('',*,*,#362,.F.);
#362 = EDGE_CURVE('',#363,#335,#365,.T.);
#363 = VERTEX_POINT('',#364);
#364 = CARTESIAN_POINT('',(20.4,-8.5,0.));
#365 = SURFACE_CURVE('',#366,(#370,#377),.PCURVE_S1.);
#366 = LINE('',#367,#368);
#367 = CARTESIAN_POINT('',(20.4,-8.5,0.));
#368 = VECTOR('',#369,1.);
#369 = DIRECTION('',(0.,-1.,0.));
#370 = PCURVE('',#158,#371);
#371 = DEFINITIONAL_REPRESENTATION('',(#372),#376);
#372 = LINE('',#373,#374);
#373 = CARTESIAN_POINT('',(55.4,23.5));
#374 = VECTOR('',#375,1.);
#375 = DIRECTION('',(0.,-1.));
#376 = ( GEOMETRIC_REPRESENTATION_CONTEXT(2) 
PARAMETRIC_REPRESENTATION_CONTEXT() REPRESENTATION_CONTEXT('2D SPACE',''
  ) );
#377 = PCURVE('',#378,#383);
#378 = PLANE('',#379);
#379 = AXIS2_PLACEMENT_3D('',#380,#381,#382);
#380 = CARTESIAN_POINT('',(20.4,-32.,-2.));
#381 = DIRECTION('',(1.,0.,0.));
#382 = DIRECTION('',(0.,0.,1.));
#383 = DEFINITIONAL_REPRESENTATION('',(#384),#388);
#384 = LINE('',#385,#386);
#385 = CARTESIAN_POINT('',(2.,-23.5));
#386 = VECTOR('',#387,1.);
#387 = DIRECTION('',(0.,1.));
#388 = ( GEOMETRIC_REPRESENTATION_CONTEXT(2) 
PARAMETRIC_REPRESENTATION_CONTEXT() REPRESENTATION_CONTEXT('2D SPACE',''
  ) );
#389 = ORIENTED_EDGE('',*,*,#390,.F.);
#390 = EDGE_CURVE('',#391,#363,#393,.T.);
#391 = VERTEX_POINT('',#392);
#392 = CARTESIAN_POINT('',(23.6,-8.5,0.));
#393 = SURFACE_CURVE('',#394,(#398,#404),.PCURVE_S1.);
#394 = LINE('',#395,#396);
#395 = CARTESIAN_POINT('',(-7.3,-8.5,0.));
#396 = VECTOR('',#397,1.);
#397 = DIRECTION('',(-1.,0.,0.));
#398 = PCURVE('',#158,#399);
#399 = DEFINITIONAL_REPRESENTATION('',(#400),#403);
#400 = B_SPLINE_CURVE_WITH_KNOTS('',1,(#401,#402),.UNSPECIFIED.,.F.,.F.,
  (2,2),(-30.9,-27.7),.PIECEWISE_BEZIER_KNOTS.);
#401 = CARTESIAN_POINT('',(58.6,23.5));
#402 = CARTESIAN_POINT('',(55.4,23.5));
#403 = ( GEOMETRIC_REPRESENTATION_CONTEXT(2) 
PARAMETRIC_REPRESENTATION_CONTEXT() REPRESENTATION_CONTEXT('2D SPACE',''
  ) );
#404 = PCURVE('',#405,#410);
#405 = PLANE('',#406);
#406 = AXIS2_PLACEMENT_3D('',#407,#408,#409);
#407 = CARTESIAN_POINT('',(20.4,-8.5,-1.E-01));
#408 = DIRECTION('',(0.,1.,0.));
#409 = DIRECTION('',(0.,0.,1.));
#410 = DEFINITIONAL_REPRESENTATION('',(#411),#414);
#411 = B_SPLINE_CURVE_WITH_KNOTS('',1,(#412,#413),.UNSPECIFIED.,.F.,.F.,
  (2,2),(-30.9,-27.7),.PIECEWISE_BEZIER_KNOTS.);
#412 = CARTESIAN_POINT('',(1.E-01,3.2));
#413 = CARTESIAN_POINT('',(1.E-01,0.));
#414 = ( GEOMETRIC_REPRESENTATION_CONTEXT(2) 
PARAMETRIC_REPRESENTATION_CONTEXT() REPRESENTATION_CONTEXT('2D SPACE',''
  ) );
#415 = ORIENTED_EDGE('',*,*,#416,.F.);
#416 = EDGE_CURVE('',#417,#391,#419,.T.);
#417 = VERTEX_POINT('',#418);
#418 = CARTESIAN_POINT('',(23.6,-32.,0.));
#419 = SURFACE_CURVE('',#420,(#424,#431),.PCURVE_S1.);
#420 = LINE('',#421,#422);
#421 = CARTESIAN_POINT('',(23.6,-32.,0.));
#422 = VECTOR('',#423,1.);
#423 = DIRECTION('',(0.,1.,0.));
#424 = PCURVE('',#158,#425);
#425 = DEFINITIONAL_REPRESENTATION('',(#426),#430);
#426 = LINE('',#427,#428);
#427 = CARTESIAN_POINT('',(58.6,0.));
#428 = VECTOR('',#429,1.);
#429 = DIRECTION('',(0.,1.));
#430 = ( GEOMETRIC_REPRESENTATION_CONTEXT(2) 
PARAMETRIC_REPRESENTATION_CONTEXT() REPRESENTATION_CONTEXT('2D SPACE',''
  ) );
#431 = PCURVE('',#432,#437);
#432 = PLANE('',#433);
#433 = AXIS2_PLACEMENT_3D('',#434,#435,#436);
#434 = CARTESIAN_POINT('',(23.6,-32.,-2.));
#435 = DIRECTION('',(1.,0.,0.));
#436 = DIRECTION('',(0.,0.,1.));
#437 = DEFINITIONAL_REPRESENTATION('',(#438),#442);
#438 = LINE('',#439,#440);
#439 = CARTESIAN_POINT('',(2.,0.));
#440 = VECTOR('',#441,1.);
#441 = DIRECTION('',(0.,-1.));
#442 = ( GEOMETRIC_REPRESENTATION_CONTEXT(2) 
PARAMETRIC_REPRESENTATION_CONTEXT() REPRESENTATION_CONTEXT('2D SPACE',''
  ) );
#443 = ORIENTED_EDGE('',*,*,#444,.T.);
#444 = EDGE_CURVE('',#417,#445,#447,.T.);
#445 = VERTEX_POINT('',#446);
#446 = CARTESIAN_POINT('',(30.,-32.,0.));
#447 = SURFACE_CURVE('',#448,(#452,#459),.PCURVE_S1.);
#448 = LINE('',#449,#450);
#449 = CARTESIAN_POINT('',(-35.,-32.,0.));
#450 = VECTOR('',#451,1.);
#451 = DIRECTION('',(1.,0.,0.));
#452 = PCURVE('',#158,#453);
#453 = DEFINITIONAL_REPRESENTATION('',(#454),#458);
#454 = LINE('',#455,#456);
#455 = CARTESIAN_POINT('',(0.,0.));
#456 = VECTOR('',#457,1.);
#457 = DIRECTION('',(1.,0.));
#458 = ( GEOMETRIC_REPRESENTATION_CONTEXT(2) 
PARAMETRIC_REPRESENTATION_CONTEXT() REPRESENTATION_CONTEXT('2D SPACE',''
  ) );
#459 = PCURVE('',#460,#465);
#460 = PLANE('',#461);
#461 = AXIS2_PLACEMENT_3D('',#462,#463,#464);
#462 = CARTESIAN_POINT('',(-35.,-32.,0.));
#463 = DIRECTION('',(0.,1.,0.));
#464 = DIRECTION('',(0.,0.,1.));
#465 = DEFINITIONAL_REPRESENTATION('',(#466),#470);
#466 = LINE('',#467,#468);
#467 = CARTESIAN_POINT('',(0.,0.));
#468 = VECTOR('',#469,1.);
#469 = DIRECTION('',(0.,1.));
#470 = ( GEOMETRIC_REPRESENTATION_CONTEXT(2) 
PARAMETRIC_REPRESENTATION_CONTEXT() REPRESENTATION_CONTEXT('2D SPACE',''
  ) );
#471 = ORIENTED_EDGE('',*,*,#472,.F.);
#472 = EDGE_CURVE('',#473,#445,#475,.T.);
#473 = VERTEX_POINT('',#474);
#474 = CARTESIAN_POINT('',(35.,-27.,0.));
#475 = SURFACE_CURVE('',#476,(#481,#492),.PCURVE_S1.);
#476 = CIRCLE('',#477,5.);
#477 = AXIS2_PLACEMENT_3D('',#478,#479,#480);
#478 = CARTESIAN_POINT('',(30.,-27.,0.));
#479 = DIRECTION('',(-0.,-0.,-1.));
#480 = DIRECTION('',(0.,-1.,0.));
#481 = PCURVE('',#158,#482);
#482 = DEFINITIONAL_REPRESENTATION('',(#483),#491);
#483 = ( BOUNDED_CURVE() B_SPLINE_CURVE(2,(#484,#485,#486,#487,#488,#489
,#490),.UNSPECIFIED.,.T.,.F.) B_SPLINE_CURVE_WITH_KNOTS((1,2,2,2,2,1),(
    -2.094395102393,0.,2.094395102393,4.188790204786,6.28318530718,
8.377580409573),.UNSPECIFIED.) CURVE() GEOMETRIC_REPRESENTATION_ITEM() 
RATIONAL_B_SPLINE_CURVE((1.,0.5,1.,0.5,1.,0.5,1.)) REPRESENTATION_ITEM(
  '') );
#484 = CARTESIAN_POINT('',(65.,0.));
#485 = CARTESIAN_POINT('',(56.339745962156,0.));
#486 = CARTESIAN_POINT('',(60.669872981078,7.5));
#487 = CARTESIAN_POINT('',(65.,15.));
#488 = CARTESIAN_POINT('',(69.330127018922,7.5));
#489 = CARTESIAN_POINT('',(73.660254037844,7.993605777301E-15));
#490 = CARTESIAN_POINT('',(65.,0.));
#491 = ( GEOMETRIC_REPRESENTATION_CONTEXT(2) 
PARAMETRIC_REPRESENTATION_CONTEXT() REPRESENTATION_CONTEXT('2D SPACE',''
  ) );
#492 = PCURVE('',#493,#498);
#493 = CYLINDRICAL_SURFACE('',#494,5.);
#494 = AXIS2_PLACEMENT_3D('',#495,#496,#497);
#495 = CARTESIAN_POINT('',(30.,-27.,0.));
#496 = DIRECTION('',(0.,0.,1.));
#497 = DIRECTION('',(1.,0.,-0.));
#498 = DEFINITIONAL_REPRESENTATION('',(#499),#503);
#499 = LINE('',#500,#501);
#500 = CARTESIAN_POINT('',(4.712388980385,-0.));
#501 = VECTOR('',#502,1.);
#502 = DIRECTION('',(-1.,0.));
#503 = ( GEOMETRIC_REPRESENTATION_CONTEXT(2) 
PARAMETRIC_REPRESENTATION_CONTEXT() REPRESENTATION_CONTEXT('2D SPACE',''
  ) );
#504 = ORIENTED_EDGE('',*,*,#505,.T.);
#505 = EDGE_CURVE('',#473,#506,#508,.T.);
#506 = VERTEX_POINT('',#507);
#507 = CARTESIAN_POINT('',(35.,27.,0.));
#508 = SURFACE_CURVE('',#509,(#513,#520),.PCURVE_S1.);
#509 = LINE('',#510,#511);
#510 = CARTESIAN_POINT('',(35.,-32.,0.));
#511 = VECTOR('',#512,1.);
#512 = DIRECTION('',(0.,1.,0.));
#513 = PCURVE('',#158,#514);
#514 = DEFINITIONAL_REPRESENTATION('',(#515),#519);
#515 = LINE('',#516,#517);
#516 = CARTESIAN_POINT('',(70.,0.));
#517 = VECTOR('',#518,1.);
#518 = DIRECTION('',(0.,1.));
#519 = ( GEOMETRIC_REPRESENTATION_CONTEXT(2) 
PARAMETRIC_REPRESENTATION_CONTEXT() REPRESENTATION_CONTEXT('2D SPACE',''
  ) );
#520 = PCURVE('',#521,#526);
#521 = PLANE('',#522);
#522 = AXIS2_PLACEMENT_3D('',#523,#524,#525);
#523 = CARTESIAN_POINT('',(35.,-32.,0.));
#524 = DIRECTION('',(1.,0.,0.));
#525 = DIRECTION('',(0.,0.,1.));
#526 = DEFINITIONAL_REPRESENTATION('',(#527),#531);
#527 = LINE('',#528,#529);
#528 = CARTESIAN_POINT('',(0.,0.));
#529 = VECTOR('',#530,1.);
#530 = DIRECTION('',(0.,-1.));
#531 = ( GEOMETRIC_REPRESENTATION_CONTEXT(2) 
PARAMETRIC_REPRESENTATION_CONTEXT() REPRESENTATION_CONTEXT('2D SPACE',''
  ) );
#532 = ORIENTED_EDGE('',*,*,#533,.T.);
#533 = EDGE_CURVE('',#506,#534,#536,.T.);
#534 = VERTEX_POINT('',#535);
#535 = CARTESIAN_POINT('',(30.,32.,0.));
#536 = SURFACE_CURVE('',#537,(#542,#549),.PCURVE_S1.);
#537 = CIRCLE('',#538,5.);
#538 = AXIS2_PLACEMENT_3D('',#539,#540,#541);
#539 = CARTESIAN_POINT('',(30.,27.,0.));
#540 = DIRECTION('',(0.,0.,1.));
#541 = DIRECTION('',(0.,-1.,0.));
#542 = PCURVE('',#158,#543);
#543 = DEFINITIONAL_REPRESENTATION('',(#544),#548);
#544 = CIRCLE('',#545,5.);
#545 = AXIS2_PLACEMENT_2D('',#546,#547);
#546 = CARTESIAN_POINT('',(65.,59.));
#547 = DIRECTION('',(0.,-1.));
#548 = ( GEOMETRIC_REPRESENTATION_CONTEXT(2) 
PARAMETRIC_REPRESENTATION_CONTEXT() REPRESENTATION_CONTEXT('2D SPACE',''
  ) );
#549 = PCURVE('',#550,#555);
#550 = CYLINDRICAL_SURFACE('',#551,5.);
#551 = AXIS2_PLACEMENT_3D('',#552,#553,#554);
#552 = CARTESIAN_POINT('',(30.,27.,0.));
#553 = DIRECTION('',(0.,0.,1.));
#554 = DIRECTION('',(1.,0.,-0.));
#555 = DEFINITIONAL_REPRESENTATION('',(#556),#560);
#556 = LINE('',#557,#558);
#557 = CARTESIAN_POINT('',(-1.570796326795,0.));
#558 = VECTOR('',#559,1.);
#559 = DIRECTION('',(1.,0.));
#560 = ( GEOMETRIC_REPRESENTATION_CONTEXT(2) 
PARAMETRIC_REPRESENTATION_CONTEXT() REPRESENTATION_CONTEXT('2D SPACE',''
  ) );
#561 = ORIENTED_EDGE('',*,*,#562,.F.);
#562 = EDGE_CURVE('',#563,#534,#565,.T.);
#563 = VERTEX_POINT('',#564);
#564 = CARTESIAN_POINT('',(-30.,32.,0.));
#565 = SURFACE_CURVE('',#566,(#570,#577),.PCURVE_S1.);
#566 = LINE('',#567,#568);
#567 = CARTESIAN_POINT('',(-35.,32.,0.));
#568 = VECTOR('',#569,1.);
#569 = DIRECTION('',(1.,0.,0.));
#570 = PCURVE('',#158,#571);
#571 = DEFINITIONAL_REPRESENTATION('',(#572),#576);
#572 = LINE('',#573,#574);
#573 = CARTESIAN_POINT('',(0.,64.));
#574 = VECTOR('',#575,1.);
#575 = DIRECTION('',(1.,0.));
#576 = ( GEOMETRIC_REPRESENTATION_CONTEXT(2) 
PARAMETRIC_REPRESENTATION_CONTEXT() REPRESENTATION_CONTEXT('2D SPACE',''
  ) );
#577 = PCURVE('',#578,#583);
#578 = PLANE('',#579);
#579 = AXIS2_PLACEMENT_3D('',#580,#581,#582);
#580 = CARTESIAN_POINT('',(-35.,32.,0.));
#581 = DIRECTION('',(0.,1.,0.));
#582 = DIRECTION('',(0.,0.,1.));
#583 = DEFINITIONAL_REPRESENTATION('',(#584),#588);
#584 = LINE('',#585,#586);
#585 = CARTESIAN_POINT('',(0.,0.));
#586 = VECTOR('',#587,1.);
#587 = DIRECTION('',(0.,1.));
#588 = ( GEOMETRIC_REPRESENTATION_CONTEXT(2) 
PARAMETRIC_REPRESENTATION_CONTEXT() REPRESENTATION_CONTEXT('2D SPACE',''
  ) );
#589 = ORIENTED_EDGE('',*,*,#590,.F.);
#590 = EDGE_CURVE('',#143,#563,#591,.T.);
#591 = SURFACE_CURVE('',#592,(#597,#608),.PCURVE_S1.);
#592 = CIRCLE('',#593,5.);
#593 = AXIS2_PLACEMENT_3D('',#594,#595,#596);
#594 = CARTESIAN_POINT('',(-30.,27.,0.));
#595 = DIRECTION('',(-0.,-0.,-1.));
#596 = DIRECTION('',(0.,-1.,0.));
#597 = PCURVE('',#158,#598);
#598 = DEFINITIONAL_REPRESENTATION('',(#599),#607);
#599 = ( BOUNDED_CURVE() B_SPLINE_CURVE(2,(#600,#601,#602,#603,#604,#605
,#606),.UNSPECIFIED.,.T.,.F.) B_SPLINE_CURVE_WITH_KNOTS((1,2,2,2,2,1),(
    -2.094395102393,0.,2.094395102393,4.188790204786,6.28318530718,
8.377580409573),.UNSPECIFIED.) CURVE() GEOMETRIC_REPRESENTATION_ITEM() 
RATIONAL_B_SPLINE_CURVE((1.,0.5,1.,0.5,1.,0.5,1.)) REPRESENTATION_ITEM(
  '') );
#600 = CARTESIAN_POINT('',(5.,54.));
#601 = CARTESIAN_POINT('',(-3.660254037844,54.));
#602 = CARTESIAN_POINT('',(0.669872981078,61.5));
#603 = CARTESIAN_POINT('',(5.,69.));
#604 = CARTESIAN_POINT('',(9.330127018922,61.5));
#605 = CARTESIAN_POINT('',(13.660254037844,54.));
#606 = CARTESIAN_POINT('',(5.,54.));
#607 = ( GEOMETRIC_REPRESENTATION_CONTEXT(2) 
PARAMETRIC_REPRESENTATION_CONTEXT() REPRESENTATION_CONTEXT('2D SPACE',''
  ) );
#608 = PCURVE('',#184,#609);
#609 = DEFINITIONAL_REPRESENTATION('',(#610),#614);
#610 = LINE('',#611,#612);
#611 = CARTESIAN_POINT('',(1.570796326795,-0.));
#612 = VECTOR('',#613,1.);
#613 = DIRECTION('',(-1.,0.));
#614 = ( GEOMETRIC_REPRESENTATION_CONTEXT(2) 
PARAMETRIC_REPRESENTATION_CONTEXT() REPRESENTATION_CONTEXT('2D SPACE',''
  ) );
#615 = FACE_BOUND('',#616,.F.);
#616 = EDGE_LOOP('',(#617,#645,#673,#699));
#617 = ORIENTED_EDGE('',*,*,#618,.F.);
#618 = EDGE_CURVE('',#619,#621,#623,.T.);
#619 = VERTEX_POINT('',#620);
#620 = CARTESIAN_POINT('',(-21.4,28.5,0.));
#621 = VERTEX_POINT('',#622);
#622 = CARTESIAN_POINT('',(-24.6,28.5,0.));
#623 = SURFACE_CURVE('',#624,(#628,#634),.PCURVE_S1.);
#624 = LINE('',#625,#626);
#625 = CARTESIAN_POINT('',(-29.8,28.5,0.));
#626 = VECTOR('',#627,1.);
#627 = DIRECTION('',(-1.,0.,0.));
#628 = PCURVE('',#158,#629);
#629 = DEFINITIONAL_REPRESENTATION('',(#630),#633);
#630 = B_SPLINE_CURVE_WITH_KNOTS('',1,(#631,#632),.UNSPECIFIED.,.F.,.F.,
  (2,2),(-8.4,-5.2),.PIECEWISE_BEZIER_KNOTS.);
#631 = CARTESIAN_POINT('',(13.6,60.5));
#632 = CARTESIAN_POINT('',(10.4,60.5));
#633 = ( GEOMETRIC_REPRESENTATION_CONTEXT(2) 
PARAMETRIC_REPRESENTATION_CONTEXT() REPRESENTATION_CONTEXT('2D SPACE',''
  ) );
#634 = PCURVE('',#635,#640);
#635 = PLANE('',#636);
#636 = AXIS2_PLACEMENT_3D('',#637,#638,#639);
#637 = CARTESIAN_POINT('',(-24.6,28.5,-1.E-01));
#638 = DIRECTION('',(0.,1.,0.));
#639 = DIRECTION('',(0.,0.,1.));
#640 = DEFINITIONAL_REPRESENTATION('',(#641),#644);
#641 = B_SPLINE_CURVE_WITH_KNOTS('',1,(#642,#643),.UNSPECIFIED.,.F.,.F.,
  (2,2),(-8.4,-5.2),.PIECEWISE_BEZIER_KNOTS.);
#642 = CARTESIAN_POINT('',(1.E-01,3.2));
#643 = CARTESIAN_POINT('',(1.E-01,0.));
#644 = ( GEOMETRIC_REPRESENTATION_CONTEXT(2) 
PARAMETRIC_REPRESENTATION_CONTEXT() REPRESENTATION_CONTEXT('2D SPACE',''
  ) );
#645 = ORIENTED_EDGE('',*,*,#646,.F.);
#646 = EDGE_CURVE('',#647,#619,#649,.T.);
#647 = VERTEX_POINT('',#648);
#648 = CARTESIAN_POINT('',(-21.4,7.5,0.));
#649 = SURFACE_CURVE('',#650,(#654,#661),.PCURVE_S1.);
#650 = LINE('',#651,#652);
#651 = CARTESIAN_POINT('',(-21.4,7.5,0.));
#652 = VECTOR('',#653,1.);
#653 = DIRECTION('',(0.,1.,0.));
#654 = PCURVE('',#158,#655);
#655 = DEFINITIONAL_REPRESENTATION('',(#656),#660);
#656 = LINE('',#657,#658);
#657 = CARTESIAN_POINT('',(13.6,39.5));
#658 = VECTOR('',#659,1.);
#659 = DIRECTION('',(0.,1.));
#660 = ( GEOMETRIC_REPRESENTATION_CONTEXT(2) 
PARAMETRIC_REPRESENTATION_CONTEXT() REPRESENTATION_CONTEXT('2D SPACE',''
  ) );
#661 = PCURVE('',#662,#667);
#662 = PLANE('',#663);
#663 = AXIS2_PLACEMENT_3D('',#664,#665,#666);
#664 = CARTESIAN_POINT('',(-21.4,8.,-2.));
#665 = DIRECTION('',(1.,0.,0.));
#666 = DIRECTION('',(0.,0.,1.));
#667 = DEFINITIONAL_REPRESENTATION('',(#668),#672);
#668 = LINE('',#669,#670);
#669 = CARTESIAN_POINT('',(2.,0.5));
#670 = VECTOR('',#671,1.);
#671 = DIRECTION('',(0.,-1.));
#672 = ( GEOMETRIC_REPRESENTATION_CONTEXT(2) 
PARAMETRIC_REPRESENTATION_CONTEXT() REPRESENTATION_CONTEXT('2D SPACE',''
  ) );
#673 = ORIENTED_EDGE('',*,*,#674,.T.);
#674 = EDGE_CURVE('',#647,#675,#677,.T.);
#675 = VERTEX_POINT('',#676);
#676 = CARTESIAN_POINT('',(-24.6,7.5,0.));
#677 = SURFACE_CURVE('',#678,(#682,#688),.PCURVE_S1.);
#678 = LINE('',#679,#680);
#679 = CARTESIAN_POINT('',(-29.8,7.5,0.));
#680 = VECTOR('',#681,1.);
#681 = DIRECTION('',(-1.,0.,0.));
#682 = PCURVE('',#158,#683);
#683 = DEFINITIONAL_REPRESENTATION('',(#684),#687);
#684 = B_SPLINE_CURVE_WITH_KNOTS('',1,(#685,#686),.UNSPECIFIED.,.F.,.F.,
  (2,2),(-8.4,-5.2),.PIECEWISE_BEZIER_KNOTS.);
#685 = CARTESIAN_POINT('',(13.6,39.5));
#686 = CARTESIAN_POINT('',(10.4,39.5));
#687 = ( GEOMETRIC_REPRESENTATION_CONTEXT(2) 
PARAMETRIC_REPRESENTATION_CONTEXT() REPRESENTATION_CONTEXT('2D SPACE',''
  ) );
#688 = PCURVE('',#689,#694);
#689 = PLANE('',#690);
#690 = AXIS2_PLACEMENT_3D('',#691,#692,#693);
#691 = CARTESIAN_POINT('',(-24.6,7.5,-1.E-01));
#692 = DIRECTION('',(0.,1.,0.));
#693 = DIRECTION('',(0.,0.,1.));
#694 = DEFINITIONAL_REPRESENTATION('',(#695),#698);
#695 = B_SPLINE_CURVE_WITH_KNOTS('',1,(#696,#697),.UNSPECIFIED.,.F.,.F.,
  (2,2),(-8.4,-5.2),.PIECEWISE_BEZIER_KNOTS.);
#696 = CARTESIAN_POINT('',(1.E-01,3.2));
#697 = CARTESIAN_POINT('',(1.E-01,0.));
#698 = ( GEOMETRIC_REPRESENTATION_CONTEXT(2) 
PARAMETRIC_REPRESENTATION_CONTEXT() REPRESENTATION_CONTEXT('2D SPACE',''
  ) );
#699 = ORIENTED_EDGE('',*,*,#700,.F.);
#700 = EDGE_CURVE('',#621,#675,#701,.T.);
#701 = SURFACE_CURVE('',#702,(#706,#713),.PCURVE_S1.);
#702 = LINE('',#703,#704);
#703 = CARTESIAN_POINT('',(-24.6,28.5,0.));
#704 = VECTOR('',#705,1.);
#705 = DIRECTION('',(0.,-1.,0.));
#706 = PCURVE('',#158,#707);
#707 = DEFINITIONAL_REPRESENTATION('',(#708),#712);
#708 = LINE('',#709,#710);
#709 = CARTESIAN_POINT('',(10.4,60.5));
#710 = VECTOR('',#711,1.);
#711 = DIRECTION('',(0.,-1.));
#712 = ( GEOMETRIC_REPRESENTATION_CONTEXT(2) 
PARAMETRIC_REPRESENTATION_CONTEXT() REPRESENTATION_CONTEXT('2D SPACE',''
  ) );
#713 = PCURVE('',#714,#719);
#714 = PLANE('',#715);
#715 = AXIS2_PLACEMENT_3D('',#716,#717,#718);
#716 = CARTESIAN_POINT('',(-24.6,8.,-2.));
#717 = DIRECTION('',(1.,0.,0.));
#718 = DIRECTION('',(0.,0.,1.));
#719 = DEFINITIONAL_REPRESENTATION('',(#720),#724);
#720 = LINE('',#721,#722);
#721 = CARTESIAN_POINT('',(2.,-20.5));
#722 = VECTOR('',#723,1.);
#723 = DIRECTION('',(0.,1.));
#724 = ( GEOMETRIC_REPRESENTATION_CONTEXT(2) 
PARAMETRIC_REPRESENTATION_CONTEXT() REPRESENTATION_CONTEXT('2D SPACE',''
  ) );
#725 = FACE_BOUND('',#726,.F.);
#726 = EDGE_LOOP('',(#727,#755,#783,#809));
#727 = ORIENTED_EDGE('',*,*,#728,.F.);
#728 = EDGE_CURVE('',#729,#731,#733,.T.);
#729 = VERTEX_POINT('',#730);
#730 = CARTESIAN_POINT('',(24.6,29.5,0.));
#731 = VERTEX_POINT('',#732);
#732 = CARTESIAN_POINT('',(21.4,29.5,0.));
#733 = SURFACE_CURVE('',#734,(#738,#744),.PCURVE_S1.);
#734 = LINE('',#735,#736);
#735 = CARTESIAN_POINT('',(-6.8,29.5,0.));
#736 = VECTOR('',#737,1.);
#737 = DIRECTION('',(-1.,0.,0.));
#738 = PCURVE('',#158,#739);
#739 = DEFINITIONAL_REPRESENTATION('',(#740),#743);
#740 = B_SPLINE_CURVE_WITH_KNOTS('',1,(#741,#742),.UNSPECIFIED.,.F.,.F.,
  (2,2),(-31.4,-28.2),.PIECEWISE_BEZIER_KNOTS.);
#741 = CARTESIAN_POINT('',(59.6,61.5));
#742 = CARTESIAN_POINT('',(56.4,61.5));
#743 = ( GEOMETRIC_REPRESENTATION_CONTEXT(2) 
PARAMETRIC_REPRESENTATION_CONTEXT() REPRESENTATION_CONTEXT('2D SPACE',''
  ) );
#744 = PCURVE('',#745,#750);
#745 = PLANE('',#746);
#746 = AXIS2_PLACEMENT_3D('',#747,#748,#749);
#747 = CARTESIAN_POINT('',(21.4,29.5,-1.E-01));
#748 = DIRECTION('',(0.,1.,0.));
#749 = DIRECTION('',(0.,0.,1.));
#750 = DEFINITIONAL_REPRESENTATION('',(#751),#754);
#751 = B_SPLINE_CURVE_WITH_KNOTS('',1,(#752,#753),.UNSPECIFIED.,.F.,.F.,
  (2,2),(-31.4,-28.2),.PIECEWISE_BEZIER_KNOTS.);
#752 = CARTESIAN_POINT('',(1.E-01,3.2));
#753 = CARTESIAN_POINT('',(1.E-01,0.));
#754 = ( GEOMETRIC_REPRESENTATION_CONTEXT(2) 
PARAMETRIC_REPRESENTATION_CONTEXT() REPRESENTATION_CONTEXT('2D SPACE',''
  ) );
#755 = ORIENTED_EDGE('',*,*,#756,.F.);
#756 = EDGE_CURVE('',#757,#729,#759,.T.);
#757 = VERTEX_POINT('',#758);
#758 = CARTESIAN_POINT('',(24.6,6.5,0.));
#759 = SURFACE_CURVE('',#760,(#764,#771),.PCURVE_S1.);
#760 = LINE('',#761,#762);
#761 = CARTESIAN_POINT('',(24.6,6.5,0.));
#762 = VECTOR('',#763,1.);
#763 = DIRECTION('',(0.,1.,0.));
#764 = PCURVE('',#158,#765);
#765 = DEFINITIONAL_REPRESENTATION('',(#766),#770);
#766 = LINE('',#767,#768);
#767 = CARTESIAN_POINT('',(59.6,38.5));
#768 = VECTOR('',#769,1.);
#769 = DIRECTION('',(0.,1.));
#770 = ( GEOMETRIC_REPRESENTATION_CONTEXT(2) 
PARAMETRIC_REPRESENTATION_CONTEXT() REPRESENTATION_CONTEXT('2D SPACE',''
  ) );
#771 = PCURVE('',#772,#777);
#772 = PLANE('',#773);
#773 = AXIS2_PLACEMENT_3D('',#774,#775,#776);
#774 = CARTESIAN_POINT('',(24.6,7.,-2.));
#775 = DIRECTION('',(1.,0.,0.));
#776 = DIRECTION('',(0.,0.,1.));
#777 = DEFINITIONAL_REPRESENTATION('',(#778),#782);
#778 = LINE('',#779,#780);
#779 = CARTESIAN_POINT('',(2.,0.5));
#780 = VECTOR('',#781,1.);
#781 = DIRECTION('',(0.,-1.));
#782 = ( GEOMETRIC_REPRESENTATION_CONTEXT(2) 
PARAMETRIC_REPRESENTATION_CONTEXT() REPRESENTATION_CONTEXT('2D SPACE',''
  ) );
#783 = ORIENTED_EDGE('',*,*,#784,.T.);
#784 = EDGE_CURVE('',#757,#785,#787,.T.);
#785 = VERTEX_POINT('',#786);
#786 = CARTESIAN_POINT('',(21.4,6.5,0.));
#787 = SURFACE_CURVE('',#788,(#792,#798),.PCURVE_S1.);
#788 = LINE('',#789,#790);
#789 = CARTESIAN_POINT('',(-6.8,6.5,0.));
#790 = VECTOR('',#791,1.);
#791 = DIRECTION('',(-1.,0.,0.));
#792 = PCURVE('',#158,#793);
#793 = DEFINITIONAL_REPRESENTATION('',(#794),#797);
#794 = B_SPLINE_CURVE_WITH_KNOTS('',1,(#795,#796),.UNSPECIFIED.,.F.,.F.,
  (2,2),(-31.4,-28.2),.PIECEWISE_BEZIER_KNOTS.);
#795 = CARTESIAN_POINT('',(59.6,38.5));
#796 = CARTESIAN_POINT('',(56.4,38.5));
#797 = ( GEOMETRIC_REPRESENTATION_CONTEXT(2) 
PARAMETRIC_REPRESENTATION_CONTEXT() REPRESENTATION_CONTEXT('2D SPACE',''
  ) );
#798 = PCURVE('',#799,#804);
#799 = PLANE('',#800);
#800 = AXIS2_PLACEMENT_3D('',#801,#802,#803);
#801 = CARTESIAN_POINT('',(21.4,6.5,-1.E-01));
#802 = DIRECTION('',(0.,1.,0.));
#803 = DIRECTION('',(0.,0.,1.));
#804 = DEFINITIONAL_REPRESENTATION('',(#805),#808);
#805 = B_SPLINE_CURVE_WITH_KNOTS('',1,(#806,#807),.UNSPECIFIED.,.F.,.F.,
  (2,2),(-31.4,-28.2),.PIECEWISE_BEZIER_KNOTS.);
#806 = CARTESIAN_POINT('',(1.E-01,3.2));
#807 = CARTESIAN_POINT('',(1.E-01,0.));
#808 = ( GEOMETRIC_REPRESENTATION_CONTEXT(2) 
PARAMETRIC_REPRESENTATION_CONTEXT() REPRESENTATION_CONTEXT('2D SPACE',''
  ) );
#809 = ORIENTED_EDGE('',*,*,#810,.F.);
#810 = EDGE_CURVE('',#731,#785,#811,.T.);
#811 = SURFACE_CURVE('',#812,(#816,#823),.PCURVE_S1.);
#812 = LINE('',#813,#814);
#813 = CARTESIAN_POINT('',(21.4,29.5,0.));
#814 = VECTOR('',#815,1.);
#815 = DIRECTION('',(0.,-1.,0.));
#816 = PCURVE('',#158,#817);
#817 = DEFINITIONAL_REPRESENTATION('',(#818),#822);
#818 = LINE('',#819,#820);
#819 = CARTESIAN_POINT('',(56.4,61.5));
#820 = VECTOR('',#821,1.);
#821 = DIRECTION('',(0.,-1.));
#822 = ( GEOMETRIC_REPRESENTATION_CONTEXT(2) 
PARAMETRIC_REPRESENTATION_CONTEXT() REPRESENTATION_CONTEXT('2D SPACE',''
  ) );
#823 = PCURVE('',#824,#829);
#824 = PLANE('',#825);
#825 = AXIS2_PLACEMENT_3D('',#826,#827,#828);
#826 = CARTESIAN_POINT('',(21.4,7.,-2.));
#827 = DIRECTION('',(1.,0.,0.));
#828 = DIRECTION('',(0.,0.,1.));
#829 = DEFINITIONAL_REPRESENTATION('',(#830),#834);
#830 = LINE('',#831,#832);
#831 = CARTESIAN_POINT('',(2.,-22.5));
#832 = VECTOR('',#833,1.);
#833 = DIRECTION('',(0.,1.));
#834 = ( GEOMETRIC_REPRESENTATION_CONTEXT(2) 
PARAMETRIC_REPRESENTATION_CONTEXT() REPRESENTATION_CONTEXT('2D SPACE',''
  ) );
#835 = ADVANCED_FACE('',(#836),#824,.T.);
#836 = FACE_BOUND('',#837,.T.);
#837 = EDGE_LOOP('',(#838,#868,#896,#917,#918,#941,#969,#997,#1019,#1047
    ,#1075,#1103));
#838 = ORIENTED_EDGE('',*,*,#839,.F.);
#839 = EDGE_CURVE('',#840,#842,#844,.T.);
#840 = VERTEX_POINT('',#841);
#841 = CARTESIAN_POINT('',(21.4,7.,1.1));
#842 = VERTEX_POINT('',#843);
#843 = CARTESIAN_POINT('',(21.4,7.,3.));
#844 = SURFACE_CURVE('',#845,(#849,#856),.PCURVE_S1.);
#845 = LINE('',#846,#847);
#846 = CARTESIAN_POINT('',(21.4,7.,-2.));
#847 = VECTOR('',#848,1.);
#848 = DIRECTION('',(0.,0.,1.));
#849 = PCURVE('',#824,#850);
#850 = DEFINITIONAL_REPRESENTATION('',(#851),#855);
#851 = LINE('',#852,#853);
#852 = CARTESIAN_POINT('',(0.,0.));
#853 = VECTOR('',#854,1.);
#854 = DIRECTION('',(1.,0.));
#855 = ( GEOMETRIC_REPRESENTATION_CONTEXT(2) 
PARAMETRIC_REPRESENTATION_CONTEXT() REPRESENTATION_CONTEXT('2D SPACE',''
  ) );
#856 = PCURVE('',#857,#862);
#857 = PLANE('',#858);
#858 = AXIS2_PLACEMENT_3D('',#859,#860,#861);
#859 = CARTESIAN_POINT('',(21.4,7.,-2.));
#860 = DIRECTION('',(0.,1.,0.));
#861 = DIRECTION('',(0.,0.,1.));
#862 = DEFINITIONAL_REPRESENTATION('',(#863),#867);
#863 = LINE('',#864,#865);
#864 = CARTESIAN_POINT('',(0.,0.));
#865 = VECTOR('',#866,1.);
#866 = DIRECTION('',(1.,0.));
#867 = ( GEOMETRIC_REPRESENTATION_CONTEXT(2) 
PARAMETRIC_REPRESENTATION_CONTEXT() REPRESENTATION_CONTEXT('2D SPACE',''
  ) );
#868 = ORIENTED_EDGE('',*,*,#869,.F.);
#869 = EDGE_CURVE('',#870,#840,#872,.T.);
#870 = VERTEX_POINT('',#871);
#871 = CARTESIAN_POINT('',(21.4,6.5,1.1));
#872 = SURFACE_CURVE('',#873,(#877,#884),.PCURVE_S1.);
#873 = LINE('',#874,#875);
#874 = CARTESIAN_POINT('',(21.4,6.5,1.1));
#875 = VECTOR('',#876,1.);
#876 = DIRECTION('',(0.,1.,0.));
#877 = PCURVE('',#824,#878);
#878 = DEFINITIONAL_REPRESENTATION('',(#879),#883);
#879 = LINE('',#880,#881);
#880 = CARTESIAN_POINT('',(3.1,0.5));
#881 = VECTOR('',#882,1.);
#882 = DIRECTION('',(0.,-1.));
#883 = ( GEOMETRIC_REPRESENTATION_CONTEXT(2) 
PARAMETRIC_REPRESENTATION_CONTEXT() REPRESENTATION_CONTEXT('2D SPACE',''
  ) );
#884 = PCURVE('',#885,#890);
#885 = PLANE('',#886);
#886 = AXIS2_PLACEMENT_3D('',#887,#888,#889);
#887 = CARTESIAN_POINT('',(21.4,6.5,1.1));
#888 = DIRECTION('',(0.,0.,1.));
#889 = DIRECTION('',(1.,0.,0.));
#890 = DEFINITIONAL_REPRESENTATION('',(#891),#895);
#891 = LINE('',#892,#893);
#892 = CARTESIAN_POINT('',(0.,0.));
#893 = VECTOR('',#894,1.);
#894 = DIRECTION('',(0.,1.));
#895 = ( GEOMETRIC_REPRESENTATION_CONTEXT(2) 
PARAMETRIC_REPRESENTATION_CONTEXT() REPRESENTATION_CONTEXT('2D SPACE',''
  ) );
#896 = ORIENTED_EDGE('',*,*,#897,.F.);
#897 = EDGE_CURVE('',#785,#870,#898,.T.);
#898 = SURFACE_CURVE('',#899,(#903,#910),.PCURVE_S1.);
#899 = LINE('',#900,#901);
#900 = CARTESIAN_POINT('',(21.4,6.5,-1.E-01));
#901 = VECTOR('',#902,1.);
#902 = DIRECTION('',(0.,0.,1.));
#903 = PCURVE('',#824,#904);
#904 = DEFINITIONAL_REPRESENTATION('',(#905),#909);
#905 = LINE('',#906,#907);
#906 = CARTESIAN_POINT('',(1.9,0.5));
#907 = VECTOR('',#908,1.);
#908 = DIRECTION('',(1.,0.));
#909 = ( GEOMETRIC_REPRESENTATION_CONTEXT(2) 
PARAMETRIC_REPRESENTATION_CONTEXT() REPRESENTATION_CONTEXT('2D SPACE',''
  ) );
#910 = PCURVE('',#799,#911);
#911 = DEFINITIONAL_REPRESENTATION('',(#912),#916);
#912 = LINE('',#913,#914);
#913 = CARTESIAN_POINT('',(0.,0.));
#914 = VECTOR('',#915,1.);
#915 = DIRECTION('',(1.,0.));
#916 = ( GEOMETRIC_REPRESENTATION_CONTEXT(2) 
PARAMETRIC_REPRESENTATION_CONTEXT() REPRESENTATION_CONTEXT('2D SPACE',''
  ) );
#917 = ORIENTED_EDGE('',*,*,#810,.F.);
#918 = ORIENTED_EDGE('',*,*,#919,.T.);
#919 = EDGE_CURVE('',#731,#920,#922,.T.);
#920 = VERTEX_POINT('',#921);
#921 = CARTESIAN_POINT('',(21.4,29.5,1.1));
#922 = SURFACE_CURVE('',#923,(#927,#934),.PCURVE_S1.);
#923 = LINE('',#924,#925);
#924 = CARTESIAN_POINT('',(21.4,29.5,-1.E-01));
#925 = VECTOR('',#926,1.);
#926 = DIRECTION('',(0.,0.,1.));
#927 = PCURVE('',#824,#928);
#928 = DEFINITIONAL_REPRESENTATION('',(#929),#933);
#929 = LINE('',#930,#931);
#930 = CARTESIAN_POINT('',(1.9,-22.5));
#931 = VECTOR('',#932,1.);
#932 = DIRECTION('',(1.,0.));
#933 = ( GEOMETRIC_REPRESENTATION_CONTEXT(2) 
PARAMETRIC_REPRESENTATION_CONTEXT() REPRESENTATION_CONTEXT('2D SPACE',''
  ) );
#934 = PCURVE('',#745,#935);
#935 = DEFINITIONAL_REPRESENTATION('',(#936),#940);
#936 = LINE('',#937,#938);
#937 = CARTESIAN_POINT('',(0.,0.));
#938 = VECTOR('',#939,1.);
#939 = DIRECTION('',(1.,0.));
#940 = ( GEOMETRIC_REPRESENTATION_CONTEXT(2) 
PARAMETRIC_REPRESENTATION_CONTEXT() REPRESENTATION_CONTEXT('2D SPACE',''
  ) );
#941 = ORIENTED_EDGE('',*,*,#942,.F.);
#942 = EDGE_CURVE('',#943,#920,#945,.T.);
#943 = VERTEX_POINT('',#944);
#944 = CARTESIAN_POINT('',(21.4,29.,1.1));
#945 = SURFACE_CURVE('',#946,(#950,#957),.PCURVE_S1.);
#946 = LINE('',#947,#948);
#947 = CARTESIAN_POINT('',(21.4,6.5,1.1));
#948 = VECTOR('',#949,1.);
#949 = DIRECTION('',(0.,1.,0.));
#950 = PCURVE('',#824,#951);
#951 = DEFINITIONAL_REPRESENTATION('',(#952),#956);
#952 = LINE('',#953,#954);
#953 = CARTESIAN_POINT('',(3.1,0.5));
#954 = VECTOR('',#955,1.);
#955 = DIRECTION('',(0.,-1.));
#956 = ( GEOMETRIC_REPRESENTATION_CONTEXT(2) 
PARAMETRIC_REPRESENTATION_CONTEXT() REPRESENTATION_CONTEXT('2D SPACE',''
  ) );
#957 = PCURVE('',#958,#963);
#958 = PLANE('',#959);
#959 = AXIS2_PLACEMENT_3D('',#960,#961,#962);
#960 = CARTESIAN_POINT('',(21.4,6.5,1.1));
#961 = DIRECTION('',(0.,0.,1.));
#962 = DIRECTION('',(1.,0.,0.));
#963 = DEFINITIONAL_REPRESENTATION('',(#964),#968);
#964 = LINE('',#965,#966);
#965 = CARTESIAN_POINT('',(0.,0.));
#966 = VECTOR('',#967,1.);
#967 = DIRECTION('',(0.,1.));
#968 = ( GEOMETRIC_REPRESENTATION_CONTEXT(2) 
PARAMETRIC_REPRESENTATION_CONTEXT() REPRESENTATION_CONTEXT('2D SPACE',''
  ) );
#969 = ORIENTED_EDGE('',*,*,#970,.T.);
#970 = EDGE_CURVE('',#943,#971,#973,.T.);
#971 = VERTEX_POINT('',#972);
#972 = CARTESIAN_POINT('',(21.4,29.,3.));
#973 = SURFACE_CURVE('',#974,(#978,#985),.PCURVE_S1.);
#974 = LINE('',#975,#976);
#975 = CARTESIAN_POINT('',(21.4,29.,-2.));
#976 = VECTOR('',#977,1.);
#977 = DIRECTION('',(0.,0.,1.));
#978 = PCURVE('',#824,#979);
#979 = DEFINITIONAL_REPRESENTATION('',(#980),#984);
#980 = LINE('',#981,#982);
#981 = CARTESIAN_POINT('',(0.,-22.));
#982 = VECTOR('',#983,1.);
#983 = DIRECTION('',(1.,0.));
#984 = ( GEOMETRIC_REPRESENTATION_CONTEXT(2) 
PARAMETRIC_REPRESENTATION_CONTEXT() REPRESENTATION_CONTEXT('2D SPACE',''
  ) );
#985 = PCURVE('',#986,#991);
#986 = PLANE('',#987);
#987 = AXIS2_PLACEMENT_3D('',#988,#989,#990);
#988 = CARTESIAN_POINT('',(21.4,29.,-2.));
#989 = DIRECTION('',(0.,1.,0.));
#990 = DIRECTION('',(0.,0.,1.));
#991 = DEFINITIONAL_REPRESENTATION('',(#992),#996);
#992 = LINE('',#993,#994);
#993 = CARTESIAN_POINT('',(0.,0.));
#994 = VECTOR('',#995,1.);
#995 = DIRECTION('',(1.,0.));
#996 = ( GEOMETRIC_REPRESENTATION_CONTEXT(2) 
PARAMETRIC_REPRESENTATION_CONTEXT() REPRESENTATION_CONTEXT('2D SPACE',''
  ) );
#997 = ORIENTED_EDGE('',*,*,#998,.F.);
#998 = EDGE_CURVE('',#999,#971,#1001,.T.);
#999 = VERTEX_POINT('',#1000);
#1000 = CARTESIAN_POINT('',(21.4,27.,3.));
#1001 = SURFACE_CURVE('',#1002,(#1006,#1013),.PCURVE_S1.);
#1002 = LINE('',#1003,#1004);
#1003 = CARTESIAN_POINT('',(21.4,-2.5,3.));
#1004 = VECTOR('',#1005,1.);
#1005 = DIRECTION('',(0.,1.,0.));
#1006 = PCURVE('',#824,#1007);
#1007 = DEFINITIONAL_REPRESENTATION('',(#1008),#1012);
#1008 = LINE('',#1009,#1010);
#1009 = CARTESIAN_POINT('',(5.,9.5));
#1010 = VECTOR('',#1011,1.);
#1011 = DIRECTION('',(0.,-1.));
#1012 = ( GEOMETRIC_REPRESENTATION_CONTEXT(2) 
PARAMETRIC_REPRESENTATION_CONTEXT() REPRESENTATION_CONTEXT('2D SPACE',''
  ) );
#1013 = PCURVE('',#102,#1014);
#1014 = DEFINITIONAL_REPRESENTATION('',(#1015),#1018);
#1015 = B_SPLINE_CURVE_WITH_KNOTS('',1,(#1016,#1017),.UNSPECIFIED.,.F.,
  .F.,(2,2),(29.5,31.5),.PIECEWISE_BEZIER_KNOTS.);
#1016 = CARTESIAN_POINT('',(56.4,59.));
#1017 = CARTESIAN_POINT('',(56.4,61.));
#1018 = ( GEOMETRIC_REPRESENTATION_CONTEXT(2) 
PARAMETRIC_REPRESENTATION_CONTEXT() REPRESENTATION_CONTEXT('2D SPACE',''
  ) );
#1019 = ORIENTED_EDGE('',*,*,#1020,.F.);
#1020 = EDGE_CURVE('',#1021,#999,#1023,.T.);
#1021 = VERTEX_POINT('',#1022);
#1022 = CARTESIAN_POINT('',(21.4,27.,1.1));
#1023 = SURFACE_CURVE('',#1024,(#1028,#1035),.PCURVE_S1.);
#1024 = LINE('',#1025,#1026);
#1025 = CARTESIAN_POINT('',(21.4,27.,-2.));
#1026 = VECTOR('',#1027,1.);
#1027 = DIRECTION('',(0.,0.,1.));
#1028 = PCURVE('',#824,#1029);
#1029 = DEFINITIONAL_REPRESENTATION('',(#1030),#1034);
#1030 = LINE('',#1031,#1032);
#1031 = CARTESIAN_POINT('',(0.,-20.));
#1032 = VECTOR('',#1033,1.);
#1033 = DIRECTION('',(1.,0.));
#1034 = ( GEOMETRIC_REPRESENTATION_CONTEXT(2) 
PARAMETRIC_REPRESENTATION_CONTEXT() REPRESENTATION_CONTEXT('2D SPACE',''
  ) );
#1035 = PCURVE('',#1036,#1041);
#1036 = PLANE('',#1037);
#1037 = AXIS2_PLACEMENT_3D('',#1038,#1039,#1040);
#1038 = CARTESIAN_POINT('',(21.4,27.,-2.));
#1039 = DIRECTION('',(0.,1.,0.));
#1040 = DIRECTION('',(0.,0.,1.));
#1041 = DEFINITIONAL_REPRESENTATION('',(#1042),#1046);
#1042 = LINE('',#1043,#1044);
#1043 = CARTESIAN_POINT('',(0.,0.));
#1044 = VECTOR('',#1045,1.);
#1045 = DIRECTION('',(1.,0.));
#1046 = ( GEOMETRIC_REPRESENTATION_CONTEXT(2) 
PARAMETRIC_REPRESENTATION_CONTEXT() REPRESENTATION_CONTEXT('2D SPACE',''
  ) );
#1047 = ORIENTED_EDGE('',*,*,#1048,.F.);
#1048 = EDGE_CURVE('',#1049,#1021,#1051,.T.);
#1049 = VERTEX_POINT('',#1050);
#1050 = CARTESIAN_POINT('',(21.4,9.,1.1));
#1051 = SURFACE_CURVE('',#1052,(#1056,#1063),.PCURVE_S1.);
#1052 = LINE('',#1053,#1054);
#1053 = CARTESIAN_POINT('',(21.4,6.5,1.1));
#1054 = VECTOR('',#1055,1.);
#1055 = DIRECTION('',(0.,1.,0.));
#1056 = PCURVE('',#824,#1057);
#1057 = DEFINITIONAL_REPRESENTATION('',(#1058),#1062);
#1058 = LINE('',#1059,#1060);
#1059 = CARTESIAN_POINT('',(3.1,0.5));
#1060 = VECTOR('',#1061,1.);
#1061 = DIRECTION('',(0.,-1.));
#1062 = ( GEOMETRIC_REPRESENTATION_CONTEXT(2) 
PARAMETRIC_REPRESENTATION_CONTEXT() REPRESENTATION_CONTEXT('2D SPACE',''
  ) );
#1063 = PCURVE('',#1064,#1069);
#1064 = PLANE('',#1065);
#1065 = AXIS2_PLACEMENT_3D('',#1066,#1067,#1068);
#1066 = CARTESIAN_POINT('',(21.4,6.5,1.1));
#1067 = DIRECTION('',(0.,0.,1.));
#1068 = DIRECTION('',(1.,0.,0.));
#1069 = DEFINITIONAL_REPRESENTATION('',(#1070),#1074);
#1070 = LINE('',#1071,#1072);
#1071 = CARTESIAN_POINT('',(0.,0.));
#1072 = VECTOR('',#1073,1.);
#1073 = DIRECTION('',(0.,1.));
#1074 = ( GEOMETRIC_REPRESENTATION_CONTEXT(2) 
PARAMETRIC_REPRESENTATION_CONTEXT() REPRESENTATION_CONTEXT('2D SPACE',''
  ) );
#1075 = ORIENTED_EDGE('',*,*,#1076,.T.);
#1076 = EDGE_CURVE('',#1049,#1077,#1079,.T.);
#1077 = VERTEX_POINT('',#1078);
#1078 = CARTESIAN_POINT('',(21.4,9.,3.));
#1079 = SURFACE_CURVE('',#1080,(#1084,#1091),.PCURVE_S1.);
#1080 = LINE('',#1081,#1082);
#1081 = CARTESIAN_POINT('',(21.4,9.,-2.));
#1082 = VECTOR('',#1083,1.);
#1083 = DIRECTION('',(0.,0.,1.));
#1084 = PCURVE('',#824,#1085);
#1085 = DEFINITIONAL_REPRESENTATION('',(#1086),#1090);
#1086 = LINE('',#1087,#1088);
#1087 = CARTESIAN_POINT('',(0.,-2.));
#1088 = VECTOR('',#1089,1.);
#1089 = DIRECTION('',(1.,0.));
#1090 = ( GEOMETRIC_REPRESENTATION_CONTEXT(2) 
PARAMETRIC_REPRESENTATION_CONTEXT() REPRESENTATION_CONTEXT('2D SPACE',''
  ) );
#1091 = PCURVE('',#1092,#1097);
#1092 = PLANE('',#1093);
#1093 = AXIS2_PLACEMENT_3D('',#1094,#1095,#1096);
#1094 = CARTESIAN_POINT('',(21.4,9.,-2.));
#1095 = DIRECTION('',(0.,1.,0.));
#1096 = DIRECTION('',(0.,0.,1.));
#1097 = DEFINITIONAL_REPRESENTATION('',(#1098),#1102);
#1098 = LINE('',#1099,#1100);
#1099 = CARTESIAN_POINT('',(0.,0.));
#1100 = VECTOR('',#1101,1.);
#1101 = DIRECTION('',(1.,0.));
#1102 = ( GEOMETRIC_REPRESENTATION_CONTEXT(2) 
PARAMETRIC_REPRESENTATION_CONTEXT() REPRESENTATION_CONTEXT('2D SPACE',''
  ) );
#1103 = ORIENTED_EDGE('',*,*,#1104,.F.);
#1104 = EDGE_CURVE('',#842,#1077,#1105,.T.);
#1105 = SURFACE_CURVE('',#1106,(#1110,#1117),.PCURVE_S1.);
#1106 = LINE('',#1107,#1108);
#1107 = CARTESIAN_POINT('',(21.4,-12.5,3.));
#1108 = VECTOR('',#1109,1.);
#1109 = DIRECTION('',(0.,1.,0.));
#1110 = PCURVE('',#824,#1111);
#1111 = DEFINITIONAL_REPRESENTATION('',(#1112),#1116);
#1112 = LINE('',#1113,#1114);
#1113 = CARTESIAN_POINT('',(5.,19.5));
#1114 = VECTOR('',#1115,1.);
#1115 = DIRECTION('',(0.,-1.));
#1116 = ( GEOMETRIC_REPRESENTATION_CONTEXT(2) 
PARAMETRIC_REPRESENTATION_CONTEXT() REPRESENTATION_CONTEXT('2D SPACE',''
  ) );
#1117 = PCURVE('',#102,#1118);
#1118 = DEFINITIONAL_REPRESENTATION('',(#1119),#1122);
#1119 = B_SPLINE_CURVE_WITH_KNOTS('',1,(#1120,#1121),.UNSPECIFIED.,.F.,
  .F.,(2,2),(19.5,21.5),.PIECEWISE_BEZIER_KNOTS.);
#1120 = CARTESIAN_POINT('',(56.4,39.));
#1121 = CARTESIAN_POINT('',(56.4,41.));
#1122 = ( GEOMETRIC_REPRESENTATION_CONTEXT(2) 
PARAMETRIC_REPRESENTATION_CONTEXT() REPRESENTATION_CONTEXT('2D SPACE',''
  ) );
#1123 = ADVANCED_FACE('',(#1124),#1092,.F.);
#1124 = FACE_BOUND('',#1125,.F.);
#1125 = EDGE_LOOP('',(#1126,#1151,#1170,#1171));
#1126 = ORIENTED_EDGE('',*,*,#1127,.F.);
#1127 = EDGE_CURVE('',#1128,#1130,#1132,.T.);
#1128 = VERTEX_POINT('',#1129);
#1129 = CARTESIAN_POINT('',(24.6,9.,1.1));
#1130 = VERTEX_POINT('',#1131);
#1131 = CARTESIAN_POINT('',(24.6,9.,3.));
#1132 = SURFACE_CURVE('',#1133,(#1137,#1144),.PCURVE_S1.);
#1133 = LINE('',#1134,#1135);
#1134 = CARTESIAN_POINT('',(24.6,9.,-2.));
#1135 = VECTOR('',#1136,1.);
#1136 = DIRECTION('',(0.,0.,1.));
#1137 = PCURVE('',#1092,#1138);
#1138 = DEFINITIONAL_REPRESENTATION('',(#1139),#1143);
#1139 = LINE('',#1140,#1141);
#1140 = CARTESIAN_POINT('',(0.,3.2));
#1141 = VECTOR('',#1142,1.);
#1142 = DIRECTION('',(1.,0.));
#1143 = ( GEOMETRIC_REPRESENTATION_CONTEXT(2) 
PARAMETRIC_REPRESENTATION_CONTEXT() REPRESENTATION_CONTEXT('2D SPACE',''
  ) );
#1144 = PCURVE('',#772,#1145);
#1145 = DEFINITIONAL_REPRESENTATION('',(#1146),#1150);
#1146 = LINE('',#1147,#1148);
#1147 = CARTESIAN_POINT('',(0.,-2.));
#1148 = VECTOR('',#1149,1.);
#1149 = DIRECTION('',(1.,0.));
#1150 = ( GEOMETRIC_REPRESENTATION_CONTEXT(2) 
PARAMETRIC_REPRESENTATION_CONTEXT() REPRESENTATION_CONTEXT('2D SPACE',''
  ) );
#1151 = ORIENTED_EDGE('',*,*,#1152,.F.);
#1152 = EDGE_CURVE('',#1049,#1128,#1153,.T.);
#1153 = SURFACE_CURVE('',#1154,(#1158,#1164),.PCURVE_S1.);
#1154 = LINE('',#1155,#1156);
#1155 = CARTESIAN_POINT('',(21.4,9.,1.1));
#1156 = VECTOR('',#1157,1.);
#1157 = DIRECTION('',(1.,0.,0.));
#1158 = PCURVE('',#1092,#1159);
#1159 = DEFINITIONAL_REPRESENTATION('',(#1160),#1163);
#1160 = B_SPLINE_CURVE_WITH_KNOTS('',1,(#1161,#1162),.UNSPECIFIED.,.F.,
  .F.,(2,2),(0.,3.2),.PIECEWISE_BEZIER_KNOTS.);
#1161 = CARTESIAN_POINT('',(3.1,0.));
#1162 = CARTESIAN_POINT('',(3.1,3.2));
#1163 = ( GEOMETRIC_REPRESENTATION_CONTEXT(2) 
PARAMETRIC_REPRESENTATION_CONTEXT() REPRESENTATION_CONTEXT('2D SPACE',''
  ) );
#1164 = PCURVE('',#1064,#1165);
#1165 = DEFINITIONAL_REPRESENTATION('',(#1166),#1169);
#1166 = B_SPLINE_CURVE_WITH_KNOTS('',1,(#1167,#1168),.UNSPECIFIED.,.F.,
  .F.,(2,2),(0.,3.2),.PIECEWISE_BEZIER_KNOTS.);
#1167 = CARTESIAN_POINT('',(0.,2.5));
#1168 = CARTESIAN_POINT('',(3.2,2.5));
#1169 = ( GEOMETRIC_REPRESENTATION_CONTEXT(2) 
PARAMETRIC_REPRESENTATION_CONTEXT() REPRESENTATION_CONTEXT('2D SPACE',''
  ) );
#1170 = ORIENTED_EDGE('',*,*,#1076,.T.);
#1171 = ORIENTED_EDGE('',*,*,#1172,.F.);
#1172 = EDGE_CURVE('',#1130,#1077,#1173,.T.);
#1173 = SURFACE_CURVE('',#1174,(#1178,#1184),.PCURVE_S1.);
#1174 = LINE('',#1175,#1176);
#1175 = CARTESIAN_POINT('',(-6.8,9.,3.));
#1176 = VECTOR('',#1177,1.);
#1177 = DIRECTION('',(-1.,0.,0.));
#1178 = PCURVE('',#1092,#1179);
#1179 = DEFINITIONAL_REPRESENTATION('',(#1180),#1183);
#1180 = B_SPLINE_CURVE_WITH_KNOTS('',1,(#1181,#1182),.UNSPECIFIED.,.F.,
  .F.,(2,2),(-31.4,-28.2),.PIECEWISE_BEZIER_KNOTS.);
#1181 = CARTESIAN_POINT('',(5.,3.2));
#1182 = CARTESIAN_POINT('',(5.,0.));
#1183 = ( GEOMETRIC_REPRESENTATION_CONTEXT(2) 
PARAMETRIC_REPRESENTATION_CONTEXT() REPRESENTATION_CONTEXT('2D SPACE',''
  ) );
#1184 = PCURVE('',#102,#1185);
#1185 = DEFINITIONAL_REPRESENTATION('',(#1186),#1189);
#1186 = B_SPLINE_CURVE_WITH_KNOTS('',1,(#1187,#1188),.UNSPECIFIED.,.F.,
  .F.,(2,2),(-31.4,-28.2),.PIECEWISE_BEZIER_KNOTS.);
#1187 = CARTESIAN_POINT('',(59.6,41.));
#1188 = CARTESIAN_POINT('',(56.4,41.));
#1189 = ( GEOMETRIC_REPRESENTATION_CONTEXT(2) 
PARAMETRIC_REPRESENTATION_CONTEXT() REPRESENTATION_CONTEXT('2D SPACE',''
  ) );
#1190 = ADVANCED_FACE('',(#1191),#1064,.F.);
#1191 = FACE_BOUND('',#1192,.F.);
#1192 = EDGE_LOOP('',(#1193,#1194,#1195,#1218));
#1193 = ORIENTED_EDGE('',*,*,#1048,.F.);
#1194 = ORIENTED_EDGE('',*,*,#1152,.T.);
#1195 = ORIENTED_EDGE('',*,*,#1196,.T.);
#1196 = EDGE_CURVE('',#1128,#1197,#1199,.T.);
#1197 = VERTEX_POINT('',#1198);
#1198 = CARTESIAN_POINT('',(24.6,27.,1.1));
#1199 = SURFACE_CURVE('',#1200,(#1204,#1211),.PCURVE_S1.);
#1200 = LINE('',#1201,#1202);
#1201 = CARTESIAN_POINT('',(24.6,6.5,1.1));
#1202 = VECTOR('',#1203,1.);
#1203 = DIRECTION('',(0.,1.,0.));
#1204 = PCURVE('',#1064,#1205);
#1205 = DEFINITIONAL_REPRESENTATION('',(#1206),#1210);
#1206 = LINE('',#1207,#1208);
#1207 = CARTESIAN_POINT('',(3.2,0.));
#1208 = VECTOR('',#1209,1.);
#1209 = DIRECTION('',(0.,1.));
#1210 = ( GEOMETRIC_REPRESENTATION_CONTEXT(2) 
PARAMETRIC_REPRESENTATION_CONTEXT() REPRESENTATION_CONTEXT('2D SPACE',''
  ) );
#1211 = PCURVE('',#772,#1212);
#1212 = DEFINITIONAL_REPRESENTATION('',(#1213),#1217);
#1213 = LINE('',#1214,#1215);
#1214 = CARTESIAN_POINT('',(3.1,0.5));
#1215 = VECTOR('',#1216,1.);
#1216 = DIRECTION('',(0.,-1.));
#1217 = ( GEOMETRIC_REPRESENTATION_CONTEXT(2) 
PARAMETRIC_REPRESENTATION_CONTEXT() REPRESENTATION_CONTEXT('2D SPACE',''
  ) );
#1218 = ORIENTED_EDGE('',*,*,#1219,.F.);
#1219 = EDGE_CURVE('',#1021,#1197,#1220,.T.);
#1220 = SURFACE_CURVE('',#1221,(#1225,#1231),.PCURVE_S1.);
#1221 = LINE('',#1222,#1223);
#1222 = CARTESIAN_POINT('',(21.4,27.,1.1));
#1223 = VECTOR('',#1224,1.);
#1224 = DIRECTION('',(1.,0.,0.));
#1225 = PCURVE('',#1064,#1226);
#1226 = DEFINITIONAL_REPRESENTATION('',(#1227),#1230);
#1227 = B_SPLINE_CURVE_WITH_KNOTS('',1,(#1228,#1229),.UNSPECIFIED.,.F.,
  .F.,(2,2),(0.,3.2),.PIECEWISE_BEZIER_KNOTS.);
#1228 = CARTESIAN_POINT('',(0.,20.5));
#1229 = CARTESIAN_POINT('',(3.2,20.5));
#1230 = ( GEOMETRIC_REPRESENTATION_CONTEXT(2) 
PARAMETRIC_REPRESENTATION_CONTEXT() REPRESENTATION_CONTEXT('2D SPACE',''
  ) );
#1231 = PCURVE('',#1036,#1232);
#1232 = DEFINITIONAL_REPRESENTATION('',(#1233),#1236);
#1233 = B_SPLINE_CURVE_WITH_KNOTS('',1,(#1234,#1235),.UNSPECIFIED.,.F.,
  .F.,(2,2),(0.,3.2),.PIECEWISE_BEZIER_KNOTS.);
#1234 = CARTESIAN_POINT('',(3.1,0.));
#1235 = CARTESIAN_POINT('',(3.1,3.2));
#1236 = ( GEOMETRIC_REPRESENTATION_CONTEXT(2) 
PARAMETRIC_REPRESENTATION_CONTEXT() REPRESENTATION_CONTEXT('2D SPACE',''
  ) );
#1237 = ADVANCED_FACE('',(#1238),#1036,.T.);
#1238 = FACE_BOUND('',#1239,.T.);
#1239 = EDGE_LOOP('',(#1240,#1263,#1264,#1265));
#1240 = ORIENTED_EDGE('',*,*,#1241,.F.);
#1241 = EDGE_CURVE('',#1197,#1242,#1244,.T.);
#1242 = VERTEX_POINT('',#1243);
#1243 = CARTESIAN_POINT('',(24.6,27.,3.));
#1244 = SURFACE_CURVE('',#1245,(#1249,#1256),.PCURVE_S1.);
#1245 = LINE('',#1246,#1247);
#1246 = CARTESIAN_POINT('',(24.6,27.,-2.));
#1247 = VECTOR('',#1248,1.);
#1248 = DIRECTION('',(0.,0.,1.));
#1249 = PCURVE('',#1036,#1250);
#1250 = DEFINITIONAL_REPRESENTATION('',(#1251),#1255);
#1251 = LINE('',#1252,#1253);
#1252 = CARTESIAN_POINT('',(0.,3.2));
#1253 = VECTOR('',#1254,1.);
#1254 = DIRECTION('',(1.,0.));
#1255 = ( GEOMETRIC_REPRESENTATION_CONTEXT(2) 
PARAMETRIC_REPRESENTATION_CONTEXT() REPRESENTATION_CONTEXT('2D SPACE',''
  ) );
#1256 = PCURVE('',#772,#1257);
#1257 = DEFINITIONAL_REPRESENTATION('',(#1258),#1262);
#1258 = LINE('',#1259,#1260);
#1259 = CARTESIAN_POINT('',(0.,-20.));
#1260 = VECTOR('',#1261,1.);
#1261 = DIRECTION('',(1.,0.));
#1262 = ( GEOMETRIC_REPRESENTATION_CONTEXT(2) 
PARAMETRIC_REPRESENTATION_CONTEXT() REPRESENTATION_CONTEXT('2D SPACE',''
  ) );
#1263 = ORIENTED_EDGE('',*,*,#1219,.F.);
#1264 = ORIENTED_EDGE('',*,*,#1020,.T.);
#1265 = ORIENTED_EDGE('',*,*,#1266,.F.);
#1266 = EDGE_CURVE('',#1242,#999,#1267,.T.);
#1267 = SURFACE_CURVE('',#1268,(#1272,#1278),.PCURVE_S1.);
#1268 = LINE('',#1269,#1270);
#1269 = CARTESIAN_POINT('',(-6.8,27.,3.));
#1270 = VECTOR('',#1271,1.);
#1271 = DIRECTION('',(-1.,0.,0.));
#1272 = PCURVE('',#1036,#1273);
#1273 = DEFINITIONAL_REPRESENTATION('',(#1274),#1277);
#1274 = B_SPLINE_CURVE_WITH_KNOTS('',1,(#1275,#1276),.UNSPECIFIED.,.F.,
  .F.,(2,2),(-31.4,-28.2),.PIECEWISE_BEZIER_KNOTS.);
#1275 = CARTESIAN_POINT('',(5.,3.2));
#1276 = CARTESIAN_POINT('',(5.,0.));
#1277 = ( GEOMETRIC_REPRESENTATION_CONTEXT(2) 
PARAMETRIC_REPRESENTATION_CONTEXT() REPRESENTATION_CONTEXT('2D SPACE',''
  ) );
#1278 = PCURVE('',#102,#1279);
#1279 = DEFINITIONAL_REPRESENTATION('',(#1280),#1283);
#1280 = B_SPLINE_CURVE_WITH_KNOTS('',1,(#1281,#1282),.UNSPECIFIED.,.F.,
  .F.,(2,2),(-31.4,-28.2),.PIECEWISE_BEZIER_KNOTS.);
#1281 = CARTESIAN_POINT('',(59.6,59.));
#1282 = CARTESIAN_POINT('',(56.4,59.));
#1283 = ( GEOMETRIC_REPRESENTATION_CONTEXT(2) 
PARAMETRIC_REPRESENTATION_CONTEXT() REPRESENTATION_CONTEXT('2D SPACE',''
  ) );
#1284 = ADVANCED_FACE('',(#1285),#986,.F.);
#1285 = FACE_BOUND('',#1286,.F.);
#1286 = EDGE_LOOP('',(#1287,#1312,#1331,#1332));
#1287 = ORIENTED_EDGE('',*,*,#1288,.F.);
#1288 = EDGE_CURVE('',#1289,#1291,#1293,.T.);
#1289 = VERTEX_POINT('',#1290);
#1290 = CARTESIAN_POINT('',(24.6,29.,1.1));
#1291 = VERTEX_POINT('',#1292);
#1292 = CARTESIAN_POINT('',(24.6,29.,3.));
#1293 = SURFACE_CURVE('',#1294,(#1298,#1305),.PCURVE_S1.);
#1294 = LINE('',#1295,#1296);
#1295 = CARTESIAN_POINT('',(24.6,29.,-2.));
#1296 = VECTOR('',#1297,1.);
#1297 = DIRECTION('',(0.,0.,1.));
#1298 = PCURVE('',#986,#1299);
#1299 = DEFINITIONAL_REPRESENTATION('',(#1300),#1304);
#1300 = LINE('',#1301,#1302);
#1301 = CARTESIAN_POINT('',(0.,3.2));
#1302 = VECTOR('',#1303,1.);
#1303 = DIRECTION('',(1.,0.));
#1304 = ( GEOMETRIC_REPRESENTATION_CONTEXT(2) 
PARAMETRIC_REPRESENTATION_CONTEXT() REPRESENTATION_CONTEXT('2D SPACE',''
  ) );
#1305 = PCURVE('',#772,#1306);
#1306 = DEFINITIONAL_REPRESENTATION('',(#1307),#1311);
#1307 = LINE('',#1308,#1309);
#1308 = CARTESIAN_POINT('',(0.,-22.));
#1309 = VECTOR('',#1310,1.);
#1310 = DIRECTION('',(1.,0.));
#1311 = ( GEOMETRIC_REPRESENTATION_CONTEXT(2) 
PARAMETRIC_REPRESENTATION_CONTEXT() REPRESENTATION_CONTEXT('2D SPACE',''
  ) );
#1312 = ORIENTED_EDGE('',*,*,#1313,.F.);
#1313 = EDGE_CURVE('',#943,#1289,#1314,.T.);
#1314 = SURFACE_CURVE('',#1315,(#1319,#1325),.PCURVE_S1.);
#1315 = LINE('',#1316,#1317);
#1316 = CARTESIAN_POINT('',(21.4,29.,1.1));
#1317 = VECTOR('',#1318,1.);
#1318 = DIRECTION('',(1.,0.,0.));
#1319 = PCURVE('',#986,#1320);
#1320 = DEFINITIONAL_REPRESENTATION('',(#1321),#1324);
#1321 = B_SPLINE_CURVE_WITH_KNOTS('',1,(#1322,#1323),.UNSPECIFIED.,.F.,
  .F.,(2,2),(0.,3.2),.PIECEWISE_BEZIER_KNOTS.);
#1322 = CARTESIAN_POINT('',(3.1,0.));
#1323 = CARTESIAN_POINT('',(3.1,3.2));
#1324 = ( GEOMETRIC_REPRESENTATION_CONTEXT(2) 
PARAMETRIC_REPRESENTATION_CONTEXT() REPRESENTATION_CONTEXT('2D SPACE',''
  ) );
#1325 = PCURVE('',#958,#1326);
#1326 = DEFINITIONAL_REPRESENTATION('',(#1327),#1330);
#1327 = B_SPLINE_CURVE_WITH_KNOTS('',1,(#1328,#1329),.UNSPECIFIED.,.F.,
  .F.,(2,2),(0.,3.2),.PIECEWISE_BEZIER_KNOTS.);
#1328 = CARTESIAN_POINT('',(0.,22.5));
#1329 = CARTESIAN_POINT('',(3.2,22.5));
#1330 = ( GEOMETRIC_REPRESENTATION_CONTEXT(2) 
PARAMETRIC_REPRESENTATION_CONTEXT() REPRESENTATION_CONTEXT('2D SPACE',''
  ) );
#1331 = ORIENTED_EDGE('',*,*,#970,.T.);
#1332 = ORIENTED_EDGE('',*,*,#1333,.F.);
#1333 = EDGE_CURVE('',#1291,#971,#1334,.T.);
#1334 = SURFACE_CURVE('',#1335,(#1339,#1345),.PCURVE_S1.);
#1335 = LINE('',#1336,#1337);
#1336 = CARTESIAN_POINT('',(-6.8,29.,3.));
#1337 = VECTOR('',#1338,1.);
#1338 = DIRECTION('',(-1.,0.,0.));
#1339 = PCURVE('',#986,#1340);
#1340 = DEFINITIONAL_REPRESENTATION('',(#1341),#1344);
#1341 = B_SPLINE_CURVE_WITH_KNOTS('',1,(#1342,#1343),.UNSPECIFIED.,.F.,
  .F.,(2,2),(-31.4,-28.2),.PIECEWISE_BEZIER_KNOTS.);
#1342 = CARTESIAN_POINT('',(5.,3.2));
#1343 = CARTESIAN_POINT('',(5.,0.));
#1344 = ( GEOMETRIC_REPRESENTATION_CONTEXT(2) 
PARAMETRIC_REPRESENTATION_CONTEXT() REPRESENTATION_CONTEXT('2D SPACE',''
  ) );
#1345 = PCURVE('',#102,#1346);
#1346 = DEFINITIONAL_REPRESENTATION('',(#1347),#1350);
#1347 = B_SPLINE_CURVE_WITH_KNOTS('',1,(#1348,#1349),.UNSPECIFIED.,.F.,
  .F.,(2,2),(-31.4,-28.2),.PIECEWISE_BEZIER_KNOTS.);
#1348 = CARTESIAN_POINT('',(59.6,61.));
#1349 = CARTESIAN_POINT('',(56.4,61.));
#1350 = ( GEOMETRIC_REPRESENTATION_CONTEXT(2) 
PARAMETRIC_REPRESENTATION_CONTEXT() REPRESENTATION_CONTEXT('2D SPACE',''
  ) );
#1351 = ADVANCED_FACE('',(#1352),#958,.F.);
#1352 = FACE_BOUND('',#1353,.F.);
#1353 = EDGE_LOOP('',(#1354,#1355,#1356,#1379));
#1354 = ORIENTED_EDGE('',*,*,#942,.F.);
#1355 = ORIENTED_EDGE('',*,*,#1313,.T.);
#1356 = ORIENTED_EDGE('',*,*,#1357,.T.);
#1357 = EDGE_CURVE('',#1289,#1358,#1360,.T.);
#1358 = VERTEX_POINT('',#1359);
#1359 = CARTESIAN_POINT('',(24.6,29.5,1.1));
#1360 = SURFACE_CURVE('',#1361,(#1365,#1372),.PCURVE_S1.);
#1361 = LINE('',#1362,#1363);
#1362 = CARTESIAN_POINT('',(24.6,6.5,1.1));
#1363 = VECTOR('',#1364,1.);
#1364 = DIRECTION('',(0.,1.,0.));
#1365 = PCURVE('',#958,#1366);
#1366 = DEFINITIONAL_REPRESENTATION('',(#1367),#1371);
#1367 = LINE('',#1368,#1369);
#1368 = CARTESIAN_POINT('',(3.2,0.));
#1369 = VECTOR('',#1370,1.);
#1370 = DIRECTION('',(0.,1.));
#1371 = ( GEOMETRIC_REPRESENTATION_CONTEXT(2) 
PARAMETRIC_REPRESENTATION_CONTEXT() REPRESENTATION_CONTEXT('2D SPACE',''
  ) );
#1372 = PCURVE('',#772,#1373);
#1373 = DEFINITIONAL_REPRESENTATION('',(#1374),#1378);
#1374 = LINE('',#1375,#1376);
#1375 = CARTESIAN_POINT('',(3.1,0.5));
#1376 = VECTOR('',#1377,1.);
#1377 = DIRECTION('',(0.,-1.));
#1378 = ( GEOMETRIC_REPRESENTATION_CONTEXT(2) 
PARAMETRIC_REPRESENTATION_CONTEXT() REPRESENTATION_CONTEXT('2D SPACE',''
  ) );
#1379 = ORIENTED_EDGE('',*,*,#1380,.F.);
#1380 = EDGE_CURVE('',#920,#1358,#1381,.T.);
#1381 = SURFACE_CURVE('',#1382,(#1386,#1393),.PCURVE_S1.);
#1382 = LINE('',#1383,#1384);
#1383 = CARTESIAN_POINT('',(21.4,29.5,1.1));
#1384 = VECTOR('',#1385,1.);
#1385 = DIRECTION('',(1.,0.,0.));
#1386 = PCURVE('',#958,#1387);
#1387 = DEFINITIONAL_REPRESENTATION('',(#1388),#1392);
#1388 = LINE('',#1389,#1390);
#1389 = CARTESIAN_POINT('',(0.,23.));
#1390 = VECTOR('',#1391,1.);
#1391 = DIRECTION('',(1.,0.));
#1392 = ( GEOMETRIC_REPRESENTATION_CONTEXT(2) 
PARAMETRIC_REPRESENTATION_CONTEXT() REPRESENTATION_CONTEXT('2D SPACE',''
  ) );
#1393 = PCURVE('',#745,#1394);
#1394 = DEFINITIONAL_REPRESENTATION('',(#1395),#1399);
#1395 = LINE('',#1396,#1397);
#1396 = CARTESIAN_POINT('',(1.2,0.));
#1397 = VECTOR('',#1398,1.);
#1398 = DIRECTION('',(0.,1.));
#1399 = ( GEOMETRIC_REPRESENTATION_CONTEXT(2) 
PARAMETRIC_REPRESENTATION_CONTEXT() REPRESENTATION_CONTEXT('2D SPACE',''
  ) );
#1400 = ADVANCED_FACE('',(#1401),#885,.F.);
#1401 = FACE_BOUND('',#1402,.F.);
#1402 = EDGE_LOOP('',(#1403,#1404,#1427,#1450));
#1403 = ORIENTED_EDGE('',*,*,#869,.F.);
#1404 = ORIENTED_EDGE('',*,*,#1405,.T.);
#1405 = EDGE_CURVE('',#870,#1406,#1408,.T.);
#1406 = VERTEX_POINT('',#1407);
#1407 = CARTESIAN_POINT('',(24.6,6.5,1.1));
#1408 = SURFACE_CURVE('',#1409,(#1413,#1420),.PCURVE_S1.);
#1409 = LINE('',#1410,#1411);
#1410 = CARTESIAN_POINT('',(21.4,6.5,1.1));
#1411 = VECTOR('',#1412,1.);
#1412 = DIRECTION('',(1.,0.,0.));
#1413 = PCURVE('',#885,#1414);
#1414 = DEFINITIONAL_REPRESENTATION('',(#1415),#1419);
#1415 = LINE('',#1416,#1417);
#1416 = CARTESIAN_POINT('',(0.,0.));
#1417 = VECTOR('',#1418,1.);
#1418 = DIRECTION('',(1.,0.));
#1419 = ( GEOMETRIC_REPRESENTATION_CONTEXT(2) 
PARAMETRIC_REPRESENTATION_CONTEXT() REPRESENTATION_CONTEXT('2D SPACE',''
  ) );
#1420 = PCURVE('',#799,#1421);
#1421 = DEFINITIONAL_REPRESENTATION('',(#1422),#1426);
#1422 = LINE('',#1423,#1424);
#1423 = CARTESIAN_POINT('',(1.2,0.));
#1424 = VECTOR('',#1425,1.);
#1425 = DIRECTION('',(0.,1.));
#1426 = ( GEOMETRIC_REPRESENTATION_CONTEXT(2) 
PARAMETRIC_REPRESENTATION_CONTEXT() REPRESENTATION_CONTEXT('2D SPACE',''
  ) );
#1427 = ORIENTED_EDGE('',*,*,#1428,.T.);
#1428 = EDGE_CURVE('',#1406,#1429,#1431,.T.);
#1429 = VERTEX_POINT('',#1430);
#1430 = CARTESIAN_POINT('',(24.6,7.,1.1));
#1431 = SURFACE_CURVE('',#1432,(#1436,#1443),.PCURVE_S1.);
#1432 = LINE('',#1433,#1434);
#1433 = CARTESIAN_POINT('',(24.6,6.5,1.1));
#1434 = VECTOR('',#1435,1.);
#1435 = DIRECTION('',(0.,1.,0.));
#1436 = PCURVE('',#885,#1437);
#1437 = DEFINITIONAL_REPRESENTATION('',(#1438),#1442);
#1438 = LINE('',#1439,#1440);
#1439 = CARTESIAN_POINT('',(3.2,0.));
#1440 = VECTOR('',#1441,1.);
#1441 = DIRECTION('',(0.,1.));
#1442 = ( GEOMETRIC_REPRESENTATION_CONTEXT(2) 
PARAMETRIC_REPRESENTATION_CONTEXT() REPRESENTATION_CONTEXT('2D SPACE',''
  ) );
#1443 = PCURVE('',#772,#1444);
#1444 = DEFINITIONAL_REPRESENTATION('',(#1445),#1449);
#1445 = LINE('',#1446,#1447);
#1446 = CARTESIAN_POINT('',(3.1,0.5));
#1447 = VECTOR('',#1448,1.);
#1448 = DIRECTION('',(0.,-1.));
#1449 = ( GEOMETRIC_REPRESENTATION_CONTEXT(2) 
PARAMETRIC_REPRESENTATION_CONTEXT() REPRESENTATION_CONTEXT('2D SPACE',''
  ) );
#1450 = ORIENTED_EDGE('',*,*,#1451,.F.);
#1451 = EDGE_CURVE('',#840,#1429,#1452,.T.);
#1452 = SURFACE_CURVE('',#1453,(#1457,#1463),.PCURVE_S1.);
#1453 = LINE('',#1454,#1455);
#1454 = CARTESIAN_POINT('',(21.4,7.,1.1));
#1455 = VECTOR('',#1456,1.);
#1456 = DIRECTION('',(1.,0.,0.));
#1457 = PCURVE('',#885,#1458);
#1458 = DEFINITIONAL_REPRESENTATION('',(#1459),#1462);
#1459 = B_SPLINE_CURVE_WITH_KNOTS('',1,(#1460,#1461),.UNSPECIFIED.,.F.,
  .F.,(2,2),(0.,3.2),.PIECEWISE_BEZIER_KNOTS.);
#1460 = CARTESIAN_POINT('',(0.,0.5));
#1461 = CARTESIAN_POINT('',(3.2,0.5));
#1462 = ( GEOMETRIC_REPRESENTATION_CONTEXT(2) 
PARAMETRIC_REPRESENTATION_CONTEXT() REPRESENTATION_CONTEXT('2D SPACE',''
  ) );
#1463 = PCURVE('',#857,#1464);
#1464 = DEFINITIONAL_REPRESENTATION('',(#1465),#1468);
#1465 = B_SPLINE_CURVE_WITH_KNOTS('',1,(#1466,#1467),.UNSPECIFIED.,.F.,
  .F.,(2,2),(0.,3.2),.PIECEWISE_BEZIER_KNOTS.);
#1466 = CARTESIAN_POINT('',(3.1,0.));
#1467 = CARTESIAN_POINT('',(3.1,3.2));
#1468 = ( GEOMETRIC_REPRESENTATION_CONTEXT(2) 
PARAMETRIC_REPRESENTATION_CONTEXT() REPRESENTATION_CONTEXT('2D SPACE',''
  ) );
#1469 = ADVANCED_FACE('',(#1470),#857,.T.);
#1470 = FACE_BOUND('',#1471,.T.);
#1471 = EDGE_LOOP('',(#1472,#1495,#1496,#1497));
#1472 = ORIENTED_EDGE('',*,*,#1473,.F.);
#1473 = EDGE_CURVE('',#1429,#1474,#1476,.T.);
#1474 = VERTEX_POINT('',#1475);
#1475 = CARTESIAN_POINT('',(24.6,7.,3.));
#1476 = SURFACE_CURVE('',#1477,(#1481,#1488),.PCURVE_S1.);
#1477 = LINE('',#1478,#1479);
#1478 = CARTESIAN_POINT('',(24.6,7.,-2.));
#1479 = VECTOR('',#1480,1.);
#1480 = DIRECTION('',(0.,0.,1.));
#1481 = PCURVE('',#857,#1482);
#1482 = DEFINITIONAL_REPRESENTATION('',(#1483),#1487);
#1483 = LINE('',#1484,#1485);
#1484 = CARTESIAN_POINT('',(0.,3.2));
#1485 = VECTOR('',#1486,1.);
#1486 = DIRECTION('',(1.,0.));
#1487 = ( GEOMETRIC_REPRESENTATION_CONTEXT(2) 
PARAMETRIC_REPRESENTATION_CONTEXT() REPRESENTATION_CONTEXT('2D SPACE',''
  ) );
#1488 = PCURVE('',#772,#1489);
#1489 = DEFINITIONAL_REPRESENTATION('',(#1490),#1494);
#1490 = LINE('',#1491,#1492);
#1491 = CARTESIAN_POINT('',(0.,0.));
#1492 = VECTOR('',#1493,1.);
#1493 = DIRECTION('',(1.,0.));
#1494 = ( GEOMETRIC_REPRESENTATION_CONTEXT(2) 
PARAMETRIC_REPRESENTATION_CONTEXT() REPRESENTATION_CONTEXT('2D SPACE',''
  ) );
#1495 = ORIENTED_EDGE('',*,*,#1451,.F.);
#1496 = ORIENTED_EDGE('',*,*,#839,.T.);
#1497 = ORIENTED_EDGE('',*,*,#1498,.F.);
#1498 = EDGE_CURVE('',#1474,#842,#1499,.T.);
#1499 = SURFACE_CURVE('',#1500,(#1504,#1510),.PCURVE_S1.);
#1500 = LINE('',#1501,#1502);
#1501 = CARTESIAN_POINT('',(-6.8,7.,3.));
#1502 = VECTOR('',#1503,1.);
#1503 = DIRECTION('',(-1.,0.,0.));
#1504 = PCURVE('',#857,#1505);
#1505 = DEFINITIONAL_REPRESENTATION('',(#1506),#1509);
#1506 = B_SPLINE_CURVE_WITH_KNOTS('',1,(#1507,#1508),.UNSPECIFIED.,.F.,
  .F.,(2,2),(-31.4,-28.2),.PIECEWISE_BEZIER_KNOTS.);
#1507 = CARTESIAN_POINT('',(5.,3.2));
#1508 = CARTESIAN_POINT('',(5.,0.));
#1509 = ( GEOMETRIC_REPRESENTATION_CONTEXT(2) 
PARAMETRIC_REPRESENTATION_CONTEXT() REPRESENTATION_CONTEXT('2D SPACE',''
  ) );
#1510 = PCURVE('',#102,#1511);
#1511 = DEFINITIONAL_REPRESENTATION('',(#1512),#1515);
#1512 = B_SPLINE_CURVE_WITH_KNOTS('',1,(#1513,#1514),.UNSPECIFIED.,.F.,
  .F.,(2,2),(-31.4,-28.2),.PIECEWISE_BEZIER_KNOTS.);
#1513 = CARTESIAN_POINT('',(59.6,39.));
#1514 = CARTESIAN_POINT('',(56.4,39.));
#1515 = ( GEOMETRIC_REPRESENTATION_CONTEXT(2) 
PARAMETRIC_REPRESENTATION_CONTEXT() REPRESENTATION_CONTEXT('2D SPACE',''
  ) );
#1516 = ADVANCED_FACE('',(#1517),#799,.T.);
#1517 = FACE_BOUND('',#1518,.T.);
#1518 = EDGE_LOOP('',(#1519,#1540,#1541,#1542));
#1519 = ORIENTED_EDGE('',*,*,#1520,.F.);
#1520 = EDGE_CURVE('',#757,#1406,#1521,.T.);
#1521 = SURFACE_CURVE('',#1522,(#1526,#1533),.PCURVE_S1.);
#1522 = LINE('',#1523,#1524);
#1523 = CARTESIAN_POINT('',(24.6,6.5,-1.E-01));
#1524 = VECTOR('',#1525,1.);
#1525 = DIRECTION('',(0.,0.,1.));
#1526 = PCURVE('',#799,#1527);
#1527 = DEFINITIONAL_REPRESENTATION('',(#1528),#1532);
#1528 = LINE('',#1529,#1530);
#1529 = CARTESIAN_POINT('',(0.,3.2));
#1530 = VECTOR('',#1531,1.);
#1531 = DIRECTION('',(1.,0.));
#1532 = ( GEOMETRIC_REPRESENTATION_CONTEXT(2) 
PARAMETRIC_REPRESENTATION_CONTEXT() REPRESENTATION_CONTEXT('2D SPACE',''
  ) );
#1533 = PCURVE('',#772,#1534);
#1534 = DEFINITIONAL_REPRESENTATION('',(#1535),#1539);
#1535 = LINE('',#1536,#1537);
#1536 = CARTESIAN_POINT('',(1.9,0.5));
#1537 = VECTOR('',#1538,1.);
#1538 = DIRECTION('',(1.,0.));
#1539 = ( GEOMETRIC_REPRESENTATION_CONTEXT(2) 
PARAMETRIC_REPRESENTATION_CONTEXT() REPRESENTATION_CONTEXT('2D SPACE',''
  ) );
#1540 = ORIENTED_EDGE('',*,*,#784,.T.);
#1541 = ORIENTED_EDGE('',*,*,#897,.T.);
#1542 = ORIENTED_EDGE('',*,*,#1405,.T.);
#1543 = ADVANCED_FACE('',(#1544),#772,.F.);
#1544 = FACE_BOUND('',#1545,.F.);
#1545 = EDGE_LOOP('',(#1546,#1547,#1548,#1549,#1550,#1571,#1572,#1573,
    #1593,#1594,#1595,#1596));
#1546 = ORIENTED_EDGE('',*,*,#1473,.F.);
#1547 = ORIENTED_EDGE('',*,*,#1428,.F.);
#1548 = ORIENTED_EDGE('',*,*,#1520,.F.);
#1549 = ORIENTED_EDGE('',*,*,#756,.T.);
#1550 = ORIENTED_EDGE('',*,*,#1551,.T.);
#1551 = EDGE_CURVE('',#729,#1358,#1552,.T.);
#1552 = SURFACE_CURVE('',#1553,(#1557,#1564),.PCURVE_S1.);
#1553 = LINE('',#1554,#1555);
#1554 = CARTESIAN_POINT('',(24.6,29.5,-1.E-01));
#1555 = VECTOR('',#1556,1.);
#1556 = DIRECTION('',(0.,0.,1.));
#1557 = PCURVE('',#772,#1558);
#1558 = DEFINITIONAL_REPRESENTATION('',(#1559),#1563);
#1559 = LINE('',#1560,#1561);
#1560 = CARTESIAN_POINT('',(1.9,-22.5));
#1561 = VECTOR('',#1562,1.);
#1562 = DIRECTION('',(1.,0.));
#1563 = ( GEOMETRIC_REPRESENTATION_CONTEXT(2) 
PARAMETRIC_REPRESENTATION_CONTEXT() REPRESENTATION_CONTEXT('2D SPACE',''
  ) );
#1564 = PCURVE('',#745,#1565);
#1565 = DEFINITIONAL_REPRESENTATION('',(#1566),#1570);
#1566 = LINE('',#1567,#1568);
#1567 = CARTESIAN_POINT('',(0.,3.2));
#1568 = VECTOR('',#1569,1.);
#1569 = DIRECTION('',(1.,0.));
#1570 = ( GEOMETRIC_REPRESENTATION_CONTEXT(2) 
PARAMETRIC_REPRESENTATION_CONTEXT() REPRESENTATION_CONTEXT('2D SPACE',''
  ) );
#1571 = ORIENTED_EDGE('',*,*,#1357,.F.);
#1572 = ORIENTED_EDGE('',*,*,#1288,.T.);
#1573 = ORIENTED_EDGE('',*,*,#1574,.F.);
#1574 = EDGE_CURVE('',#1242,#1291,#1575,.T.);
#1575 = SURFACE_CURVE('',#1576,(#1580,#1587),.PCURVE_S1.);
#1576 = LINE('',#1577,#1578);
#1577 = CARTESIAN_POINT('',(24.6,-2.5,3.));
#1578 = VECTOR('',#1579,1.);
#1579 = DIRECTION('',(0.,1.,0.));
#1580 = PCURVE('',#772,#1581);
#1581 = DEFINITIONAL_REPRESENTATION('',(#1582),#1586);
#1582 = LINE('',#1583,#1584);
#1583 = CARTESIAN_POINT('',(5.,9.5));
#1584 = VECTOR('',#1585,1.);
#1585 = DIRECTION('',(0.,-1.));
#1586 = ( GEOMETRIC_REPRESENTATION_CONTEXT(2) 
PARAMETRIC_REPRESENTATION_CONTEXT() REPRESENTATION_CONTEXT('2D SPACE',''
  ) );
#1587 = PCURVE('',#102,#1588);
#1588 = DEFINITIONAL_REPRESENTATION('',(#1589),#1592);
#1589 = B_SPLINE_CURVE_WITH_KNOTS('',1,(#1590,#1591),.UNSPECIFIED.,.F.,
  .F.,(2,2),(29.5,31.5),.PIECEWISE_BEZIER_KNOTS.);
#1590 = CARTESIAN_POINT('',(59.6,59.));
#1591 = CARTESIAN_POINT('',(59.6,61.));
#1592 = ( GEOMETRIC_REPRESENTATION_CONTEXT(2) 
PARAMETRIC_REPRESENTATION_CONTEXT() REPRESENTATION_CONTEXT('2D SPACE',''
  ) );
#1593 = ORIENTED_EDGE('',*,*,#1241,.F.);
#1594 = ORIENTED_EDGE('',*,*,#1196,.F.);
#1595 = ORIENTED_EDGE('',*,*,#1127,.T.);
#1596 = ORIENTED_EDGE('',*,*,#1597,.F.);
#1597 = EDGE_CURVE('',#1474,#1130,#1598,.T.);
#1598 = SURFACE_CURVE('',#1599,(#1603,#1610),.PCURVE_S1.);
#1599 = LINE('',#1600,#1601);
#1600 = CARTESIAN_POINT('',(24.6,-12.5,3.));
#1601 = VECTOR('',#1602,1.);
#1602 = DIRECTION('',(0.,1.,0.));
#1603 = PCURVE('',#772,#1604);
#1604 = DEFINITIONAL_REPRESENTATION('',(#1605),#1609);
#1605 = LINE('',#1606,#1607);
#1606 = CARTESIAN_POINT('',(5.,19.5));
#1607 = VECTOR('',#1608,1.);
#1608 = DIRECTION('',(0.,-1.));
#1609 = ( GEOMETRIC_REPRESENTATION_CONTEXT(2) 
PARAMETRIC_REPRESENTATION_CONTEXT() REPRESENTATION_CONTEXT('2D SPACE',''
  ) );
#1610 = PCURVE('',#102,#1611);
#1611 = DEFINITIONAL_REPRESENTATION('',(#1612),#1615);
#1612 = B_SPLINE_CURVE_WITH_KNOTS('',1,(#1613,#1614),.UNSPECIFIED.,.F.,
  .F.,(2,2),(19.5,21.5),.PIECEWISE_BEZIER_KNOTS.);
#1613 = CARTESIAN_POINT('',(59.6,39.));
#1614 = CARTESIAN_POINT('',(59.6,41.));
#1615 = ( GEOMETRIC_REPRESENTATION_CONTEXT(2) 
PARAMETRIC_REPRESENTATION_CONTEXT() REPRESENTATION_CONTEXT('2D SPACE',''
  ) );
#1616 = ADVANCED_FACE('',(#1617),#745,.F.);
#1617 = FACE_BOUND('',#1618,.F.);
#1618 = EDGE_LOOP('',(#1619,#1620,#1621,#1622));
#1619 = ORIENTED_EDGE('',*,*,#1551,.F.);
#1620 = ORIENTED_EDGE('',*,*,#728,.T.);
#1621 = ORIENTED_EDGE('',*,*,#919,.T.);
#1622 = ORIENTED_EDGE('',*,*,#1380,.T.);
#1623 = ADVANCED_FACE('',(#1624),#714,.T.);
#1624 = FACE_BOUND('',#1625,.T.);
#1625 = EDGE_LOOP('',(#1626,#1656,#1684,#1705,#1706,#1729,#1757,#1785,
    #1807,#1835,#1863,#1891));
#1626 = ORIENTED_EDGE('',*,*,#1627,.F.);
#1627 = EDGE_CURVE('',#1628,#1630,#1632,.T.);
#1628 = VERTEX_POINT('',#1629);
#1629 = CARTESIAN_POINT('',(-24.6,8.,1.1));
#1630 = VERTEX_POINT('',#1631);
#1631 = CARTESIAN_POINT('',(-24.6,8.,3.));
#1632 = SURFACE_CURVE('',#1633,(#1637,#1644),.PCURVE_S1.);
#1633 = LINE('',#1634,#1635);
#1634 = CARTESIAN_POINT('',(-24.6,8.,-2.));
#1635 = VECTOR('',#1636,1.);
#1636 = DIRECTION('',(0.,0.,1.));
#1637 = PCURVE('',#714,#1638);
#1638 = DEFINITIONAL_REPRESENTATION('',(#1639),#1643);
#1639 = LINE('',#1640,#1641);
#1640 = CARTESIAN_POINT('',(0.,0.));
#1641 = VECTOR('',#1642,1.);
#1642 = DIRECTION('',(1.,0.));
#1643 = ( GEOMETRIC_REPRESENTATION_CONTEXT(2) 
PARAMETRIC_REPRESENTATION_CONTEXT() REPRESENTATION_CONTEXT('2D SPACE',''
  ) );
#1644 = PCURVE('',#1645,#1650);
#1645 = PLANE('',#1646);
#1646 = AXIS2_PLACEMENT_3D('',#1647,#1648,#1649);
#1647 = CARTESIAN_POINT('',(-24.6,8.,-2.));
#1648 = DIRECTION('',(0.,1.,0.));
#1649 = DIRECTION('',(0.,0.,1.));
#1650 = DEFINITIONAL_REPRESENTATION('',(#1651),#1655);
#1651 = LINE('',#1652,#1653);
#1652 = CARTESIAN_POINT('',(0.,0.));
#1653 = VECTOR('',#1654,1.);
#1654 = DIRECTION('',(1.,0.));
#1655 = ( GEOMETRIC_REPRESENTATION_CONTEXT(2) 
PARAMETRIC_REPRESENTATION_CONTEXT() REPRESENTATION_CONTEXT('2D SPACE',''
  ) );
#1656 = ORIENTED_EDGE('',*,*,#1657,.F.);
#1657 = EDGE_CURVE('',#1658,#1628,#1660,.T.);
#1658 = VERTEX_POINT('',#1659);
#1659 = CARTESIAN_POINT('',(-24.6,7.5,1.1));
#1660 = SURFACE_CURVE('',#1661,(#1665,#1672),.PCURVE_S1.);
#1661 = LINE('',#1662,#1663);
#1662 = CARTESIAN_POINT('',(-24.6,7.5,1.1));
#1663 = VECTOR('',#1664,1.);
#1664 = DIRECTION('',(0.,1.,0.));
#1665 = PCURVE('',#714,#1666);
#1666 = DEFINITIONAL_REPRESENTATION('',(#1667),#1671);
#1667 = LINE('',#1668,#1669);
#1668 = CARTESIAN_POINT('',(3.1,0.5));
#1669 = VECTOR('',#1670,1.);
#1670 = DIRECTION('',(0.,-1.));
#1671 = ( GEOMETRIC_REPRESENTATION_CONTEXT(2) 
PARAMETRIC_REPRESENTATION_CONTEXT() REPRESENTATION_CONTEXT('2D SPACE',''
  ) );
#1672 = PCURVE('',#1673,#1678);
#1673 = PLANE('',#1674);
#1674 = AXIS2_PLACEMENT_3D('',#1675,#1676,#1677);
#1675 = CARTESIAN_POINT('',(-24.6,7.5,1.1));
#1676 = DIRECTION('',(0.,0.,1.));
#1677 = DIRECTION('',(1.,0.,0.));
#1678 = DEFINITIONAL_REPRESENTATION('',(#1679),#1683);
#1679 = LINE('',#1680,#1681);
#1680 = CARTESIAN_POINT('',(0.,0.));
#1681 = VECTOR('',#1682,1.);
#1682 = DIRECTION('',(0.,1.));
#1683 = ( GEOMETRIC_REPRESENTATION_CONTEXT(2) 
PARAMETRIC_REPRESENTATION_CONTEXT() REPRESENTATION_CONTEXT('2D SPACE',''
  ) );
#1684 = ORIENTED_EDGE('',*,*,#1685,.F.);
#1685 = EDGE_CURVE('',#675,#1658,#1686,.T.);
#1686 = SURFACE_CURVE('',#1687,(#1691,#1698),.PCURVE_S1.);
#1687 = LINE('',#1688,#1689);
#1688 = CARTESIAN_POINT('',(-24.6,7.5,-1.E-01));
#1689 = VECTOR('',#1690,1.);
#1690 = DIRECTION('',(0.,0.,1.));
#1691 = PCURVE('',#714,#1692);
#1692 = DEFINITIONAL_REPRESENTATION('',(#1693),#1697);
#1693 = LINE('',#1694,#1695);
#1694 = CARTESIAN_POINT('',(1.9,0.5));
#1695 = VECTOR('',#1696,1.);
#1696 = DIRECTION('',(1.,0.));
#1697 = ( GEOMETRIC_REPRESENTATION_CONTEXT(2) 
PARAMETRIC_REPRESENTATION_CONTEXT() REPRESENTATION_CONTEXT('2D SPACE',''
  ) );
#1698 = PCURVE('',#689,#1699);
#1699 = DEFINITIONAL_REPRESENTATION('',(#1700),#1704);
#1700 = LINE('',#1701,#1702);
#1701 = CARTESIAN_POINT('',(0.,0.));
#1702 = VECTOR('',#1703,1.);
#1703 = DIRECTION('',(1.,0.));
#1704 = ( GEOMETRIC_REPRESENTATION_CONTEXT(2) 
PARAMETRIC_REPRESENTATION_CONTEXT() REPRESENTATION_CONTEXT('2D SPACE',''
  ) );
#1705 = ORIENTED_EDGE('',*,*,#700,.F.);
#1706 = ORIENTED_EDGE('',*,*,#1707,.T.);
#1707 = EDGE_CURVE('',#621,#1708,#1710,.T.);
#1708 = VERTEX_POINT('',#1709);
#1709 = CARTESIAN_POINT('',(-24.6,28.5,1.1));
#1710 = SURFACE_CURVE('',#1711,(#1715,#1722),.PCURVE_S1.);
#1711 = LINE('',#1712,#1713);
#1712 = CARTESIAN_POINT('',(-24.6,28.5,-1.E-01));
#1713 = VECTOR('',#1714,1.);
#1714 = DIRECTION('',(0.,0.,1.));
#1715 = PCURVE('',#714,#1716);
#1716 = DEFINITIONAL_REPRESENTATION('',(#1717),#1721);
#1717 = LINE('',#1718,#1719);
#1718 = CARTESIAN_POINT('',(1.9,-20.5));
#1719 = VECTOR('',#1720,1.);
#1720 = DIRECTION('',(1.,0.));
#1721 = ( GEOMETRIC_REPRESENTATION_CONTEXT(2) 
PARAMETRIC_REPRESENTATION_CONTEXT() REPRESENTATION_CONTEXT('2D SPACE',''
  ) );
#1722 = PCURVE('',#635,#1723);
#1723 = DEFINITIONAL_REPRESENTATION('',(#1724),#1728);
#1724 = LINE('',#1725,#1726);
#1725 = CARTESIAN_POINT('',(0.,0.));
#1726 = VECTOR('',#1727,1.);
#1727 = DIRECTION('',(1.,0.));
#1728 = ( GEOMETRIC_REPRESENTATION_CONTEXT(2) 
PARAMETRIC_REPRESENTATION_CONTEXT() REPRESENTATION_CONTEXT('2D SPACE',''
  ) );
#1729 = ORIENTED_EDGE('',*,*,#1730,.F.);
#1730 = EDGE_CURVE('',#1731,#1708,#1733,.T.);
#1731 = VERTEX_POINT('',#1732);
#1732 = CARTESIAN_POINT('',(-24.6,28.,1.1));
#1733 = SURFACE_CURVE('',#1734,(#1738,#1745),.PCURVE_S1.);
#1734 = LINE('',#1735,#1736);
#1735 = CARTESIAN_POINT('',(-24.6,7.5,1.1));
#1736 = VECTOR('',#1737,1.);
#1737 = DIRECTION('',(0.,1.,0.));
#1738 = PCURVE('',#714,#1739);
#1739 = DEFINITIONAL_REPRESENTATION('',(#1740),#1744);
#1740 = LINE('',#1741,#1742);
#1741 = CARTESIAN_POINT('',(3.1,0.5));
#1742 = VECTOR('',#1743,1.);
#1743 = DIRECTION('',(0.,-1.));
#1744 = ( GEOMETRIC_REPRESENTATION_CONTEXT(2) 
PARAMETRIC_REPRESENTATION_CONTEXT() REPRESENTATION_CONTEXT('2D SPACE',''
  ) );
#1745 = PCURVE('',#1746,#1751);
#1746 = PLANE('',#1747);
#1747 = AXIS2_PLACEMENT_3D('',#1748,#1749,#1750);
#1748 = CARTESIAN_POINT('',(-24.6,7.5,1.1));
#1749 = DIRECTION('',(0.,0.,1.));
#1750 = DIRECTION('',(1.,0.,0.));
#1751 = DEFINITIONAL_REPRESENTATION('',(#1752),#1756);
#1752 = LINE('',#1753,#1754);
#1753 = CARTESIAN_POINT('',(0.,0.));
#1754 = VECTOR('',#1755,1.);
#1755 = DIRECTION('',(0.,1.));
#1756 = ( GEOMETRIC_REPRESENTATION_CONTEXT(2) 
PARAMETRIC_REPRESENTATION_CONTEXT() REPRESENTATION_CONTEXT('2D SPACE',''
  ) );
#1757 = ORIENTED_EDGE('',*,*,#1758,.T.);
#1758 = EDGE_CURVE('',#1731,#1759,#1761,.T.);
#1759 = VERTEX_POINT('',#1760);
#1760 = CARTESIAN_POINT('',(-24.6,28.,3.));
#1761 = SURFACE_CURVE('',#1762,(#1766,#1773),.PCURVE_S1.);
#1762 = LINE('',#1763,#1764);
#1763 = CARTESIAN_POINT('',(-24.6,28.,-2.));
#1764 = VECTOR('',#1765,1.);
#1765 = DIRECTION('',(0.,0.,1.));
#1766 = PCURVE('',#714,#1767);
#1767 = DEFINITIONAL_REPRESENTATION('',(#1768),#1772);
#1768 = LINE('',#1769,#1770);
#1769 = CARTESIAN_POINT('',(0.,-20.));
#1770 = VECTOR('',#1771,1.);
#1771 = DIRECTION('',(1.,0.));
#1772 = ( GEOMETRIC_REPRESENTATION_CONTEXT(2) 
PARAMETRIC_REPRESENTATION_CONTEXT() REPRESENTATION_CONTEXT('2D SPACE',''
  ) );
#1773 = PCURVE('',#1774,#1779);
#1774 = PLANE('',#1775);
#1775 = AXIS2_PLACEMENT_3D('',#1776,#1777,#1778);
#1776 = CARTESIAN_POINT('',(-24.6,28.,-2.));
#1777 = DIRECTION('',(0.,1.,0.));
#1778 = DIRECTION('',(0.,0.,1.));
#1779 = DEFINITIONAL_REPRESENTATION('',(#1780),#1784);
#1780 = LINE('',#1781,#1782);
#1781 = CARTESIAN_POINT('',(0.,0.));
#1782 = VECTOR('',#1783,1.);
#1783 = DIRECTION('',(1.,0.));
#1784 = ( GEOMETRIC_REPRESENTATION_CONTEXT(2) 
PARAMETRIC_REPRESENTATION_CONTEXT() REPRESENTATION_CONTEXT('2D SPACE',''
  ) );
#1785 = ORIENTED_EDGE('',*,*,#1786,.F.);
#1786 = EDGE_CURVE('',#1787,#1759,#1789,.T.);
#1787 = VERTEX_POINT('',#1788);
#1788 = CARTESIAN_POINT('',(-24.6,26.,3.));
#1789 = SURFACE_CURVE('',#1790,(#1794,#1801),.PCURVE_S1.);
#1790 = LINE('',#1791,#1792);
#1791 = CARTESIAN_POINT('',(-24.6,-3.,3.));
#1792 = VECTOR('',#1793,1.);
#1793 = DIRECTION('',(0.,1.,0.));
#1794 = PCURVE('',#714,#1795);
#1795 = DEFINITIONAL_REPRESENTATION('',(#1796),#1800);
#1796 = LINE('',#1797,#1798);
#1797 = CARTESIAN_POINT('',(5.,11.));
#1798 = VECTOR('',#1799,1.);
#1799 = DIRECTION('',(0.,-1.));
#1800 = ( GEOMETRIC_REPRESENTATION_CONTEXT(2) 
PARAMETRIC_REPRESENTATION_CONTEXT() REPRESENTATION_CONTEXT('2D SPACE',''
  ) );
#1801 = PCURVE('',#102,#1802);
#1802 = DEFINITIONAL_REPRESENTATION('',(#1803),#1806);
#1803 = B_SPLINE_CURVE_WITH_KNOTS('',1,(#1804,#1805),.UNSPECIFIED.,.F.,
  .F.,(2,2),(29.,31.),.PIECEWISE_BEZIER_KNOTS.);
#1804 = CARTESIAN_POINT('',(10.4,58.));
#1805 = CARTESIAN_POINT('',(10.4,60.));
#1806 = ( GEOMETRIC_REPRESENTATION_CONTEXT(2) 
PARAMETRIC_REPRESENTATION_CONTEXT() REPRESENTATION_CONTEXT('2D SPACE',''
  ) );
#1807 = ORIENTED_EDGE('',*,*,#1808,.F.);
#1808 = EDGE_CURVE('',#1809,#1787,#1811,.T.);
#1809 = VERTEX_POINT('',#1810);
#1810 = CARTESIAN_POINT('',(-24.6,26.,1.1));
#1811 = SURFACE_CURVE('',#1812,(#1816,#1823),.PCURVE_S1.);
#1812 = LINE('',#1813,#1814);
#1813 = CARTESIAN_POINT('',(-24.6,26.,-2.));
#1814 = VECTOR('',#1815,1.);
#1815 = DIRECTION('',(0.,0.,1.));
#1816 = PCURVE('',#714,#1817);
#1817 = DEFINITIONAL_REPRESENTATION('',(#1818),#1822);
#1818 = LINE('',#1819,#1820);
#1819 = CARTESIAN_POINT('',(0.,-18.));
#1820 = VECTOR('',#1821,1.);
#1821 = DIRECTION('',(1.,0.));
#1822 = ( GEOMETRIC_REPRESENTATION_CONTEXT(2) 
PARAMETRIC_REPRESENTATION_CONTEXT() REPRESENTATION_CONTEXT('2D SPACE',''
  ) );
#1823 = PCURVE('',#1824,#1829);
#1824 = PLANE('',#1825);
#1825 = AXIS2_PLACEMENT_3D('',#1826,#1827,#1828);
#1826 = CARTESIAN_POINT('',(-24.6,26.,-2.));
#1827 = DIRECTION('',(0.,1.,0.));
#1828 = DIRECTION('',(0.,0.,1.));
#1829 = DEFINITIONAL_REPRESENTATION('',(#1830),#1834);
#1830 = LINE('',#1831,#1832);
#1831 = CARTESIAN_POINT('',(0.,0.));
#1832 = VECTOR('',#1833,1.);
#1833 = DIRECTION('',(1.,0.));
#1834 = ( GEOMETRIC_REPRESENTATION_CONTEXT(2) 
PARAMETRIC_REPRESENTATION_CONTEXT() REPRESENTATION_CONTEXT('2D SPACE',''
  ) );
#1835 = ORIENTED_EDGE('',*,*,#1836,.F.);
#1836 = EDGE_CURVE('',#1837,#1809,#1839,.T.);
#1837 = VERTEX_POINT('',#1838);
#1838 = CARTESIAN_POINT('',(-24.6,10.,1.1));
#1839 = SURFACE_CURVE('',#1840,(#1844,#1851),.PCURVE_S1.);
#1840 = LINE('',#1841,#1842);
#1841 = CARTESIAN_POINT('',(-24.6,7.5,1.1));
#1842 = VECTOR('',#1843,1.);
#1843 = DIRECTION('',(0.,1.,0.));
#1844 = PCURVE('',#714,#1845);
#1845 = DEFINITIONAL_REPRESENTATION('',(#1846),#1850);
#1846 = LINE('',#1847,#1848);
#1847 = CARTESIAN_POINT('',(3.1,0.5));
#1848 = VECTOR('',#1849,1.);
#1849 = DIRECTION('',(0.,-1.));
#1850 = ( GEOMETRIC_REPRESENTATION_CONTEXT(2) 
PARAMETRIC_REPRESENTATION_CONTEXT() REPRESENTATION_CONTEXT('2D SPACE',''
  ) );
#1851 = PCURVE('',#1852,#1857);
#1852 = PLANE('',#1853);
#1853 = AXIS2_PLACEMENT_3D('',#1854,#1855,#1856);
#1854 = CARTESIAN_POINT('',(-24.6,7.5,1.1));
#1855 = DIRECTION('',(0.,0.,1.));
#1856 = DIRECTION('',(1.,0.,0.));
#1857 = DEFINITIONAL_REPRESENTATION('',(#1858),#1862);
#1858 = LINE('',#1859,#1860);
#1859 = CARTESIAN_POINT('',(0.,0.));
#1860 = VECTOR('',#1861,1.);
#1861 = DIRECTION('',(0.,1.));
#1862 = ( GEOMETRIC_REPRESENTATION_CONTEXT(2) 
PARAMETRIC_REPRESENTATION_CONTEXT() REPRESENTATION_CONTEXT('2D SPACE',''
  ) );
#1863 = ORIENTED_EDGE('',*,*,#1864,.T.);
#1864 = EDGE_CURVE('',#1837,#1865,#1867,.T.);
#1865 = VERTEX_POINT('',#1866);
#1866 = CARTESIAN_POINT('',(-24.6,10.,3.));
#1867 = SURFACE_CURVE('',#1868,(#1872,#1879),.PCURVE_S1.);
#1868 = LINE('',#1869,#1870);
#1869 = CARTESIAN_POINT('',(-24.6,10.,-2.));
#1870 = VECTOR('',#1871,1.);
#1871 = DIRECTION('',(0.,0.,1.));
#1872 = PCURVE('',#714,#1873);
#1873 = DEFINITIONAL_REPRESENTATION('',(#1874),#1878);
#1874 = LINE('',#1875,#1876);
#1875 = CARTESIAN_POINT('',(0.,-2.));
#1876 = VECTOR('',#1877,1.);
#1877 = DIRECTION('',(1.,0.));
#1878 = ( GEOMETRIC_REPRESENTATION_CONTEXT(2) 
PARAMETRIC_REPRESENTATION_CONTEXT() REPRESENTATION_CONTEXT('2D SPACE',''
  ) );
#1879 = PCURVE('',#1880,#1885);
#1880 = PLANE('',#1881);
#1881 = AXIS2_PLACEMENT_3D('',#1882,#1883,#1884);
#1882 = CARTESIAN_POINT('',(-24.6,10.,-2.));
#1883 = DIRECTION('',(0.,1.,0.));
#1884 = DIRECTION('',(0.,0.,1.));
#1885 = DEFINITIONAL_REPRESENTATION('',(#1886),#1890);
#1886 = LINE('',#1887,#1888);
#1887 = CARTESIAN_POINT('',(0.,0.));
#1888 = VECTOR('',#1889,1.);
#1889 = DIRECTION('',(1.,0.));
#1890 = ( GEOMETRIC_REPRESENTATION_CONTEXT(2) 
PARAMETRIC_REPRESENTATION_CONTEXT() REPRESENTATION_CONTEXT('2D SPACE',''
  ) );
#1891 = ORIENTED_EDGE('',*,*,#1892,.F.);
#1892 = EDGE_CURVE('',#1630,#1865,#1893,.T.);
#1893 = SURFACE_CURVE('',#1894,(#1898,#1905),.PCURVE_S1.);
#1894 = LINE('',#1895,#1896);
#1895 = CARTESIAN_POINT('',(-24.6,-12.,3.));
#1896 = VECTOR('',#1897,1.);
#1897 = DIRECTION('',(0.,1.,0.));
#1898 = PCURVE('',#714,#1899);
#1899 = DEFINITIONAL_REPRESENTATION('',(#1900),#1904);
#1900 = LINE('',#1901,#1902);
#1901 = CARTESIAN_POINT('',(5.,20.));
#1902 = VECTOR('',#1903,1.);
#1903 = DIRECTION('',(0.,-1.));
#1904 = ( GEOMETRIC_REPRESENTATION_CONTEXT(2) 
PARAMETRIC_REPRESENTATION_CONTEXT() REPRESENTATION_CONTEXT('2D SPACE',''
  ) );
#1905 = PCURVE('',#102,#1906);
#1906 = DEFINITIONAL_REPRESENTATION('',(#1907),#1910);
#1907 = B_SPLINE_CURVE_WITH_KNOTS('',1,(#1908,#1909),.UNSPECIFIED.,.F.,
  .F.,(2,2),(20.,22.),.PIECEWISE_BEZIER_KNOTS.);
#1908 = CARTESIAN_POINT('',(10.4,40.));
#1909 = CARTESIAN_POINT('',(10.4,42.));
#1910 = ( GEOMETRIC_REPRESENTATION_CONTEXT(2) 
PARAMETRIC_REPRESENTATION_CONTEXT() REPRESENTATION_CONTEXT('2D SPACE',''
  ) );
#1911 = ADVANCED_FACE('',(#1912),#1880,.F.);
#1912 = FACE_BOUND('',#1913,.F.);
#1913 = EDGE_LOOP('',(#1914,#1939,#1958,#1959));
#1914 = ORIENTED_EDGE('',*,*,#1915,.F.);
#1915 = EDGE_CURVE('',#1916,#1918,#1920,.T.);
#1916 = VERTEX_POINT('',#1917);
#1917 = CARTESIAN_POINT('',(-21.4,10.,1.1));
#1918 = VERTEX_POINT('',#1919);
#1919 = CARTESIAN_POINT('',(-21.4,10.,3.));
#1920 = SURFACE_CURVE('',#1921,(#1925,#1932),.PCURVE_S1.);
#1921 = LINE('',#1922,#1923);
#1922 = CARTESIAN_POINT('',(-21.4,10.,-2.));
#1923 = VECTOR('',#1924,1.);
#1924 = DIRECTION('',(0.,0.,1.));
#1925 = PCURVE('',#1880,#1926);
#1926 = DEFINITIONAL_REPRESENTATION('',(#1927),#1931);
#1927 = LINE('',#1928,#1929);
#1928 = CARTESIAN_POINT('',(0.,3.2));
#1929 = VECTOR('',#1930,1.);
#1930 = DIRECTION('',(1.,0.));
#1931 = ( GEOMETRIC_REPRESENTATION_CONTEXT(2) 
PARAMETRIC_REPRESENTATION_CONTEXT() REPRESENTATION_CONTEXT('2D SPACE',''
  ) );
#1932 = PCURVE('',#662,#1933);
#1933 = DEFINITIONAL_REPRESENTATION('',(#1934),#1938);
#1934 = LINE('',#1935,#1936);
#1935 = CARTESIAN_POINT('',(0.,-2.));
#1936 = VECTOR('',#1937,1.);
#1937 = DIRECTION('',(1.,0.));
#1938 = ( GEOMETRIC_REPRESENTATION_CONTEXT(2) 
PARAMETRIC_REPRESENTATION_CONTEXT() REPRESENTATION_CONTEXT('2D SPACE',''
  ) );
#1939 = ORIENTED_EDGE('',*,*,#1940,.F.);
#1940 = EDGE_CURVE('',#1837,#1916,#1941,.T.);
#1941 = SURFACE_CURVE('',#1942,(#1946,#1952),.PCURVE_S1.);
#1942 = LINE('',#1943,#1944);
#1943 = CARTESIAN_POINT('',(-24.6,10.,1.1));
#1944 = VECTOR('',#1945,1.);
#1945 = DIRECTION('',(1.,0.,0.));
#1946 = PCURVE('',#1880,#1947);
#1947 = DEFINITIONAL_REPRESENTATION('',(#1948),#1951);
#1948 = B_SPLINE_CURVE_WITH_KNOTS('',1,(#1949,#1950),.UNSPECIFIED.,.F.,
  .F.,(2,2),(0.,3.2),.PIECEWISE_BEZIER_KNOTS.);
#1949 = CARTESIAN_POINT('',(3.1,0.));
#1950 = CARTESIAN_POINT('',(3.1,3.2));
#1951 = ( GEOMETRIC_REPRESENTATION_CONTEXT(2) 
PARAMETRIC_REPRESENTATION_CONTEXT() REPRESENTATION_CONTEXT('2D SPACE',''
  ) );
#1952 = PCURVE('',#1852,#1953);
#1953 = DEFINITIONAL_REPRESENTATION('',(#1954),#1957);
#1954 = B_SPLINE_CURVE_WITH_KNOTS('',1,(#1955,#1956),.UNSPECIFIED.,.F.,
  .F.,(2,2),(0.,3.2),.PIECEWISE_BEZIER_KNOTS.);
#1955 = CARTESIAN_POINT('',(0.,2.5));
#1956 = CARTESIAN_POINT('',(3.2,2.5));
#1957 = ( GEOMETRIC_REPRESENTATION_CONTEXT(2) 
PARAMETRIC_REPRESENTATION_CONTEXT() REPRESENTATION_CONTEXT('2D SPACE',''
  ) );
#1958 = ORIENTED_EDGE('',*,*,#1864,.T.);
#1959 = ORIENTED_EDGE('',*,*,#1960,.F.);
#1960 = EDGE_CURVE('',#1918,#1865,#1961,.T.);
#1961 = SURFACE_CURVE('',#1962,(#1966,#1972),.PCURVE_S1.);
#1962 = LINE('',#1963,#1964);
#1963 = CARTESIAN_POINT('',(-29.8,10.,3.));
#1964 = VECTOR('',#1965,1.);
#1965 = DIRECTION('',(-1.,0.,0.));
#1966 = PCURVE('',#1880,#1967);
#1967 = DEFINITIONAL_REPRESENTATION('',(#1968),#1971);
#1968 = B_SPLINE_CURVE_WITH_KNOTS('',1,(#1969,#1970),.UNSPECIFIED.,.F.,
  .F.,(2,2),(-8.4,-5.2),.PIECEWISE_BEZIER_KNOTS.);
#1969 = CARTESIAN_POINT('',(5.,3.2));
#1970 = CARTESIAN_POINT('',(5.,0.));
#1971 = ( GEOMETRIC_REPRESENTATION_CONTEXT(2) 
PARAMETRIC_REPRESENTATION_CONTEXT() REPRESENTATION_CONTEXT('2D SPACE',''
  ) );
#1972 = PCURVE('',#102,#1973);
#1973 = DEFINITIONAL_REPRESENTATION('',(#1974),#1977);
#1974 = B_SPLINE_CURVE_WITH_KNOTS('',1,(#1975,#1976),.UNSPECIFIED.,.F.,
  .F.,(2,2),(-8.4,-5.2),.PIECEWISE_BEZIER_KNOTS.);
#1975 = CARTESIAN_POINT('',(13.6,42.));
#1976 = CARTESIAN_POINT('',(10.4,42.));
#1977 = ( GEOMETRIC_REPRESENTATION_CONTEXT(2) 
PARAMETRIC_REPRESENTATION_CONTEXT() REPRESENTATION_CONTEXT('2D SPACE',''
  ) );
#1978 = ADVANCED_FACE('',(#1979),#1852,.F.);
#1979 = FACE_BOUND('',#1980,.F.);
#1980 = EDGE_LOOP('',(#1981,#1982,#1983,#2006));
#1981 = ORIENTED_EDGE('',*,*,#1836,.F.);
#1982 = ORIENTED_EDGE('',*,*,#1940,.T.);
#1983 = ORIENTED_EDGE('',*,*,#1984,.T.);
#1984 = EDGE_CURVE('',#1916,#1985,#1987,.T.);
#1985 = VERTEX_POINT('',#1986);
#1986 = CARTESIAN_POINT('',(-21.4,26.,1.1));
#1987 = SURFACE_CURVE('',#1988,(#1992,#1999),.PCURVE_S1.);
#1988 = LINE('',#1989,#1990);
#1989 = CARTESIAN_POINT('',(-21.4,7.5,1.1));
#1990 = VECTOR('',#1991,1.);
#1991 = DIRECTION('',(0.,1.,0.));
#1992 = PCURVE('',#1852,#1993);
#1993 = DEFINITIONAL_REPRESENTATION('',(#1994),#1998);
#1994 = LINE('',#1995,#1996);
#1995 = CARTESIAN_POINT('',(3.2,0.));
#1996 = VECTOR('',#1997,1.);
#1997 = DIRECTION('',(0.,1.));
#1998 = ( GEOMETRIC_REPRESENTATION_CONTEXT(2) 
PARAMETRIC_REPRESENTATION_CONTEXT() REPRESENTATION_CONTEXT('2D SPACE',''
  ) );
#1999 = PCURVE('',#662,#2000);
#2000 = DEFINITIONAL_REPRESENTATION('',(#2001),#2005);
#2001 = LINE('',#2002,#2003);
#2002 = CARTESIAN_POINT('',(3.1,0.5));
#2003 = VECTOR('',#2004,1.);
#2004 = DIRECTION('',(0.,-1.));
#2005 = ( GEOMETRIC_REPRESENTATION_CONTEXT(2) 
PARAMETRIC_REPRESENTATION_CONTEXT() REPRESENTATION_CONTEXT('2D SPACE',''
  ) );
#2006 = ORIENTED_EDGE('',*,*,#2007,.F.);
#2007 = EDGE_CURVE('',#1809,#1985,#2008,.T.);
#2008 = SURFACE_CURVE('',#2009,(#2013,#2019),.PCURVE_S1.);
#2009 = LINE('',#2010,#2011);
#2010 = CARTESIAN_POINT('',(-24.6,26.,1.1));
#2011 = VECTOR('',#2012,1.);
#2012 = DIRECTION('',(1.,0.,0.));
#2013 = PCURVE('',#1852,#2014);
#2014 = DEFINITIONAL_REPRESENTATION('',(#2015),#2018);
#2015 = B_SPLINE_CURVE_WITH_KNOTS('',1,(#2016,#2017),.UNSPECIFIED.,.F.,
  .F.,(2,2),(0.,3.2),.PIECEWISE_BEZIER_KNOTS.);
#2016 = CARTESIAN_POINT('',(0.,18.5));
#2017 = CARTESIAN_POINT('',(3.2,18.5));
#2018 = ( GEOMETRIC_REPRESENTATION_CONTEXT(2) 
PARAMETRIC_REPRESENTATION_CONTEXT() REPRESENTATION_CONTEXT('2D SPACE',''
  ) );
#2019 = PCURVE('',#1824,#2020);
#2020 = DEFINITIONAL_REPRESENTATION('',(#2021),#2024);
#2021 = B_SPLINE_CURVE_WITH_KNOTS('',1,(#2022,#2023),.UNSPECIFIED.,.F.,
  .F.,(2,2),(0.,3.2),.PIECEWISE_BEZIER_KNOTS.);
#2022 = CARTESIAN_POINT('',(3.1,0.));
#2023 = CARTESIAN_POINT('',(3.1,3.2));
#2024 = ( GEOMETRIC_REPRESENTATION_CONTEXT(2) 
PARAMETRIC_REPRESENTATION_CONTEXT() REPRESENTATION_CONTEXT('2D SPACE',''
  ) );
#2025 = ADVANCED_FACE('',(#2026),#1824,.T.);
#2026 = FACE_BOUND('',#2027,.T.);
#2027 = EDGE_LOOP('',(#2028,#2051,#2052,#2053));
#2028 = ORIENTED_EDGE('',*,*,#2029,.F.);
#2029 = EDGE_CURVE('',#1985,#2030,#2032,.T.);
#2030 = VERTEX_POINT('',#2031);
#2031 = CARTESIAN_POINT('',(-21.4,26.,3.));
#2032 = SURFACE_CURVE('',#2033,(#2037,#2044),.PCURVE_S1.);
#2033 = LINE('',#2034,#2035);
#2034 = CARTESIAN_POINT('',(-21.4,26.,-2.));
#2035 = VECTOR('',#2036,1.);
#2036 = DIRECTION('',(0.,0.,1.));
#2037 = PCURVE('',#1824,#2038);
#2038 = DEFINITIONAL_REPRESENTATION('',(#2039),#2043);
#2039 = LINE('',#2040,#2041);
#2040 = CARTESIAN_POINT('',(0.,3.2));
#2041 = VECTOR('',#2042,1.);
#2042 = DIRECTION('',(1.,0.));
#2043 = ( GEOMETRIC_REPRESENTATION_CONTEXT(2) 
PARAMETRIC_REPRESENTATION_CONTEXT() REPRESENTATION_CONTEXT('2D SPACE',''
  ) );
#2044 = PCURVE('',#662,#2045);
#2045 = DEFINITIONAL_REPRESENTATION('',(#2046),#2050);
#2046 = LINE('',#2047,#2048);
#2047 = CARTESIAN_POINT('',(0.,-18.));
#2048 = VECTOR('',#2049,1.);
#2049 = DIRECTION('',(1.,0.));
#2050 = ( GEOMETRIC_REPRESENTATION_CONTEXT(2) 
PARAMETRIC_REPRESENTATION_CONTEXT() REPRESENTATION_CONTEXT('2D SPACE',''
  ) );
#2051 = ORIENTED_EDGE('',*,*,#2007,.F.);
#2052 = ORIENTED_EDGE('',*,*,#1808,.T.);
#2053 = ORIENTED_EDGE('',*,*,#2054,.F.);
#2054 = EDGE_CURVE('',#2030,#1787,#2055,.T.);
#2055 = SURFACE_CURVE('',#2056,(#2060,#2066),.PCURVE_S1.);
#2056 = LINE('',#2057,#2058);
#2057 = CARTESIAN_POINT('',(-29.8,26.,3.));
#2058 = VECTOR('',#2059,1.);
#2059 = DIRECTION('',(-1.,0.,0.));
#2060 = PCURVE('',#1824,#2061);
#2061 = DEFINITIONAL_REPRESENTATION('',(#2062),#2065);
#2062 = B_SPLINE_CURVE_WITH_KNOTS('',1,(#2063,#2064),.UNSPECIFIED.,.F.,
  .F.,(2,2),(-8.4,-5.2),.PIECEWISE_BEZIER_KNOTS.);
#2063 = CARTESIAN_POINT('',(5.,3.2));
#2064 = CARTESIAN_POINT('',(5.,0.));
#2065 = ( GEOMETRIC_REPRESENTATION_CONTEXT(2) 
PARAMETRIC_REPRESENTATION_CONTEXT() REPRESENTATION_CONTEXT('2D SPACE',''
  ) );
#2066 = PCURVE('',#102,#2067);
#2067 = DEFINITIONAL_REPRESENTATION('',(#2068),#2071);
#2068 = B_SPLINE_CURVE_WITH_KNOTS('',1,(#2069,#2070),.UNSPECIFIED.,.F.,
  .F.,(2,2),(-8.4,-5.2),.PIECEWISE_BEZIER_KNOTS.);
#2069 = CARTESIAN_POINT('',(13.6,58.));
#2070 = CARTESIAN_POINT('',(10.4,58.));
#2071 = ( GEOMETRIC_REPRESENTATION_CONTEXT(2) 
PARAMETRIC_REPRESENTATION_CONTEXT() REPRESENTATION_CONTEXT('2D SPACE',''
  ) );
#2072 = ADVANCED_FACE('',(#2073),#1774,.F.);
#2073 = FACE_BOUND('',#2074,.F.);
#2074 = EDGE_LOOP('',(#2075,#2100,#2119,#2120));
#2075 = ORIENTED_EDGE('',*,*,#2076,.F.);
#2076 = EDGE_CURVE('',#2077,#2079,#2081,.T.);
#2077 = VERTEX_POINT('',#2078);
#2078 = CARTESIAN_POINT('',(-21.4,28.,1.1));
#2079 = VERTEX_POINT('',#2080);
#2080 = CARTESIAN_POINT('',(-21.4,28.,3.));
#2081 = SURFACE_CURVE('',#2082,(#2086,#2093),.PCURVE_S1.);
#2082 = LINE('',#2083,#2084);
#2083 = CARTESIAN_POINT('',(-21.4,28.,-2.));
#2084 = VECTOR('',#2085,1.);
#2085 = DIRECTION('',(0.,0.,1.));
#2086 = PCURVE('',#1774,#2087);
#2087 = DEFINITIONAL_REPRESENTATION('',(#2088),#2092);
#2088 = LINE('',#2089,#2090);
#2089 = CARTESIAN_POINT('',(0.,3.2));
#2090 = VECTOR('',#2091,1.);
#2091 = DIRECTION('',(1.,0.));
#2092 = ( GEOMETRIC_REPRESENTATION_CONTEXT(2) 
PARAMETRIC_REPRESENTATION_CONTEXT() REPRESENTATION_CONTEXT('2D SPACE',''
  ) );
#2093 = PCURVE('',#662,#2094);
#2094 = DEFINITIONAL_REPRESENTATION('',(#2095),#2099);
#2095 = LINE('',#2096,#2097);
#2096 = CARTESIAN_POINT('',(0.,-20.));
#2097 = VECTOR('',#2098,1.);
#2098 = DIRECTION('',(1.,0.));
#2099 = ( GEOMETRIC_REPRESENTATION_CONTEXT(2) 
PARAMETRIC_REPRESENTATION_CONTEXT() REPRESENTATION_CONTEXT('2D SPACE',''
  ) );
#2100 = ORIENTED_EDGE('',*,*,#2101,.F.);
#2101 = EDGE_CURVE('',#1731,#2077,#2102,.T.);
#2102 = SURFACE_CURVE('',#2103,(#2107,#2113),.PCURVE_S1.);
#2103 = LINE('',#2104,#2105);
#2104 = CARTESIAN_POINT('',(-24.6,28.,1.1));
#2105 = VECTOR('',#2106,1.);
#2106 = DIRECTION('',(1.,0.,0.));
#2107 = PCURVE('',#1774,#2108);
#2108 = DEFINITIONAL_REPRESENTATION('',(#2109),#2112);
#2109 = B_SPLINE_CURVE_WITH_KNOTS('',1,(#2110,#2111),.UNSPECIFIED.,.F.,
  .F.,(2,2),(0.,3.2),.PIECEWISE_BEZIER_KNOTS.);
#2110 = CARTESIAN_POINT('',(3.1,0.));
#2111 = CARTESIAN_POINT('',(3.1,3.2));
#2112 = ( GEOMETRIC_REPRESENTATION_CONTEXT(2) 
PARAMETRIC_REPRESENTATION_CONTEXT() REPRESENTATION_CONTEXT('2D SPACE',''
  ) );
#2113 = PCURVE('',#1746,#2114);
#2114 = DEFINITIONAL_REPRESENTATION('',(#2115),#2118);
#2115 = B_SPLINE_CURVE_WITH_KNOTS('',1,(#2116,#2117),.UNSPECIFIED.,.F.,
  .F.,(2,2),(0.,3.2),.PIECEWISE_BEZIER_KNOTS.);
#2116 = CARTESIAN_POINT('',(0.,20.5));
#2117 = CARTESIAN_POINT('',(3.2,20.5));
#2118 = ( GEOMETRIC_REPRESENTATION_CONTEXT(2) 
PARAMETRIC_REPRESENTATION_CONTEXT() REPRESENTATION_CONTEXT('2D SPACE',''
  ) );
#2119 = ORIENTED_EDGE('',*,*,#1758,.T.);
#2120 = ORIENTED_EDGE('',*,*,#2121,.F.);
#2121 = EDGE_CURVE('',#2079,#1759,#2122,.T.);
#2122 = SURFACE_CURVE('',#2123,(#2127,#2133),.PCURVE_S1.);
#2123 = LINE('',#2124,#2125);
#2124 = CARTESIAN_POINT('',(-29.8,28.,3.));
#2125 = VECTOR('',#2126,1.);
#2126 = DIRECTION('',(-1.,0.,0.));
#2127 = PCURVE('',#1774,#2128);
#2128 = DEFINITIONAL_REPRESENTATION('',(#2129),#2132);
#2129 = B_SPLINE_CURVE_WITH_KNOTS('',1,(#2130,#2131),.UNSPECIFIED.,.F.,
  .F.,(2,2),(-8.4,-5.2),.PIECEWISE_BEZIER_KNOTS.);
#2130 = CARTESIAN_POINT('',(5.,3.2));
#2131 = CARTESIAN_POINT('',(5.,0.));
#2132 = ( GEOMETRIC_REPRESENTATION_CONTEXT(2) 
PARAMETRIC_REPRESENTATION_CONTEXT() REPRESENTATION_CONTEXT('2D SPACE',''
  ) );
#2133 = PCURVE('',#102,#2134);
#2134 = DEFINITIONAL_REPRESENTATION('',(#2135),#2138);
#2135 = B_SPLINE_CURVE_WITH_KNOTS('',1,(#2136,#2137),.UNSPECIFIED.,.F.,
  .F.,(2,2),(-8.4,-5.2),.PIECEWISE_BEZIER_KNOTS.);
#2136 = CARTESIAN_POINT('',(13.6,60.));
#2137 = CARTESIAN_POINT('',(10.4,60.));
#2138 = ( GEOMETRIC_REPRESENTATION_CONTEXT(2) 
PARAMETRIC_REPRESENTATION_CONTEXT() REPRESENTATION_CONTEXT('2D SPACE',''
  ) );
#2139 = ADVANCED_FACE('',(#2140),#1746,.F.);
#2140 = FACE_BOUND('',#2141,.F.);
#2141 = EDGE_LOOP('',(#2142,#2143,#2144,#2167));
#2142 = ORIENTED_EDGE('',*,*,#1730,.F.);
#2143 = ORIENTED_EDGE('',*,*,#2101,.T.);
#2144 = ORIENTED_EDGE('',*,*,#2145,.T.);
#2145 = EDGE_CURVE('',#2077,#2146,#2148,.T.);
#2146 = VERTEX_POINT('',#2147);
#2147 = CARTESIAN_POINT('',(-21.4,28.5,1.1));
#2148 = SURFACE_CURVE('',#2149,(#2153,#2160),.PCURVE_S1.);
#2149 = LINE('',#2150,#2151);
#2150 = CARTESIAN_POINT('',(-21.4,7.5,1.1));
#2151 = VECTOR('',#2152,1.);
#2152 = DIRECTION('',(0.,1.,0.));
#2153 = PCURVE('',#1746,#2154);
#2154 = DEFINITIONAL_REPRESENTATION('',(#2155),#2159);
#2155 = LINE('',#2156,#2157);
#2156 = CARTESIAN_POINT('',(3.2,0.));
#2157 = VECTOR('',#2158,1.);
#2158 = DIRECTION('',(0.,1.));
#2159 = ( GEOMETRIC_REPRESENTATION_CONTEXT(2) 
PARAMETRIC_REPRESENTATION_CONTEXT() REPRESENTATION_CONTEXT('2D SPACE',''
  ) );
#2160 = PCURVE('',#662,#2161);
#2161 = DEFINITIONAL_REPRESENTATION('',(#2162),#2166);
#2162 = LINE('',#2163,#2164);
#2163 = CARTESIAN_POINT('',(3.1,0.5));
#2164 = VECTOR('',#2165,1.);
#2165 = DIRECTION('',(0.,-1.));
#2166 = ( GEOMETRIC_REPRESENTATION_CONTEXT(2) 
PARAMETRIC_REPRESENTATION_CONTEXT() REPRESENTATION_CONTEXT('2D SPACE',''
  ) );
#2167 = ORIENTED_EDGE('',*,*,#2168,.F.);
#2168 = EDGE_CURVE('',#1708,#2146,#2169,.T.);
#2169 = SURFACE_CURVE('',#2170,(#2174,#2181),.PCURVE_S1.);
#2170 = LINE('',#2171,#2172);
#2171 = CARTESIAN_POINT('',(-24.6,28.5,1.1));
#2172 = VECTOR('',#2173,1.);
#2173 = DIRECTION('',(1.,0.,0.));
#2174 = PCURVE('',#1746,#2175);
#2175 = DEFINITIONAL_REPRESENTATION('',(#2176),#2180);
#2176 = LINE('',#2177,#2178);
#2177 = CARTESIAN_POINT('',(0.,21.));
#2178 = VECTOR('',#2179,1.);
#2179 = DIRECTION('',(1.,0.));
#2180 = ( GEOMETRIC_REPRESENTATION_CONTEXT(2) 
PARAMETRIC_REPRESENTATION_CONTEXT() REPRESENTATION_CONTEXT('2D SPACE',''
  ) );
#2181 = PCURVE('',#635,#2182);
#2182 = DEFINITIONAL_REPRESENTATION('',(#2183),#2187);
#2183 = LINE('',#2184,#2185);
#2184 = CARTESIAN_POINT('',(1.2,0.));
#2185 = VECTOR('',#2186,1.);
#2186 = DIRECTION('',(0.,1.));
#2187 = ( GEOMETRIC_REPRESENTATION_CONTEXT(2) 
PARAMETRIC_REPRESENTATION_CONTEXT() REPRESENTATION_CONTEXT('2D SPACE',''
  ) );
#2188 = ADVANCED_FACE('',(#2189),#1673,.F.);
#2189 = FACE_BOUND('',#2190,.F.);
#2190 = EDGE_LOOP('',(#2191,#2192,#2215,#2238));
#2191 = ORIENTED_EDGE('',*,*,#1657,.F.);
#2192 = ORIENTED_EDGE('',*,*,#2193,.T.);
#2193 = EDGE_CURVE('',#1658,#2194,#2196,.T.);
#2194 = VERTEX_POINT('',#2195);
#2195 = CARTESIAN_POINT('',(-21.4,7.5,1.1));
#2196 = SURFACE_CURVE('',#2197,(#2201,#2208),.PCURVE_S1.);
#2197 = LINE('',#2198,#2199);
#2198 = CARTESIAN_POINT('',(-24.6,7.5,1.1));
#2199 = VECTOR('',#2200,1.);
#2200 = DIRECTION('',(1.,0.,0.));
#2201 = PCURVE('',#1673,#2202);
#2202 = DEFINITIONAL_REPRESENTATION('',(#2203),#2207);
#2203 = LINE('',#2204,#2205);
#2204 = CARTESIAN_POINT('',(0.,0.));
#2205 = VECTOR('',#2206,1.);
#2206 = DIRECTION('',(1.,0.));
#2207 = ( GEOMETRIC_REPRESENTATION_CONTEXT(2) 
PARAMETRIC_REPRESENTATION_CONTEXT() REPRESENTATION_CONTEXT('2D SPACE',''
  ) );
#2208 = PCURVE('',#689,#2209);
#2209 = DEFINITIONAL_REPRESENTATION('',(#2210),#2214);
#2210 = LINE('',#2211,#2212);
#2211 = CARTESIAN_POINT('',(1.2,0.));
#2212 = VECTOR('',#2213,1.);
#2213 = DIRECTION('',(0.,1.));
#2214 = ( GEOMETRIC_REPRESENTATION_CONTEXT(2) 
PARAMETRIC_REPRESENTATION_CONTEXT() REPRESENTATION_CONTEXT('2D SPACE',''
  ) );
#2215 = ORIENTED_EDGE('',*,*,#2216,.T.);
#2216 = EDGE_CURVE('',#2194,#2217,#2219,.T.);
#2217 = VERTEX_POINT('',#2218);
#2218 = CARTESIAN_POINT('',(-21.4,8.,1.1));
#2219 = SURFACE_CURVE('',#2220,(#2224,#2231),.PCURVE_S1.);
#2220 = LINE('',#2221,#2222);
#2221 = CARTESIAN_POINT('',(-21.4,7.5,1.1));
#2222 = VECTOR('',#2223,1.);
#2223 = DIRECTION('',(0.,1.,0.));
#2224 = PCURVE('',#1673,#2225);
#2225 = DEFINITIONAL_REPRESENTATION('',(#2226),#2230);
#2226 = LINE('',#2227,#2228);
#2227 = CARTESIAN_POINT('',(3.2,0.));
#2228 = VECTOR('',#2229,1.);
#2229 = DIRECTION('',(0.,1.));
#2230 = ( GEOMETRIC_REPRESENTATION_CONTEXT(2) 
PARAMETRIC_REPRESENTATION_CONTEXT() REPRESENTATION_CONTEXT('2D SPACE',''
  ) );
#2231 = PCURVE('',#662,#2232);
#2232 = DEFINITIONAL_REPRESENTATION('',(#2233),#2237);
#2233 = LINE('',#2234,#2235);
#2234 = CARTESIAN_POINT('',(3.1,0.5));
#2235 = VECTOR('',#2236,1.);
#2236 = DIRECTION('',(0.,-1.));
#2237 = ( GEOMETRIC_REPRESENTATION_CONTEXT(2) 
PARAMETRIC_REPRESENTATION_CONTEXT() REPRESENTATION_CONTEXT('2D SPACE',''
  ) );
#2238 = ORIENTED_EDGE('',*,*,#2239,.F.);
#2239 = EDGE_CURVE('',#1628,#2217,#2240,.T.);
#2240 = SURFACE_CURVE('',#2241,(#2245,#2251),.PCURVE_S1.);
#2241 = LINE('',#2242,#2243);
#2242 = CARTESIAN_POINT('',(-24.6,8.,1.1));
#2243 = VECTOR('',#2244,1.);
#2244 = DIRECTION('',(1.,0.,0.));
#2245 = PCURVE('',#1673,#2246);
#2246 = DEFINITIONAL_REPRESENTATION('',(#2247),#2250);
#2247 = B_SPLINE_CURVE_WITH_KNOTS('',1,(#2248,#2249),.UNSPECIFIED.,.F.,
  .F.,(2,2),(0.,3.2),.PIECEWISE_BEZIER_KNOTS.);
#2248 = CARTESIAN_POINT('',(0.,0.5));
#2249 = CARTESIAN_POINT('',(3.2,0.5));
#2250 = ( GEOMETRIC_REPRESENTATION_CONTEXT(2) 
PARAMETRIC_REPRESENTATION_CONTEXT() REPRESENTATION_CONTEXT('2D SPACE',''
  ) );
#2251 = PCURVE('',#1645,#2252);
#2252 = DEFINITIONAL_REPRESENTATION('',(#2253),#2256);
#2253 = B_SPLINE_CURVE_WITH_KNOTS('',1,(#2254,#2255),.UNSPECIFIED.,.F.,
  .F.,(2,2),(0.,3.2),.PIECEWISE_BEZIER_KNOTS.);
#2254 = CARTESIAN_POINT('',(3.1,0.));
#2255 = CARTESIAN_POINT('',(3.1,3.2));
#2256 = ( GEOMETRIC_REPRESENTATION_CONTEXT(2) 
PARAMETRIC_REPRESENTATION_CONTEXT() REPRESENTATION_CONTEXT('2D SPACE',''
  ) );
#2257 = ADVANCED_FACE('',(#2258),#1645,.T.);
#2258 = FACE_BOUND('',#2259,.T.);
#2259 = EDGE_LOOP('',(#2260,#2283,#2284,#2285));
#2260 = ORIENTED_EDGE('',*,*,#2261,.F.);
#2261 = EDGE_CURVE('',#2217,#2262,#2264,.T.);
#2262 = VERTEX_POINT('',#2263);
#2263 = CARTESIAN_POINT('',(-21.4,8.,3.));
#2264 = SURFACE_CURVE('',#2265,(#2269,#2276),.PCURVE_S1.);
#2265 = LINE('',#2266,#2267);
#2266 = CARTESIAN_POINT('',(-21.4,8.,-2.));
#2267 = VECTOR('',#2268,1.);
#2268 = DIRECTION('',(0.,0.,1.));
#2269 = PCURVE('',#1645,#2270);
#2270 = DEFINITIONAL_REPRESENTATION('',(#2271),#2275);
#2271 = LINE('',#2272,#2273);
#2272 = CARTESIAN_POINT('',(0.,3.2));
#2273 = VECTOR('',#2274,1.);
#2274 = DIRECTION('',(1.,0.));
#2275 = ( GEOMETRIC_REPRESENTATION_CONTEXT(2) 
PARAMETRIC_REPRESENTATION_CONTEXT() REPRESENTATION_CONTEXT('2D SPACE',''
  ) );
#2276 = PCURVE('',#662,#2277);
#2277 = DEFINITIONAL_REPRESENTATION('',(#2278),#2282);
#2278 = LINE('',#2279,#2280);
#2279 = CARTESIAN_POINT('',(0.,0.));
#2280 = VECTOR('',#2281,1.);
#2281 = DIRECTION('',(1.,0.));
#2282 = ( GEOMETRIC_REPRESENTATION_CONTEXT(2) 
PARAMETRIC_REPRESENTATION_CONTEXT() REPRESENTATION_CONTEXT('2D SPACE',''
  ) );
#2283 = ORIENTED_EDGE('',*,*,#2239,.F.);
#2284 = ORIENTED_EDGE('',*,*,#1627,.T.);
#2285 = ORIENTED_EDGE('',*,*,#2286,.F.);
#2286 = EDGE_CURVE('',#2262,#1630,#2287,.T.);
#2287 = SURFACE_CURVE('',#2288,(#2292,#2298),.PCURVE_S1.);
#2288 = LINE('',#2289,#2290);
#2289 = CARTESIAN_POINT('',(-29.8,8.,3.));
#2290 = VECTOR('',#2291,1.);
#2291 = DIRECTION('',(-1.,0.,0.));
#2292 = PCURVE('',#1645,#2293);
#2293 = DEFINITIONAL_REPRESENTATION('',(#2294),#2297);
#2294 = B_SPLINE_CURVE_WITH_KNOTS('',1,(#2295,#2296),.UNSPECIFIED.,.F.,
  .F.,(2,2),(-8.4,-5.2),.PIECEWISE_BEZIER_KNOTS.);
#2295 = CARTESIAN_POINT('',(5.,3.2));
#2296 = CARTESIAN_POINT('',(5.,0.));
#2297 = ( GEOMETRIC_REPRESENTATION_CONTEXT(2) 
PARAMETRIC_REPRESENTATION_CONTEXT() REPRESENTATION_CONTEXT('2D SPACE',''
  ) );
#2298 = PCURVE('',#102,#2299);
#2299 = DEFINITIONAL_REPRESENTATION('',(#2300),#2303);
#2300 = B_SPLINE_CURVE_WITH_KNOTS('',1,(#2301,#2302),.UNSPECIFIED.,.F.,
  .F.,(2,2),(-8.4,-5.2),.PIECEWISE_BEZIER_KNOTS.);
#2301 = CARTESIAN_POINT('',(13.6,40.));
#2302 = CARTESIAN_POINT('',(10.4,40.));
#2303 = ( GEOMETRIC_REPRESENTATION_CONTEXT(2) 
PARAMETRIC_REPRESENTATION_CONTEXT() REPRESENTATION_CONTEXT('2D SPACE',''
  ) );
#2304 = ADVANCED_FACE('',(#2305),#689,.T.);
#2305 = FACE_BOUND('',#2306,.T.);
#2306 = EDGE_LOOP('',(#2307,#2328,#2329,#2330));
#2307 = ORIENTED_EDGE('',*,*,#2308,.F.);
#2308 = EDGE_CURVE('',#647,#2194,#2309,.T.);
#2309 = SURFACE_CURVE('',#2310,(#2314,#2321),.PCURVE_S1.);
#2310 = LINE('',#2311,#2312);
#2311 = CARTESIAN_POINT('',(-21.4,7.5,-1.E-01));
#2312 = VECTOR('',#2313,1.);
#2313 = DIRECTION('',(0.,0.,1.));
#2314 = PCURVE('',#689,#2315);
#2315 = DEFINITIONAL_REPRESENTATION('',(#2316),#2320);
#2316 = LINE('',#2317,#2318);
#2317 = CARTESIAN_POINT('',(0.,3.2));
#2318 = VECTOR('',#2319,1.);
#2319 = DIRECTION('',(1.,0.));
#2320 = ( GEOMETRIC_REPRESENTATION_CONTEXT(2) 
PARAMETRIC_REPRESENTATION_CONTEXT() REPRESENTATION_CONTEXT('2D SPACE',''
  ) );
#2321 = PCURVE('',#662,#2322);
#2322 = DEFINITIONAL_REPRESENTATION('',(#2323),#2327);
#2323 = LINE('',#2324,#2325);
#2324 = CARTESIAN_POINT('',(1.9,0.5));
#2325 = VECTOR('',#2326,1.);
#2326 = DIRECTION('',(1.,0.));
#2327 = ( GEOMETRIC_REPRESENTATION_CONTEXT(2) 
PARAMETRIC_REPRESENTATION_CONTEXT() REPRESENTATION_CONTEXT('2D SPACE',''
  ) );
#2328 = ORIENTED_EDGE('',*,*,#674,.T.);
#2329 = ORIENTED_EDGE('',*,*,#1685,.T.);
#2330 = ORIENTED_EDGE('',*,*,#2193,.T.);
#2331 = ADVANCED_FACE('',(#2332),#662,.F.);
#2332 = FACE_BOUND('',#2333,.F.);
#2333 = EDGE_LOOP('',(#2334,#2335,#2336,#2337,#2338,#2359,#2360,#2361,
    #2381,#2382,#2383,#2384));
#2334 = ORIENTED_EDGE('',*,*,#2261,.F.);
#2335 = ORIENTED_EDGE('',*,*,#2216,.F.);
#2336 = ORIENTED_EDGE('',*,*,#2308,.F.);
#2337 = ORIENTED_EDGE('',*,*,#646,.T.);
#2338 = ORIENTED_EDGE('',*,*,#2339,.T.);
#2339 = EDGE_CURVE('',#619,#2146,#2340,.T.);
#2340 = SURFACE_CURVE('',#2341,(#2345,#2352),.PCURVE_S1.);
#2341 = LINE('',#2342,#2343);
#2342 = CARTESIAN_POINT('',(-21.4,28.5,-1.E-01));
#2343 = VECTOR('',#2344,1.);
#2344 = DIRECTION('',(0.,0.,1.));
#2345 = PCURVE('',#662,#2346);
#2346 = DEFINITIONAL_REPRESENTATION('',(#2347),#2351);
#2347 = LINE('',#2348,#2349);
#2348 = CARTESIAN_POINT('',(1.9,-20.5));
#2349 = VECTOR('',#2350,1.);
#2350 = DIRECTION('',(1.,0.));
#2351 = ( GEOMETRIC_REPRESENTATION_CONTEXT(2) 
PARAMETRIC_REPRESENTATION_CONTEXT() REPRESENTATION_CONTEXT('2D SPACE',''
  ) );
#2352 = PCURVE('',#635,#2353);
#2353 = DEFINITIONAL_REPRESENTATION('',(#2354),#2358);
#2354 = LINE('',#2355,#2356);
#2355 = CARTESIAN_POINT('',(0.,3.2));
#2356 = VECTOR('',#2357,1.);
#2357 = DIRECTION('',(1.,0.));
#2358 = ( GEOMETRIC_REPRESENTATION_CONTEXT(2) 
PARAMETRIC_REPRESENTATION_CONTEXT() REPRESENTATION_CONTEXT('2D SPACE',''
  ) );
#2359 = ORIENTED_EDGE('',*,*,#2145,.F.);
#2360 = ORIENTED_EDGE('',*,*,#2076,.T.);
#2361 = ORIENTED_EDGE('',*,*,#2362,.F.);
#2362 = EDGE_CURVE('',#2030,#2079,#2363,.T.);
#2363 = SURFACE_CURVE('',#2364,(#2368,#2375),.PCURVE_S1.);
#2364 = LINE('',#2365,#2366);
#2365 = CARTESIAN_POINT('',(-21.4,-3.,3.));
#2366 = VECTOR('',#2367,1.);
#2367 = DIRECTION('',(0.,1.,0.));
#2368 = PCURVE('',#662,#2369);
#2369 = DEFINITIONAL_REPRESENTATION('',(#2370),#2374);
#2370 = LINE('',#2371,#2372);
#2371 = CARTESIAN_POINT('',(5.,11.));
#2372 = VECTOR('',#2373,1.);
#2373 = DIRECTION('',(0.,-1.));
#2374 = ( GEOMETRIC_REPRESENTATION_CONTEXT(2) 
PARAMETRIC_REPRESENTATION_CONTEXT() REPRESENTATION_CONTEXT('2D SPACE',''
  ) );
#2375 = PCURVE('',#102,#2376);
#2376 = DEFINITIONAL_REPRESENTATION('',(#2377),#2380);
#2377 = B_SPLINE_CURVE_WITH_KNOTS('',1,(#2378,#2379),.UNSPECIFIED.,.F.,
  .F.,(2,2),(29.,31.),.PIECEWISE_BEZIER_KNOTS.);
#2378 = CARTESIAN_POINT('',(13.6,58.));
#2379 = CARTESIAN_POINT('',(13.6,60.));
#2380 = ( GEOMETRIC_REPRESENTATION_CONTEXT(2) 
PARAMETRIC_REPRESENTATION_CONTEXT() REPRESENTATION_CONTEXT('2D SPACE',''
  ) );
#2381 = ORIENTED_EDGE('',*,*,#2029,.F.);
#2382 = ORIENTED_EDGE('',*,*,#1984,.F.);
#2383 = ORIENTED_EDGE('',*,*,#1915,.T.);
#2384 = ORIENTED_EDGE('',*,*,#2385,.F.);
#2385 = EDGE_CURVE('',#2262,#1918,#2386,.T.);
#2386 = SURFACE_CURVE('',#2387,(#2391,#2398),.PCURVE_S1.);
#2387 = LINE('',#2388,#2389);
#2388 = CARTESIAN_POINT('',(-21.4,-12.,3.));
#2389 = VECTOR('',#2390,1.);
#2390 = DIRECTION('',(0.,1.,0.));
#2391 = PCURVE('',#662,#2392);
#2392 = DEFINITIONAL_REPRESENTATION('',(#2393),#2397);
#2393 = LINE('',#2394,#2395);
#2394 = CARTESIAN_POINT('',(5.,20.));
#2395 = VECTOR('',#2396,1.);
#2396 = DIRECTION('',(0.,-1.));
#2397 = ( GEOMETRIC_REPRESENTATION_CONTEXT(2) 
PARAMETRIC_REPRESENTATION_CONTEXT() REPRESENTATION_CONTEXT('2D SPACE',''
  ) );
#2398 = PCURVE('',#102,#2399);
#2399 = DEFINITIONAL_REPRESENTATION('',(#2400),#2403);
#2400 = B_SPLINE_CURVE_WITH_KNOTS('',1,(#2401,#2402),.UNSPECIFIED.,.F.,
  .F.,(2,2),(20.,22.),.PIECEWISE_BEZIER_KNOTS.);
#2401 = CARTESIAN_POINT('',(13.6,40.));
#2402 = CARTESIAN_POINT('',(13.6,42.));
#2403 = ( GEOMETRIC_REPRESENTATION_CONTEXT(2) 
PARAMETRIC_REPRESENTATION_CONTEXT() REPRESENTATION_CONTEXT('2D SPACE',''
  ) );
#2404 = ADVANCED_FACE('',(#2405),#635,.F.);
#2405 = FACE_BOUND('',#2406,.F.);
#2406 = EDGE_LOOP('',(#2407,#2408,#2409,#2410));
#2407 = ORIENTED_EDGE('',*,*,#2339,.F.);
#2408 = ORIENTED_EDGE('',*,*,#618,.T.);
#2409 = ORIENTED_EDGE('',*,*,#1707,.T.);
#2410 = ORIENTED_EDGE('',*,*,#2168,.T.);
#2411 = ADVANCED_FACE('',(#2412),#578,.T.);
#2412 = FACE_BOUND('',#2413,.T.);
#2413 = EDGE_LOOP('',(#2414,#2415,#2438,#2461));
#2414 = ORIENTED_EDGE('',*,*,#562,.F.);
#2415 = ORIENTED_EDGE('',*,*,#2416,.T.);
#2416 = EDGE_CURVE('',#563,#2417,#2419,.T.);
#2417 = VERTEX_POINT('',#2418);
#2418 = CARTESIAN_POINT('',(-30.,32.,3.));
#2419 = SURFACE_CURVE('',#2420,(#2424,#2431),.PCURVE_S1.);
#2420 = LINE('',#2421,#2422);
#2421 = CARTESIAN_POINT('',(-30.,32.,0.));
#2422 = VECTOR('',#2423,1.);
#2423 = DIRECTION('',(0.,0.,1.));
#2424 = PCURVE('',#578,#2425);
#2425 = DEFINITIONAL_REPRESENTATION('',(#2426),#2430);
#2426 = LINE('',#2427,#2428);
#2427 = CARTESIAN_POINT('',(0.,5.));
#2428 = VECTOR('',#2429,1.);
#2429 = DIRECTION('',(1.,0.));
#2430 = ( GEOMETRIC_REPRESENTATION_CONTEXT(2) 
PARAMETRIC_REPRESENTATION_CONTEXT() REPRESENTATION_CONTEXT('2D SPACE',''
  ) );
#2431 = PCURVE('',#184,#2432);
#2432 = DEFINITIONAL_REPRESENTATION('',(#2433),#2437);
#2433 = LINE('',#2434,#2435);
#2434 = CARTESIAN_POINT('',(-1.570796326795,0.));
#2435 = VECTOR('',#2436,1.);
#2436 = DIRECTION('',(-0.,1.));
#2437 = ( GEOMETRIC_REPRESENTATION_CONTEXT(2) 
PARAMETRIC_REPRESENTATION_CONTEXT() REPRESENTATION_CONTEXT('2D SPACE',''
  ) );
#2438 = ORIENTED_EDGE('',*,*,#2439,.T.);
#2439 = EDGE_CURVE('',#2417,#2440,#2442,.T.);
#2440 = VERTEX_POINT('',#2441);
#2441 = CARTESIAN_POINT('',(30.,32.,3.));
#2442 = SURFACE_CURVE('',#2443,(#2447,#2454),.PCURVE_S1.);
#2443 = LINE('',#2444,#2445);
#2444 = CARTESIAN_POINT('',(-35.,32.,3.));
#2445 = VECTOR('',#2446,1.);
#2446 = DIRECTION('',(1.,0.,0.));
#2447 = PCURVE('',#578,#2448);
#2448 = DEFINITIONAL_REPRESENTATION('',(#2449),#2453);
#2449 = LINE('',#2450,#2451);
#2450 = CARTESIAN_POINT('',(3.,0.));
#2451 = VECTOR('',#2452,1.);
#2452 = DIRECTION('',(0.,1.));
#2453 = ( GEOMETRIC_REPRESENTATION_CONTEXT(2) 
PARAMETRIC_REPRESENTATION_CONTEXT() REPRESENTATION_CONTEXT('2D SPACE',''
  ) );
#2454 = PCURVE('',#102,#2455);
#2455 = DEFINITIONAL_REPRESENTATION('',(#2456),#2460);
#2456 = LINE('',#2457,#2458);
#2457 = CARTESIAN_POINT('',(0.,64.));
#2458 = VECTOR('',#2459,1.);
#2459 = DIRECTION('',(1.,0.));
#2460 = ( GEOMETRIC_REPRESENTATION_CONTEXT(2) 
PARAMETRIC_REPRESENTATION_CONTEXT() REPRESENTATION_CONTEXT('2D SPACE',''
  ) );
#2461 = ORIENTED_EDGE('',*,*,#2462,.F.);
#2462 = EDGE_CURVE('',#534,#2440,#2463,.T.);
#2463 = SURFACE_CURVE('',#2464,(#2468,#2475),.PCURVE_S1.);
#2464 = LINE('',#2465,#2466);
#2465 = CARTESIAN_POINT('',(30.,32.,0.));
#2466 = VECTOR('',#2467,1.);
#2467 = DIRECTION('',(0.,0.,1.));
#2468 = PCURVE('',#578,#2469);
#2469 = DEFINITIONAL_REPRESENTATION('',(#2470),#2474);
#2470 = LINE('',#2471,#2472);
#2471 = CARTESIAN_POINT('',(0.,65.));
#2472 = VECTOR('',#2473,1.);
#2473 = DIRECTION('',(1.,0.));
#2474 = ( GEOMETRIC_REPRESENTATION_CONTEXT(2) 
PARAMETRIC_REPRESENTATION_CONTEXT() REPRESENTATION_CONTEXT('2D SPACE',''
  ) );
#2475 = PCURVE('',#550,#2476);
#2476 = DEFINITIONAL_REPRESENTATION('',(#2477),#2481);
#2477 = LINE('',#2478,#2479);
#2478 = CARTESIAN_POINT('',(1.570796326795,0.));
#2479 = VECTOR('',#2480,1.);
#2480 = DIRECTION('',(0.,1.));
#2481 = ( GEOMETRIC_REPRESENTATION_CONTEXT(2) 
PARAMETRIC_REPRESENTATION_CONTEXT() REPRESENTATION_CONTEXT('2D SPACE',''
  ) );
#2482 = ADVANCED_FACE('',(#2483),#550,.T.);
#2483 = FACE_BOUND('',#2484,.T.);
#2484 = EDGE_LOOP('',(#2485,#2486,#2487,#2511));
#2485 = ORIENTED_EDGE('',*,*,#533,.T.);
#2486 = ORIENTED_EDGE('',*,*,#2462,.T.);
#2487 = ORIENTED_EDGE('',*,*,#2488,.F.);
#2488 = EDGE_CURVE('',#2489,#2440,#2491,.T.);
#2489 = VERTEX_POINT('',#2490);
#2490 = CARTESIAN_POINT('',(35.,27.,3.));
#2491 = SURFACE_CURVE('',#2492,(#2497,#2504),.PCURVE_S1.);
#2492 = CIRCLE('',#2493,5.);
#2493 = AXIS2_PLACEMENT_3D('',#2494,#2495,#2496);
#2494 = CARTESIAN_POINT('',(30.,27.,3.));
#2495 = DIRECTION('',(0.,0.,1.));
#2496 = DIRECTION('',(0.,-1.,0.));
#2497 = PCURVE('',#550,#2498);
#2498 = DEFINITIONAL_REPRESENTATION('',(#2499),#2503);
#2499 = LINE('',#2500,#2501);
#2500 = CARTESIAN_POINT('',(-1.570796326795,3.));
#2501 = VECTOR('',#2502,1.);
#2502 = DIRECTION('',(1.,0.));
#2503 = ( GEOMETRIC_REPRESENTATION_CONTEXT(2) 
PARAMETRIC_REPRESENTATION_CONTEXT() REPRESENTATION_CONTEXT('2D SPACE',''
  ) );
#2504 = PCURVE('',#102,#2505);
#2505 = DEFINITIONAL_REPRESENTATION('',(#2506),#2510);
#2506 = CIRCLE('',#2507,5.);
#2507 = AXIS2_PLACEMENT_2D('',#2508,#2509);
#2508 = CARTESIAN_POINT('',(65.,59.));
#2509 = DIRECTION('',(0.,-1.));
#2510 = ( GEOMETRIC_REPRESENTATION_CONTEXT(2) 
PARAMETRIC_REPRESENTATION_CONTEXT() REPRESENTATION_CONTEXT('2D SPACE',''
  ) );
#2511 = ORIENTED_EDGE('',*,*,#2512,.F.);
#2512 = EDGE_CURVE('',#506,#2489,#2513,.T.);
#2513 = SURFACE_CURVE('',#2514,(#2518,#2525),.PCURVE_S1.);
#2514 = LINE('',#2515,#2516);
#2515 = CARTESIAN_POINT('',(35.,27.,0.));
#2516 = VECTOR('',#2517,1.);
#2517 = DIRECTION('',(0.,0.,1.));
#2518 = PCURVE('',#550,#2519);
#2519 = DEFINITIONAL_REPRESENTATION('',(#2520),#2524);
#2520 = LINE('',#2521,#2522);
#2521 = CARTESIAN_POINT('',(0.,0.));
#2522 = VECTOR('',#2523,1.);
#2523 = DIRECTION('',(0.,1.));
#2524 = ( GEOMETRIC_REPRESENTATION_CONTEXT(2) 
PARAMETRIC_REPRESENTATION_CONTEXT() REPRESENTATION_CONTEXT('2D SPACE',''
  ) );
#2525 = PCURVE('',#521,#2526);
#2526 = DEFINITIONAL_REPRESENTATION('',(#2527),#2531);
#2527 = LINE('',#2528,#2529);
#2528 = CARTESIAN_POINT('',(0.,-59.));
#2529 = VECTOR('',#2530,1.);
#2530 = DIRECTION('',(1.,0.));
#2531 = ( GEOMETRIC_REPRESENTATION_CONTEXT(2) 
PARAMETRIC_REPRESENTATION_CONTEXT() REPRESENTATION_CONTEXT('2D SPACE',''
  ) );
#2532 = ADVANCED_FACE('',(#2533),#521,.T.);
#2533 = FACE_BOUND('',#2534,.T.);
#2534 = EDGE_LOOP('',(#2535,#2558,#2579,#2580));
#2535 = ORIENTED_EDGE('',*,*,#2536,.F.);
#2536 = EDGE_CURVE('',#2537,#2489,#2539,.T.);
#2537 = VERTEX_POINT('',#2538);
#2538 = CARTESIAN_POINT('',(35.,-27.,3.));
#2539 = SURFACE_CURVE('',#2540,(#2544,#2551),.PCURVE_S1.);
#2540 = LINE('',#2541,#2542);
#2541 = CARTESIAN_POINT('',(35.,-32.,3.));
#2542 = VECTOR('',#2543,1.);
#2543 = DIRECTION('',(0.,1.,0.));
#2544 = PCURVE('',#521,#2545);
#2545 = DEFINITIONAL_REPRESENTATION('',(#2546),#2550);
#2546 = LINE('',#2547,#2548);
#2547 = CARTESIAN_POINT('',(3.,0.));
#2548 = VECTOR('',#2549,1.);
#2549 = DIRECTION('',(0.,-1.));
#2550 = ( GEOMETRIC_REPRESENTATION_CONTEXT(2) 
PARAMETRIC_REPRESENTATION_CONTEXT() REPRESENTATION_CONTEXT('2D SPACE',''
  ) );
#2551 = PCURVE('',#102,#2552);
#2552 = DEFINITIONAL_REPRESENTATION('',(#2553),#2557);
#2553 = LINE('',#2554,#2555);
#2554 = CARTESIAN_POINT('',(70.,0.));
#2555 = VECTOR('',#2556,1.);
#2556 = DIRECTION('',(0.,1.));
#2557 = ( GEOMETRIC_REPRESENTATION_CONTEXT(2) 
PARAMETRIC_REPRESENTATION_CONTEXT() REPRESENTATION_CONTEXT('2D SPACE',''
  ) );
#2558 = ORIENTED_EDGE('',*,*,#2559,.F.);
#2559 = EDGE_CURVE('',#473,#2537,#2560,.T.);
#2560 = SURFACE_CURVE('',#2561,(#2565,#2572),.PCURVE_S1.);
#2561 = LINE('',#2562,#2563);
#2562 = CARTESIAN_POINT('',(35.,-27.,0.));
#2563 = VECTOR('',#2564,1.);
#2564 = DIRECTION('',(0.,0.,1.));
#2565 = PCURVE('',#521,#2566);
#2566 = DEFINITIONAL_REPRESENTATION('',(#2567),#2571);
#2567 = LINE('',#2568,#2569);
#2568 = CARTESIAN_POINT('',(0.,-5.));
#2569 = VECTOR('',#2570,1.);
#2570 = DIRECTION('',(1.,0.));
#2571 = ( GEOMETRIC_REPRESENTATION_CONTEXT(2) 
PARAMETRIC_REPRESENTATION_CONTEXT() REPRESENTATION_CONTEXT('2D SPACE',''
  ) );
#2572 = PCURVE('',#493,#2573);
#2573 = DEFINITIONAL_REPRESENTATION('',(#2574),#2578);
#2574 = LINE('',#2575,#2576);
#2575 = CARTESIAN_POINT('',(-0.,0.));
#2576 = VECTOR('',#2577,1.);
#2577 = DIRECTION('',(-0.,1.));
#2578 = ( GEOMETRIC_REPRESENTATION_CONTEXT(2) 
PARAMETRIC_REPRESENTATION_CONTEXT() REPRESENTATION_CONTEXT('2D SPACE',''
  ) );
#2579 = ORIENTED_EDGE('',*,*,#505,.T.);
#2580 = ORIENTED_EDGE('',*,*,#2512,.T.);
#2581 = ADVANCED_FACE('',(#2582),#493,.T.);
#2582 = FACE_BOUND('',#2583,.F.);
#2583 = EDGE_LOOP('',(#2584,#2585,#2608,#2634));
#2584 = ORIENTED_EDGE('',*,*,#472,.T.);
#2585 = ORIENTED_EDGE('',*,*,#2586,.T.);
#2586 = EDGE_CURVE('',#445,#2587,#2589,.T.);
#2587 = VERTEX_POINT('',#2588);
#2588 = CARTESIAN_POINT('',(30.,-32.,3.));
#2589 = SURFACE_CURVE('',#2590,(#2594,#2601),.PCURVE_S1.);
#2590 = LINE('',#2591,#2592);
#2591 = CARTESIAN_POINT('',(30.,-32.,0.));
#2592 = VECTOR('',#2593,1.);
#2593 = DIRECTION('',(0.,0.,1.));
#2594 = PCURVE('',#493,#2595);
#2595 = DEFINITIONAL_REPRESENTATION('',(#2596),#2600);
#2596 = LINE('',#2597,#2598);
#2597 = CARTESIAN_POINT('',(-1.570796326795,0.));
#2598 = VECTOR('',#2599,1.);
#2599 = DIRECTION('',(-0.,1.));
#2600 = ( GEOMETRIC_REPRESENTATION_CONTEXT(2) 
PARAMETRIC_REPRESENTATION_CONTEXT() REPRESENTATION_CONTEXT('2D SPACE',''
  ) );
#2601 = PCURVE('',#460,#2602);
#2602 = DEFINITIONAL_REPRESENTATION('',(#2603),#2607);
#2603 = LINE('',#2604,#2605);
#2604 = CARTESIAN_POINT('',(0.,65.));
#2605 = VECTOR('',#2606,1.);
#2606 = DIRECTION('',(1.,0.));
#2607 = ( GEOMETRIC_REPRESENTATION_CONTEXT(2) 
PARAMETRIC_REPRESENTATION_CONTEXT() REPRESENTATION_CONTEXT('2D SPACE',''
  ) );
#2608 = ORIENTED_EDGE('',*,*,#2609,.F.);
#2609 = EDGE_CURVE('',#2537,#2587,#2610,.T.);
#2610 = SURFACE_CURVE('',#2611,(#2616,#2623),.PCURVE_S1.);
#2611 = CIRCLE('',#2612,5.);
#2612 = AXIS2_PLACEMENT_3D('',#2613,#2614,#2615);
#2613 = CARTESIAN_POINT('',(30.,-27.,3.));
#2614 = DIRECTION('',(-0.,-0.,-1.));
#2615 = DIRECTION('',(0.,-1.,0.));
#2616 = PCURVE('',#493,#2617);
#2617 = DEFINITIONAL_REPRESENTATION('',(#2618),#2622);
#2618 = LINE('',#2619,#2620);
#2619 = CARTESIAN_POINT('',(4.712388980385,3.));
#2620 = VECTOR('',#2621,1.);
#2621 = DIRECTION('',(-1.,0.));
#2622 = ( GEOMETRIC_REPRESENTATION_CONTEXT(2) 
PARAMETRIC_REPRESENTATION_CONTEXT() REPRESENTATION_CONTEXT('2D SPACE',''
  ) );
#2623 = PCURVE('',#102,#2624);
#2624 = DEFINITIONAL_REPRESENTATION('',(#2625),#2633);
#2625 = ( BOUNDED_CURVE() B_SPLINE_CURVE(2,(#2626,#2627,#2628,#2629,
#2630,#2631,#2632),.UNSPECIFIED.,.T.,.F.) B_SPLINE_CURVE_WITH_KNOTS((1,2
    ,2,2,2,1),(-2.094395102393,0.,2.094395102393,4.188790204786,
6.28318530718,8.377580409573),.UNSPECIFIED.) CURVE() 
GEOMETRIC_REPRESENTATION_ITEM() RATIONAL_B_SPLINE_CURVE((1.,0.5,1.,0.5,
1.,0.5,1.)) REPRESENTATION_ITEM('') );
#2626 = CARTESIAN_POINT('',(65.,0.));
#2627 = CARTESIAN_POINT('',(56.339745962156,0.));
#2628 = CARTESIAN_POINT('',(60.669872981078,7.5));
#2629 = CARTESIAN_POINT('',(65.,15.));
#2630 = CARTESIAN_POINT('',(69.330127018922,7.5));
#2631 = CARTESIAN_POINT('',(73.660254037844,7.993605777301E-15));
#2632 = CARTESIAN_POINT('',(65.,0.));
#2633 = ( GEOMETRIC_REPRESENTATION_CONTEXT(2) 
PARAMETRIC_REPRESENTATION_CONTEXT() REPRESENTATION_CONTEXT('2D SPACE',''
  ) );
#2634 = ORIENTED_EDGE('',*,*,#2559,.F.);
#2635 = ADVANCED_FACE('',(#2636),#460,.F.);
#2636 = FACE_BOUND('',#2637,.F.);
#2637 = EDGE_LOOP('',(#2638,#2639,#2662,#2683));
#2638 = ORIENTED_EDGE('',*,*,#444,.F.);
#2639 = ORIENTED_EDGE('',*,*,#2640,.F.);
#2640 = EDGE_CURVE('',#2641,#417,#2643,.T.);
#2641 = VERTEX_POINT('',#2642);
#2642 = CARTESIAN_POINT('',(23.6,-32.,3.));
#2643 = SURFACE_CURVE('',#2644,(#2648,#2655),.PCURVE_S1.);
#2644 = LINE('',#2645,#2646);
#2645 = CARTESIAN_POINT('',(23.6,-32.,3.));
#2646 = VECTOR('',#2647,1.);
#2647 = DIRECTION('',(0.,0.,-1.));
#2648 = PCURVE('',#460,#2649);
#2649 = DEFINITIONAL_REPRESENTATION('',(#2650),#2654);
#2650 = LINE('',#2651,#2652);
#2651 = CARTESIAN_POINT('',(3.,58.6));
#2652 = VECTOR('',#2653,1.);
#2653 = DIRECTION('',(-1.,0.));
#2654 = ( GEOMETRIC_REPRESENTATION_CONTEXT(2) 
PARAMETRIC_REPRESENTATION_CONTEXT() REPRESENTATION_CONTEXT('2D SPACE',''
  ) );
#2655 = PCURVE('',#432,#2656);
#2656 = DEFINITIONAL_REPRESENTATION('',(#2657),#2661);
#2657 = LINE('',#2658,#2659);
#2658 = CARTESIAN_POINT('',(5.,0.));
#2659 = VECTOR('',#2660,1.);
#2660 = DIRECTION('',(-1.,0.));
#2661 = ( GEOMETRIC_REPRESENTATION_CONTEXT(2) 
PARAMETRIC_REPRESENTATION_CONTEXT() REPRESENTATION_CONTEXT('2D SPACE',''
  ) );
#2662 = ORIENTED_EDGE('',*,*,#2663,.T.);
#2663 = EDGE_CURVE('',#2641,#2587,#2664,.T.);
#2664 = SURFACE_CURVE('',#2665,(#2669,#2676),.PCURVE_S1.);
#2665 = LINE('',#2666,#2667);
#2666 = CARTESIAN_POINT('',(-35.,-32.,3.));
#2667 = VECTOR('',#2668,1.);
#2668 = DIRECTION('',(1.,0.,0.));
#2669 = PCURVE('',#460,#2670);
#2670 = DEFINITIONAL_REPRESENTATION('',(#2671),#2675);
#2671 = LINE('',#2672,#2673);
#2672 = CARTESIAN_POINT('',(3.,0.));
#2673 = VECTOR('',#2674,1.);
#2674 = DIRECTION('',(0.,1.));
#2675 = ( GEOMETRIC_REPRESENTATION_CONTEXT(2) 
PARAMETRIC_REPRESENTATION_CONTEXT() REPRESENTATION_CONTEXT('2D SPACE',''
  ) );
#2676 = PCURVE('',#102,#2677);
#2677 = DEFINITIONAL_REPRESENTATION('',(#2678),#2682);
#2678 = LINE('',#2679,#2680);
#2679 = CARTESIAN_POINT('',(0.,0.));
#2680 = VECTOR('',#2681,1.);
#2681 = DIRECTION('',(1.,0.));
#2682 = ( GEOMETRIC_REPRESENTATION_CONTEXT(2) 
PARAMETRIC_REPRESENTATION_CONTEXT() REPRESENTATION_CONTEXT('2D SPACE',''
  ) );
#2683 = ORIENTED_EDGE('',*,*,#2586,.F.);
#2684 = ADVANCED_FACE('',(#2685),#432,.F.);
#2685 = FACE_BOUND('',#2686,.F.);
#2686 = EDGE_LOOP('',(#2687,#2688,#2689,#2712,#2740,#2768,#2790,#2817,
    #2844,#2871,#2893,#2921,#2949,#2977,#2999,#3026,#3053,#3080));
#2687 = ORIENTED_EDGE('',*,*,#2640,.T.);
#2688 = ORIENTED_EDGE('',*,*,#416,.T.);
#2689 = ORIENTED_EDGE('',*,*,#2690,.T.);
#2690 = EDGE_CURVE('',#391,#2691,#2693,.T.);
#2691 = VERTEX_POINT('',#2692);
#2692 = CARTESIAN_POINT('',(23.6,-8.5,1.1));
#2693 = SURFACE_CURVE('',#2694,(#2698,#2705),.PCURVE_S1.);
#2694 = LINE('',#2695,#2696);
#2695 = CARTESIAN_POINT('',(23.6,-8.5,-1.E-01));
#2696 = VECTOR('',#2697,1.);
#2697 = DIRECTION('',(0.,0.,1.));
#2698 = PCURVE('',#432,#2699);
#2699 = DEFINITIONAL_REPRESENTATION('',(#2700),#2704);
#2700 = LINE('',#2701,#2702);
#2701 = CARTESIAN_POINT('',(1.9,-23.5));
#2702 = VECTOR('',#2703,1.);
#2703 = DIRECTION('',(1.,0.));
#2704 = ( GEOMETRIC_REPRESENTATION_CONTEXT(2) 
PARAMETRIC_REPRESENTATION_CONTEXT() REPRESENTATION_CONTEXT('2D SPACE',''
  ) );
#2705 = PCURVE('',#405,#2706);
#2706 = DEFINITIONAL_REPRESENTATION('',(#2707),#2711);
#2707 = LINE('',#2708,#2709);
#2708 = CARTESIAN_POINT('',(0.,3.2));
#2709 = VECTOR('',#2710,1.);
#2710 = DIRECTION('',(1.,0.));
#2711 = ( GEOMETRIC_REPRESENTATION_CONTEXT(2) 
PARAMETRIC_REPRESENTATION_CONTEXT() REPRESENTATION_CONTEXT('2D SPACE',''
  ) );
#2712 = ORIENTED_EDGE('',*,*,#2713,.F.);
#2713 = EDGE_CURVE('',#2714,#2691,#2716,.T.);
#2714 = VERTEX_POINT('',#2715);
#2715 = CARTESIAN_POINT('',(23.6,-9.,1.1));
#2716 = SURFACE_CURVE('',#2717,(#2721,#2728),.PCURVE_S1.);
#2717 = LINE('',#2718,#2719);
#2718 = CARTESIAN_POINT('',(23.6,-32.5,1.1));
#2719 = VECTOR('',#2720,1.);
#2720 = DIRECTION('',(0.,1.,0.));
#2721 = PCURVE('',#432,#2722);
#2722 = DEFINITIONAL_REPRESENTATION('',(#2723),#2727);
#2723 = LINE('',#2724,#2725);
#2724 = CARTESIAN_POINT('',(3.1,0.5));
#2725 = VECTOR('',#2726,1.);
#2726 = DIRECTION('',(0.,-1.));
#2727 = ( GEOMETRIC_REPRESENTATION_CONTEXT(2) 
PARAMETRIC_REPRESENTATION_CONTEXT() REPRESENTATION_CONTEXT('2D SPACE',''
  ) );
#2728 = PCURVE('',#2729,#2734);
#2729 = PLANE('',#2730);
#2730 = AXIS2_PLACEMENT_3D('',#2731,#2732,#2733);
#2731 = CARTESIAN_POINT('',(20.4,-32.5,1.1));
#2732 = DIRECTION('',(0.,0.,1.));
#2733 = DIRECTION('',(1.,0.,0.));
#2734 = DEFINITIONAL_REPRESENTATION('',(#2735),#2739);
#2735 = LINE('',#2736,#2737);
#2736 = CARTESIAN_POINT('',(3.2,0.));
#2737 = VECTOR('',#2738,1.);
#2738 = DIRECTION('',(0.,1.));
#2739 = ( GEOMETRIC_REPRESENTATION_CONTEXT(2) 
PARAMETRIC_REPRESENTATION_CONTEXT() REPRESENTATION_CONTEXT('2D SPACE',''
  ) );
#2740 = ORIENTED_EDGE('',*,*,#2741,.T.);
#2741 = EDGE_CURVE('',#2714,#2742,#2744,.T.);
#2742 = VERTEX_POINT('',#2743);
#2743 = CARTESIAN_POINT('',(23.6,-9.,3.));
#2744 = SURFACE_CURVE('',#2745,(#2749,#2756),.PCURVE_S1.);
#2745 = LINE('',#2746,#2747);
#2746 = CARTESIAN_POINT('',(23.6,-9.,-2.));
#2747 = VECTOR('',#2748,1.);
#2748 = DIRECTION('',(0.,0.,1.));
#2749 = PCURVE('',#432,#2750);
#2750 = DEFINITIONAL_REPRESENTATION('',(#2751),#2755);
#2751 = LINE('',#2752,#2753);
#2752 = CARTESIAN_POINT('',(0.,-23.));
#2753 = VECTOR('',#2754,1.);
#2754 = DIRECTION('',(1.,0.));
#2755 = ( GEOMETRIC_REPRESENTATION_CONTEXT(2) 
PARAMETRIC_REPRESENTATION_CONTEXT() REPRESENTATION_CONTEXT('2D SPACE',''
  ) );
#2756 = PCURVE('',#2757,#2762);
#2757 = PLANE('',#2758);
#2758 = AXIS2_PLACEMENT_3D('',#2759,#2760,#2761);
#2759 = CARTESIAN_POINT('',(20.4,-9.,-2.));
#2760 = DIRECTION('',(0.,1.,0.));
#2761 = DIRECTION('',(0.,0.,1.));
#2762 = DEFINITIONAL_REPRESENTATION('',(#2763),#2767);
#2763 = LINE('',#2764,#2765);
#2764 = CARTESIAN_POINT('',(0.,3.2));
#2765 = VECTOR('',#2766,1.);
#2766 = DIRECTION('',(1.,0.));
#2767 = ( GEOMETRIC_REPRESENTATION_CONTEXT(2) 
PARAMETRIC_REPRESENTATION_CONTEXT() REPRESENTATION_CONTEXT('2D SPACE',''
  ) );
#2768 = ORIENTED_EDGE('',*,*,#2769,.F.);
#2769 = EDGE_CURVE('',#2770,#2742,#2772,.T.);
#2770 = VERTEX_POINT('',#2771);
#2771 = CARTESIAN_POINT('',(23.6,-9.3,3.));
#2772 = SURFACE_CURVE('',#2773,(#2777,#2784),.PCURVE_S1.);
#2773 = LINE('',#2774,#2775);
#2774 = CARTESIAN_POINT('',(23.6,-21.5,3.));
#2775 = VECTOR('',#2776,1.);
#2776 = DIRECTION('',(0.,1.,0.));
#2777 = PCURVE('',#432,#2778);
#2778 = DEFINITIONAL_REPRESENTATION('',(#2779),#2783);
#2779 = LINE('',#2780,#2781);
#2780 = CARTESIAN_POINT('',(5.,-10.5));
#2781 = VECTOR('',#2782,1.);
#2782 = DIRECTION('',(0.,-1.));
#2783 = ( GEOMETRIC_REPRESENTATION_CONTEXT(2) 
PARAMETRIC_REPRESENTATION_CONTEXT() REPRESENTATION_CONTEXT('2D SPACE',''
  ) );
#2784 = PCURVE('',#102,#2785);
#2785 = DEFINITIONAL_REPRESENTATION('',(#2786),#2789);
#2786 = B_SPLINE_CURVE_WITH_KNOTS('',1,(#2787,#2788),.UNSPECIFIED.,.F.,
  .F.,(2,2),(10.5,12.5),.PIECEWISE_BEZIER_KNOTS.);
#2787 = CARTESIAN_POINT('',(58.6,21.));
#2788 = CARTESIAN_POINT('',(58.6,23.));
#2789 = ( GEOMETRIC_REPRESENTATION_CONTEXT(2) 
PARAMETRIC_REPRESENTATION_CONTEXT() REPRESENTATION_CONTEXT('2D SPACE',''
  ) );
#2790 = ORIENTED_EDGE('',*,*,#2791,.F.);
#2791 = EDGE_CURVE('',#2792,#2770,#2794,.T.);
#2792 = VERTEX_POINT('',#2793);
#2793 = CARTESIAN_POINT('',(23.6,-9.3,5.));
#2794 = SURFACE_CURVE('',#2795,(#2799,#2806),.PCURVE_S1.);
#2795 = LINE('',#2796,#2797);
#2796 = CARTESIAN_POINT('',(23.6,-9.3,0.5));
#2797 = VECTOR('',#2798,1.);
#2798 = DIRECTION('',(0.,0.,-1.));
#2799 = PCURVE('',#432,#2800);
#2800 = DEFINITIONAL_REPRESENTATION('',(#2801),#2805);
#2801 = LINE('',#2802,#2803);
#2802 = CARTESIAN_POINT('',(2.5,-22.7));
#2803 = VECTOR('',#2804,1.);
#2804 = DIRECTION('',(-1.,0.));
#2805 = ( GEOMETRIC_REPRESENTATION_CONTEXT(2) 
PARAMETRIC_REPRESENTATION_CONTEXT() REPRESENTATION_CONTEXT('2D SPACE',''
  ) );
#2806 = PCURVE('',#2807,#2812);
#2807 = PLANE('',#2808);
#2808 = AXIS2_PLACEMENT_3D('',#2809,#2810,#2811);
#2809 = CARTESIAN_POINT('',(-30.,-9.3,3.));
#2810 = DIRECTION('',(0.,1.,0.));
#2811 = DIRECTION('',(0.,0.,1.));
#2812 = DEFINITIONAL_REPRESENTATION('',(#2813),#2816);
#2813 = B_SPLINE_CURVE_WITH_KNOTS('',1,(#2814,#2815),.UNSPECIFIED.,.F.,
  .F.,(2,2),(-4.5,-2.5),.PIECEWISE_BEZIER_KNOTS.);
#2814 = CARTESIAN_POINT('',(2.,53.6));
#2815 = CARTESIAN_POINT('',(0.,53.6));
#2816 = ( GEOMETRIC_REPRESENTATION_CONTEXT(2) 
PARAMETRIC_REPRESENTATION_CONTEXT() REPRESENTATION_CONTEXT('2D SPACE',''
  ) );
#2817 = ORIENTED_EDGE('',*,*,#2818,.F.);
#2818 = EDGE_CURVE('',#2819,#2792,#2821,.T.);
#2819 = VERTEX_POINT('',#2820);
#2820 = CARTESIAN_POINT('',(23.6,-10.7,5.));
#2821 = SURFACE_CURVE('',#2822,(#2826,#2833),.PCURVE_S1.);
#2822 = LINE('',#2823,#2824);
#2823 = CARTESIAN_POINT('',(23.6,-10.85,5.));
#2824 = VECTOR('',#2825,1.);
#2825 = DIRECTION('',(0.,1.,0.));
#2826 = PCURVE('',#432,#2827);
#2827 = DEFINITIONAL_REPRESENTATION('',(#2828),#2832);
#2828 = LINE('',#2829,#2830);
#2829 = CARTESIAN_POINT('',(7.,-21.15));
#2830 = VECTOR('',#2831,1.);
#2831 = DIRECTION('',(0.,-1.));
#2832 = ( GEOMETRIC_REPRESENTATION_CONTEXT(2) 
PARAMETRIC_REPRESENTATION_CONTEXT() REPRESENTATION_CONTEXT('2D SPACE',''
  ) );
#2833 = PCURVE('',#2834,#2839);
#2834 = PLANE('',#2835);
#2835 = AXIS2_PLACEMENT_3D('',#2836,#2837,#2838);
#2836 = CARTESIAN_POINT('',(-30.,-10.7,5.));
#2837 = DIRECTION('',(0.,0.,1.));
#2838 = DIRECTION('',(1.,0.,0.));
#2839 = DEFINITIONAL_REPRESENTATION('',(#2840),#2843);
#2840 = B_SPLINE_CURVE_WITH_KNOTS('',1,(#2841,#2842),.UNSPECIFIED.,.F.,
  .F.,(2,2),(0.15,1.55),.PIECEWISE_BEZIER_KNOTS.);
#2841 = CARTESIAN_POINT('',(53.6,0.));
#2842 = CARTESIAN_POINT('',(53.6,1.4));
#2843 = ( GEOMETRIC_REPRESENTATION_CONTEXT(2) 
PARAMETRIC_REPRESENTATION_CONTEXT() REPRESENTATION_CONTEXT('2D SPACE',''
  ) );
#2844 = ORIENTED_EDGE('',*,*,#2845,.T.);
#2845 = EDGE_CURVE('',#2819,#2846,#2848,.T.);
#2846 = VERTEX_POINT('',#2847);
#2847 = CARTESIAN_POINT('',(23.6,-10.7,3.));
#2848 = SURFACE_CURVE('',#2849,(#2853,#2860),.PCURVE_S1.);
#2849 = LINE('',#2850,#2851);
#2850 = CARTESIAN_POINT('',(23.6,-10.7,0.5));
#2851 = VECTOR('',#2852,1.);
#2852 = DIRECTION('',(0.,0.,-1.));
#2853 = PCURVE('',#432,#2854);
#2854 = DEFINITIONAL_REPRESENTATION('',(#2855),#2859);
#2855 = LINE('',#2856,#2857);
#2856 = CARTESIAN_POINT('',(2.5,-21.3));
#2857 = VECTOR('',#2858,1.);
#2858 = DIRECTION('',(-1.,0.));
#2859 = ( GEOMETRIC_REPRESENTATION_CONTEXT(2) 
PARAMETRIC_REPRESENTATION_CONTEXT() REPRESENTATION_CONTEXT('2D SPACE',''
  ) );
#2860 = PCURVE('',#2861,#2866);
#2861 = PLANE('',#2862);
#2862 = AXIS2_PLACEMENT_3D('',#2863,#2864,#2865);
#2863 = CARTESIAN_POINT('',(-30.,-10.7,3.));
#2864 = DIRECTION('',(0.,1.,0.));
#2865 = DIRECTION('',(0.,0.,1.));
#2866 = DEFINITIONAL_REPRESENTATION('',(#2867),#2870);
#2867 = B_SPLINE_CURVE_WITH_KNOTS('',1,(#2868,#2869),.UNSPECIFIED.,.F.,
  .F.,(2,2),(-4.5,-2.5),.PIECEWISE_BEZIER_KNOTS.);
#2868 = CARTESIAN_POINT('',(2.,53.6));
#2869 = CARTESIAN_POINT('',(0.,53.6));
#2870 = ( GEOMETRIC_REPRESENTATION_CONTEXT(2) 
PARAMETRIC_REPRESENTATION_CONTEXT() REPRESENTATION_CONTEXT('2D SPACE',''
  ) );
#2871 = ORIENTED_EDGE('',*,*,#2872,.F.);
#2872 = EDGE_CURVE('',#2873,#2846,#2875,.T.);
#2873 = VERTEX_POINT('',#2874);
#2874 = CARTESIAN_POINT('',(23.6,-11.,3.));
#2875 = SURFACE_CURVE('',#2876,(#2880,#2887),.PCURVE_S1.);
#2876 = LINE('',#2877,#2878);
#2877 = CARTESIAN_POINT('',(23.6,-21.5,3.));
#2878 = VECTOR('',#2879,1.);
#2879 = DIRECTION('',(0.,1.,0.));
#2880 = PCURVE('',#432,#2881);
#2881 = DEFINITIONAL_REPRESENTATION('',(#2882),#2886);
#2882 = LINE('',#2883,#2884);
#2883 = CARTESIAN_POINT('',(5.,-10.5));
#2884 = VECTOR('',#2885,1.);
#2885 = DIRECTION('',(0.,-1.));
#2886 = ( GEOMETRIC_REPRESENTATION_CONTEXT(2) 
PARAMETRIC_REPRESENTATION_CONTEXT() REPRESENTATION_CONTEXT('2D SPACE',''
  ) );
#2887 = PCURVE('',#102,#2888);
#2888 = DEFINITIONAL_REPRESENTATION('',(#2889),#2892);
#2889 = B_SPLINE_CURVE_WITH_KNOTS('',1,(#2890,#2891),.UNSPECIFIED.,.F.,
  .F.,(2,2),(10.5,12.5),.PIECEWISE_BEZIER_KNOTS.);
#2890 = CARTESIAN_POINT('',(58.6,21.));
#2891 = CARTESIAN_POINT('',(58.6,23.));
#2892 = ( GEOMETRIC_REPRESENTATION_CONTEXT(2) 
PARAMETRIC_REPRESENTATION_CONTEXT() REPRESENTATION_CONTEXT('2D SPACE',''
  ) );
#2893 = ORIENTED_EDGE('',*,*,#2894,.F.);
#2894 = EDGE_CURVE('',#2895,#2873,#2897,.T.);
#2895 = VERTEX_POINT('',#2896);
#2896 = CARTESIAN_POINT('',(23.6,-11.,1.1));
#2897 = SURFACE_CURVE('',#2898,(#2902,#2909),.PCURVE_S1.);
#2898 = LINE('',#2899,#2900);
#2899 = CARTESIAN_POINT('',(23.6,-11.,-2.));
#2900 = VECTOR('',#2901,1.);
#2901 = DIRECTION('',(0.,0.,1.));
#2902 = PCURVE('',#432,#2903);
#2903 = DEFINITIONAL_REPRESENTATION('',(#2904),#2908);
#2904 = LINE('',#2905,#2906);
#2905 = CARTESIAN_POINT('',(0.,-21.));
#2906 = VECTOR('',#2907,1.);
#2907 = DIRECTION('',(1.,0.));
#2908 = ( GEOMETRIC_REPRESENTATION_CONTEXT(2) 
PARAMETRIC_REPRESENTATION_CONTEXT() REPRESENTATION_CONTEXT('2D SPACE',''
  ) );
#2909 = PCURVE('',#2910,#2915);
#2910 = PLANE('',#2911);
#2911 = AXIS2_PLACEMENT_3D('',#2912,#2913,#2914);
#2912 = CARTESIAN_POINT('',(20.4,-11.,-2.));
#2913 = DIRECTION('',(0.,1.,0.));
#2914 = DIRECTION('',(0.,0.,1.));
#2915 = DEFINITIONAL_REPRESENTATION('',(#2916),#2920);
#2916 = LINE('',#2917,#2918);
#2917 = CARTESIAN_POINT('',(0.,3.2));
#2918 = VECTOR('',#2919,1.);
#2919 = DIRECTION('',(1.,0.));
#2920 = ( GEOMETRIC_REPRESENTATION_CONTEXT(2) 
PARAMETRIC_REPRESENTATION_CONTEXT() REPRESENTATION_CONTEXT('2D SPACE',''
  ) );
#2921 = ORIENTED_EDGE('',*,*,#2922,.F.);
#2922 = EDGE_CURVE('',#2923,#2895,#2925,.T.);
#2923 = VERTEX_POINT('',#2924);
#2924 = CARTESIAN_POINT('',(23.6,-30.,1.1));
#2925 = SURFACE_CURVE('',#2926,(#2930,#2937),.PCURVE_S1.);
#2926 = LINE('',#2927,#2928);
#2927 = CARTESIAN_POINT('',(23.6,-32.5,1.1));
#2928 = VECTOR('',#2929,1.);
#2929 = DIRECTION('',(0.,1.,0.));
#2930 = PCURVE('',#432,#2931);
#2931 = DEFINITIONAL_REPRESENTATION('',(#2932),#2936);
#2932 = LINE('',#2933,#2934);
#2933 = CARTESIAN_POINT('',(3.1,0.5));
#2934 = VECTOR('',#2935,1.);
#2935 = DIRECTION('',(0.,-1.));
#2936 = ( GEOMETRIC_REPRESENTATION_CONTEXT(2) 
PARAMETRIC_REPRESENTATION_CONTEXT() REPRESENTATION_CONTEXT('2D SPACE',''
  ) );
#2937 = PCURVE('',#2938,#2943);
#2938 = PLANE('',#2939);
#2939 = AXIS2_PLACEMENT_3D('',#2940,#2941,#2942);
#2940 = CARTESIAN_POINT('',(20.4,-32.5,1.1));
#2941 = DIRECTION('',(0.,0.,1.));
#2942 = DIRECTION('',(1.,0.,0.));
#2943 = DEFINITIONAL_REPRESENTATION('',(#2944),#2948);
#2944 = LINE('',#2945,#2946);
#2945 = CARTESIAN_POINT('',(3.2,0.));
#2946 = VECTOR('',#2947,1.);
#2947 = DIRECTION('',(0.,1.));
#2948 = ( GEOMETRIC_REPRESENTATION_CONTEXT(2) 
PARAMETRIC_REPRESENTATION_CONTEXT() REPRESENTATION_CONTEXT('2D SPACE',''
  ) );
#2949 = ORIENTED_EDGE('',*,*,#2950,.T.);
#2950 = EDGE_CURVE('',#2923,#2951,#2953,.T.);
#2951 = VERTEX_POINT('',#2952);
#2952 = CARTESIAN_POINT('',(23.6,-30.,3.));
#2953 = SURFACE_CURVE('',#2954,(#2958,#2965),.PCURVE_S1.);
#2954 = LINE('',#2955,#2956);
#2955 = CARTESIAN_POINT('',(23.6,-30.,-2.));
#2956 = VECTOR('',#2957,1.);
#2957 = DIRECTION('',(0.,0.,1.));
#2958 = PCURVE('',#432,#2959);
#2959 = DEFINITIONAL_REPRESENTATION('',(#2960),#2964);
#2960 = LINE('',#2961,#2962);
#2961 = CARTESIAN_POINT('',(0.,-2.));
#2962 = VECTOR('',#2963,1.);
#2963 = DIRECTION('',(1.,0.));
#2964 = ( GEOMETRIC_REPRESENTATION_CONTEXT(2) 
PARAMETRIC_REPRESENTATION_CONTEXT() REPRESENTATION_CONTEXT('2D SPACE',''
  ) );
#2965 = PCURVE('',#2966,#2971);
#2966 = PLANE('',#2967);
#2967 = AXIS2_PLACEMENT_3D('',#2968,#2969,#2970);
#2968 = CARTESIAN_POINT('',(20.4,-30.,-2.));
#2969 = DIRECTION('',(0.,1.,0.));
#2970 = DIRECTION('',(0.,0.,1.));
#2971 = DEFINITIONAL_REPRESENTATION('',(#2972),#2976);
#2972 = LINE('',#2973,#2974);
#2973 = CARTESIAN_POINT('',(0.,3.2));
#2974 = VECTOR('',#2975,1.);
#2975 = DIRECTION('',(1.,0.));
#2976 = ( GEOMETRIC_REPRESENTATION_CONTEXT(2) 
PARAMETRIC_REPRESENTATION_CONTEXT() REPRESENTATION_CONTEXT('2D SPACE',''
  ) );
#2977 = ORIENTED_EDGE('',*,*,#2978,.F.);
#2978 = EDGE_CURVE('',#2979,#2951,#2981,.T.);
#2979 = VERTEX_POINT('',#2980);
#2980 = CARTESIAN_POINT('',(23.6,-30.3,3.));
#2981 = SURFACE_CURVE('',#2982,(#2986,#2993),.PCURVE_S1.);
#2982 = LINE('',#2983,#2984);
#2983 = CARTESIAN_POINT('',(23.6,-32.,3.));
#2984 = VECTOR('',#2985,1.);
#2985 = DIRECTION('',(0.,1.,0.));
#2986 = PCURVE('',#432,#2987);
#2987 = DEFINITIONAL_REPRESENTATION('',(#2988),#2992);
#2988 = LINE('',#2989,#2990);
#2989 = CARTESIAN_POINT('',(5.,0.));
#2990 = VECTOR('',#2991,1.);
#2991 = DIRECTION('',(0.,-1.));
#2992 = ( GEOMETRIC_REPRESENTATION_CONTEXT(2) 
PARAMETRIC_REPRESENTATION_CONTEXT() REPRESENTATION_CONTEXT('2D SPACE',''
  ) );
#2993 = PCURVE('',#102,#2994);
#2994 = DEFINITIONAL_REPRESENTATION('',(#2995),#2998);
#2995 = B_SPLINE_CURVE_WITH_KNOTS('',1,(#2996,#2997),.UNSPECIFIED.,.F.,
  .F.,(2,2),(0.,2.),.PIECEWISE_BEZIER_KNOTS.);
#2996 = CARTESIAN_POINT('',(58.6,0.));
#2997 = CARTESIAN_POINT('',(58.6,2.));
#2998 = ( GEOMETRIC_REPRESENTATION_CONTEXT(2) 
PARAMETRIC_REPRESENTATION_CONTEXT() REPRESENTATION_CONTEXT('2D SPACE',''
  ) );
#2999 = ORIENTED_EDGE('',*,*,#3000,.F.);
#3000 = EDGE_CURVE('',#3001,#2979,#3003,.T.);
#3001 = VERTEX_POINT('',#3002);
#3002 = CARTESIAN_POINT('',(23.6,-30.3,5.));
#3003 = SURFACE_CURVE('',#3004,(#3008,#3015),.PCURVE_S1.);
#3004 = LINE('',#3005,#3006);
#3005 = CARTESIAN_POINT('',(23.6,-30.3,0.5));
#3006 = VECTOR('',#3007,1.);
#3007 = DIRECTION('',(0.,0.,-1.));
#3008 = PCURVE('',#432,#3009);
#3009 = DEFINITIONAL_REPRESENTATION('',(#3010),#3014);
#3010 = LINE('',#3011,#3012);
#3011 = CARTESIAN_POINT('',(2.5,-1.7));
#3012 = VECTOR('',#3013,1.);
#3013 = DIRECTION('',(-1.,0.));
#3014 = ( GEOMETRIC_REPRESENTATION_CONTEXT(2) 
PARAMETRIC_REPRESENTATION_CONTEXT() REPRESENTATION_CONTEXT('2D SPACE',''
  ) );
#3015 = PCURVE('',#3016,#3021);
#3016 = PLANE('',#3017);
#3017 = AXIS2_PLACEMENT_3D('',#3018,#3019,#3020);
#3018 = CARTESIAN_POINT('',(-30.,-30.3,3.));
#3019 = DIRECTION('',(0.,1.,0.));
#3020 = DIRECTION('',(0.,0.,1.));
#3021 = DEFINITIONAL_REPRESENTATION('',(#3022),#3025);
#3022 = B_SPLINE_CURVE_WITH_KNOTS('',1,(#3023,#3024),.UNSPECIFIED.,.F.,
  .F.,(2,2),(-4.5,-2.5),.PIECEWISE_BEZIER_KNOTS.);
#3023 = CARTESIAN_POINT('',(2.,53.6));
#3024 = CARTESIAN_POINT('',(0.,53.6));
#3025 = ( GEOMETRIC_REPRESENTATION_CONTEXT(2) 
PARAMETRIC_REPRESENTATION_CONTEXT() REPRESENTATION_CONTEXT('2D SPACE',''
  ) );
#3026 = ORIENTED_EDGE('',*,*,#3027,.F.);
#3027 = EDGE_CURVE('',#3028,#3001,#3030,.T.);
#3028 = VERTEX_POINT('',#3029);
#3029 = CARTESIAN_POINT('',(23.6,-31.7,5.));
#3030 = SURFACE_CURVE('',#3031,(#3035,#3042),.PCURVE_S1.);
#3031 = LINE('',#3032,#3033);
#3032 = CARTESIAN_POINT('',(23.6,-31.85,5.));
#3033 = VECTOR('',#3034,1.);
#3034 = DIRECTION('',(0.,1.,0.));
#3035 = PCURVE('',#432,#3036);
#3036 = DEFINITIONAL_REPRESENTATION('',(#3037),#3041);
#3037 = LINE('',#3038,#3039);
#3038 = CARTESIAN_POINT('',(7.,-0.15));
#3039 = VECTOR('',#3040,1.);
#3040 = DIRECTION('',(0.,-1.));
#3041 = ( GEOMETRIC_REPRESENTATION_CONTEXT(2) 
PARAMETRIC_REPRESENTATION_CONTEXT() REPRESENTATION_CONTEXT('2D SPACE',''
  ) );
#3042 = PCURVE('',#3043,#3048);
#3043 = PLANE('',#3044);
#3044 = AXIS2_PLACEMENT_3D('',#3045,#3046,#3047);
#3045 = CARTESIAN_POINT('',(-30.,-31.7,5.));
#3046 = DIRECTION('',(0.,0.,1.));
#3047 = DIRECTION('',(1.,0.,0.));
#3048 = DEFINITIONAL_REPRESENTATION('',(#3049),#3052);
#3049 = B_SPLINE_CURVE_WITH_KNOTS('',1,(#3050,#3051),.UNSPECIFIED.,.F.,
  .F.,(2,2),(0.15,1.55),.PIECEWISE_BEZIER_KNOTS.);
#3050 = CARTESIAN_POINT('',(53.6,0.));
#3051 = CARTESIAN_POINT('',(53.6,1.4));
#3052 = ( GEOMETRIC_REPRESENTATION_CONTEXT(2) 
PARAMETRIC_REPRESENTATION_CONTEXT() REPRESENTATION_CONTEXT('2D SPACE',''
  ) );
#3053 = ORIENTED_EDGE('',*,*,#3054,.T.);
#3054 = EDGE_CURVE('',#3028,#3055,#3057,.T.);
#3055 = VERTEX_POINT('',#3056);
#3056 = CARTESIAN_POINT('',(23.6,-31.7,3.));
#3057 = SURFACE_CURVE('',#3058,(#3062,#3069),.PCURVE_S1.);
#3058 = LINE('',#3059,#3060);
#3059 = CARTESIAN_POINT('',(23.6,-31.7,0.5));
#3060 = VECTOR('',#3061,1.);
#3061 = DIRECTION('',(0.,0.,-1.));
#3062 = PCURVE('',#432,#3063);
#3063 = DEFINITIONAL_REPRESENTATION('',(#3064),#3068);
#3064 = LINE('',#3065,#3066);
#3065 = CARTESIAN_POINT('',(2.5,-0.3));
#3066 = VECTOR('',#3067,1.);
#3067 = DIRECTION('',(-1.,0.));
#3068 = ( GEOMETRIC_REPRESENTATION_CONTEXT(2) 
PARAMETRIC_REPRESENTATION_CONTEXT() REPRESENTATION_CONTEXT('2D SPACE',''
  ) );
#3069 = PCURVE('',#3070,#3075);
#3070 = PLANE('',#3071);
#3071 = AXIS2_PLACEMENT_3D('',#3072,#3073,#3074);
#3072 = CARTESIAN_POINT('',(-30.,-31.7,3.));
#3073 = DIRECTION('',(0.,1.,0.));
#3074 = DIRECTION('',(0.,0.,1.));
#3075 = DEFINITIONAL_REPRESENTATION('',(#3076),#3079);
#3076 = B_SPLINE_CURVE_WITH_KNOTS('',1,(#3077,#3078),.UNSPECIFIED.,.F.,
  .F.,(2,2),(-4.5,-2.5),.PIECEWISE_BEZIER_KNOTS.);
#3077 = CARTESIAN_POINT('',(2.,53.6));
#3078 = CARTESIAN_POINT('',(0.,53.6));
#3079 = ( GEOMETRIC_REPRESENTATION_CONTEXT(2) 
PARAMETRIC_REPRESENTATION_CONTEXT() REPRESENTATION_CONTEXT('2D SPACE',''
  ) );
#3080 = ORIENTED_EDGE('',*,*,#3081,.F.);
#3081 = EDGE_CURVE('',#2641,#3055,#3082,.T.);
#3082 = SURFACE_CURVE('',#3083,(#3087,#3094),.PCURVE_S1.);
#3083 = LINE('',#3084,#3085);
#3084 = CARTESIAN_POINT('',(23.6,-32.,3.));
#3085 = VECTOR('',#3086,1.);
#3086 = DIRECTION('',(0.,1.,0.));
#3087 = PCURVE('',#432,#3088);
#3088 = DEFINITIONAL_REPRESENTATION('',(#3089),#3093);
#3089 = LINE('',#3090,#3091);
#3090 = CARTESIAN_POINT('',(5.,0.));
#3091 = VECTOR('',#3092,1.);
#3092 = DIRECTION('',(0.,-1.));
#3093 = ( GEOMETRIC_REPRESENTATION_CONTEXT(2) 
PARAMETRIC_REPRESENTATION_CONTEXT() REPRESENTATION_CONTEXT('2D SPACE',''
  ) );
#3094 = PCURVE('',#102,#3095);
#3095 = DEFINITIONAL_REPRESENTATION('',(#3096),#3099);
#3096 = B_SPLINE_CURVE_WITH_KNOTS('',1,(#3097,#3098),.UNSPECIFIED.,.F.,
  .F.,(2,2),(0.,2.),.PIECEWISE_BEZIER_KNOTS.);
#3097 = CARTESIAN_POINT('',(58.6,0.));
#3098 = CARTESIAN_POINT('',(58.6,2.));
#3099 = ( GEOMETRIC_REPRESENTATION_CONTEXT(2) 
PARAMETRIC_REPRESENTATION_CONTEXT() REPRESENTATION_CONTEXT('2D SPACE',''
  ) );
#3100 = ADVANCED_FACE('',(#3101),#3070,.F.);
#3101 = FACE_BOUND('',#3102,.F.);
#3102 = EDGE_LOOP('',(#3103,#3126,#3127,#3150));
#3103 = ORIENTED_EDGE('',*,*,#3104,.F.);
#3104 = EDGE_CURVE('',#3055,#3105,#3107,.T.);
#3105 = VERTEX_POINT('',#3106);
#3106 = CARTESIAN_POINT('',(30.,-31.7,3.));
#3107 = SURFACE_CURVE('',#3108,(#3112,#3119),.PCURVE_S1.);
#3108 = LINE('',#3109,#3110);
#3109 = CARTESIAN_POINT('',(-30.,-31.7,3.));
#3110 = VECTOR('',#3111,1.);
#3111 = DIRECTION('',(1.,0.,0.));
#3112 = PCURVE('',#3070,#3113);
#3113 = DEFINITIONAL_REPRESENTATION('',(#3114),#3118);
#3114 = LINE('',#3115,#3116);
#3115 = CARTESIAN_POINT('',(0.,0.));
#3116 = VECTOR('',#3117,1.);
#3117 = DIRECTION('',(0.,1.));
#3118 = ( GEOMETRIC_REPRESENTATION_CONTEXT(2) 
PARAMETRIC_REPRESENTATION_CONTEXT() REPRESENTATION_CONTEXT('2D SPACE',''
  ) );
#3119 = PCURVE('',#102,#3120);
#3120 = DEFINITIONAL_REPRESENTATION('',(#3121),#3125);
#3121 = LINE('',#3122,#3123);
#3122 = CARTESIAN_POINT('',(5.,0.3));
#3123 = VECTOR('',#3124,1.);
#3124 = DIRECTION('',(1.,0.));
#3125 = ( GEOMETRIC_REPRESENTATION_CONTEXT(2) 
PARAMETRIC_REPRESENTATION_CONTEXT() REPRESENTATION_CONTEXT('2D SPACE',''
  ) );
#3126 = ORIENTED_EDGE('',*,*,#3054,.F.);
#3127 = ORIENTED_EDGE('',*,*,#3128,.T.);
#3128 = EDGE_CURVE('',#3028,#3129,#3131,.T.);
#3129 = VERTEX_POINT('',#3130);
#3130 = CARTESIAN_POINT('',(30.,-31.7,5.));
#3131 = SURFACE_CURVE('',#3132,(#3136,#3143),.PCURVE_S1.);
#3132 = LINE('',#3133,#3134);
#3133 = CARTESIAN_POINT('',(-30.,-31.7,5.));
#3134 = VECTOR('',#3135,1.);
#3135 = DIRECTION('',(1.,0.,0.));
#3136 = PCURVE('',#3070,#3137);
#3137 = DEFINITIONAL_REPRESENTATION('',(#3138),#3142);
#3138 = LINE('',#3139,#3140);
#3139 = CARTESIAN_POINT('',(2.,0.));
#3140 = VECTOR('',#3141,1.);
#3141 = DIRECTION('',(0.,1.));
#3142 = ( GEOMETRIC_REPRESENTATION_CONTEXT(2) 
PARAMETRIC_REPRESENTATION_CONTEXT() REPRESENTATION_CONTEXT('2D SPACE',''
  ) );
#3143 = PCURVE('',#3043,#3144);
#3144 = DEFINITIONAL_REPRESENTATION('',(#3145),#3149);
#3145 = LINE('',#3146,#3147);
#3146 = CARTESIAN_POINT('',(0.,0.));
#3147 = VECTOR('',#3148,1.);
#3148 = DIRECTION('',(1.,0.));
#3149 = ( GEOMETRIC_REPRESENTATION_CONTEXT(2) 
PARAMETRIC_REPRESENTATION_CONTEXT() REPRESENTATION_CONTEXT('2D SPACE',''
  ) );
#3150 = ORIENTED_EDGE('',*,*,#3151,.F.);
#3151 = EDGE_CURVE('',#3105,#3129,#3152,.T.);
#3152 = SURFACE_CURVE('',#3153,(#3157,#3164),.PCURVE_S1.);
#3153 = LINE('',#3154,#3155);
#3154 = CARTESIAN_POINT('',(30.,-31.7,3.));
#3155 = VECTOR('',#3156,1.);
#3156 = DIRECTION('',(0.,0.,1.));
#3157 = PCURVE('',#3070,#3158);
#3158 = DEFINITIONAL_REPRESENTATION('',(#3159),#3163);
#3159 = LINE('',#3160,#3161);
#3160 = CARTESIAN_POINT('',(0.,60.));
#3161 = VECTOR('',#3162,1.);
#3162 = DIRECTION('',(1.,0.));
#3163 = ( GEOMETRIC_REPRESENTATION_CONTEXT(2) 
PARAMETRIC_REPRESENTATION_CONTEXT() REPRESENTATION_CONTEXT('2D SPACE',''
  ) );
#3164 = PCURVE('',#3165,#3170);
#3165 = PLANE('',#3166);
#3166 = AXIS2_PLACEMENT_3D('',#3167,#3168,#3169);
#3167 = CARTESIAN_POINT('',(30.,-31.7,3.));
#3168 = DIRECTION('',(1.,0.,0.));
#3169 = DIRECTION('',(0.,0.,1.));
#3170 = DEFINITIONAL_REPRESENTATION('',(#3171),#3175);
#3171 = LINE('',#3172,#3173);
#3172 = CARTESIAN_POINT('',(0.,0.));
#3173 = VECTOR('',#3174,1.);
#3174 = DIRECTION('',(1.,0.));
#3175 = ( GEOMETRIC_REPRESENTATION_CONTEXT(2) 
PARAMETRIC_REPRESENTATION_CONTEXT() REPRESENTATION_CONTEXT('2D SPACE',''
  ) );
#3176 = ADVANCED_FACE('',(#3177),#3165,.T.);
#3177 = FACE_BOUND('',#3178,.T.);
#3178 = EDGE_LOOP('',(#3179,#3180,#3203,#3226));
#3179 = ORIENTED_EDGE('',*,*,#3151,.F.);
#3180 = ORIENTED_EDGE('',*,*,#3181,.T.);
#3181 = EDGE_CURVE('',#3105,#3182,#3184,.T.);
#3182 = VERTEX_POINT('',#3183);
#3183 = CARTESIAN_POINT('',(30.,-30.3,3.));
#3184 = SURFACE_CURVE('',#3185,(#3189,#3196),.PCURVE_S1.);
#3185 = LINE('',#3186,#3187);
#3186 = CARTESIAN_POINT('',(30.,-31.7,3.));
#3187 = VECTOR('',#3188,1.);
#3188 = DIRECTION('',(0.,1.,0.));
#3189 = PCURVE('',#3165,#3190);
#3190 = DEFINITIONAL_REPRESENTATION('',(#3191),#3195);
#3191 = LINE('',#3192,#3193);
#3192 = CARTESIAN_POINT('',(0.,0.));
#3193 = VECTOR('',#3194,1.);
#3194 = DIRECTION('',(0.,-1.));
#3195 = ( GEOMETRIC_REPRESENTATION_CONTEXT(2) 
PARAMETRIC_REPRESENTATION_CONTEXT() REPRESENTATION_CONTEXT('2D SPACE',''
  ) );
#3196 = PCURVE('',#102,#3197);
#3197 = DEFINITIONAL_REPRESENTATION('',(#3198),#3202);
#3198 = LINE('',#3199,#3200);
#3199 = CARTESIAN_POINT('',(65.,0.3));
#3200 = VECTOR('',#3201,1.);
#3201 = DIRECTION('',(0.,1.));
#3202 = ( GEOMETRIC_REPRESENTATION_CONTEXT(2) 
PARAMETRIC_REPRESENTATION_CONTEXT() REPRESENTATION_CONTEXT('2D SPACE',''
  ) );
#3203 = ORIENTED_EDGE('',*,*,#3204,.T.);
#3204 = EDGE_CURVE('',#3182,#3205,#3207,.T.);
#3205 = VERTEX_POINT('',#3206);
#3206 = CARTESIAN_POINT('',(30.,-30.3,5.));
#3207 = SURFACE_CURVE('',#3208,(#3212,#3219),.PCURVE_S1.);
#3208 = LINE('',#3209,#3210);
#3209 = CARTESIAN_POINT('',(30.,-30.3,3.));
#3210 = VECTOR('',#3211,1.);
#3211 = DIRECTION('',(0.,0.,1.));
#3212 = PCURVE('',#3165,#3213);
#3213 = DEFINITIONAL_REPRESENTATION('',(#3214),#3218);
#3214 = LINE('',#3215,#3216);
#3215 = CARTESIAN_POINT('',(0.,-1.4));
#3216 = VECTOR('',#3217,1.);
#3217 = DIRECTION('',(1.,0.));
#3218 = ( GEOMETRIC_REPRESENTATION_CONTEXT(2) 
PARAMETRIC_REPRESENTATION_CONTEXT() REPRESENTATION_CONTEXT('2D SPACE',''
  ) );
#3219 = PCURVE('',#3016,#3220);
#3220 = DEFINITIONAL_REPRESENTATION('',(#3221),#3225);
#3221 = LINE('',#3222,#3223);
#3222 = CARTESIAN_POINT('',(0.,60.));
#3223 = VECTOR('',#3224,1.);
#3224 = DIRECTION('',(1.,0.));
#3225 = ( GEOMETRIC_REPRESENTATION_CONTEXT(2) 
PARAMETRIC_REPRESENTATION_CONTEXT() REPRESENTATION_CONTEXT('2D SPACE',''
  ) );
#3226 = ORIENTED_EDGE('',*,*,#3227,.F.);
#3227 = EDGE_CURVE('',#3129,#3205,#3228,.T.);
#3228 = SURFACE_CURVE('',#3229,(#3233,#3240),.PCURVE_S1.);
#3229 = LINE('',#3230,#3231);
#3230 = CARTESIAN_POINT('',(30.,-31.7,5.));
#3231 = VECTOR('',#3232,1.);
#3232 = DIRECTION('',(0.,1.,0.));
#3233 = PCURVE('',#3165,#3234);
#3234 = DEFINITIONAL_REPRESENTATION('',(#3235),#3239);
#3235 = LINE('',#3236,#3237);
#3236 = CARTESIAN_POINT('',(2.,0.));
#3237 = VECTOR('',#3238,1.);
#3238 = DIRECTION('',(0.,-1.));
#3239 = ( GEOMETRIC_REPRESENTATION_CONTEXT(2) 
PARAMETRIC_REPRESENTATION_CONTEXT() REPRESENTATION_CONTEXT('2D SPACE',''
  ) );
#3240 = PCURVE('',#3043,#3241);
#3241 = DEFINITIONAL_REPRESENTATION('',(#3242),#3246);
#3242 = LINE('',#3243,#3244);
#3243 = CARTESIAN_POINT('',(60.,0.));
#3244 = VECTOR('',#3245,1.);
#3245 = DIRECTION('',(0.,1.));
#3246 = ( GEOMETRIC_REPRESENTATION_CONTEXT(2) 
PARAMETRIC_REPRESENTATION_CONTEXT() REPRESENTATION_CONTEXT('2D SPACE',''
  ) );
#3247 = ADVANCED_FACE('',(#3248),#3043,.T.);
#3248 = FACE_BOUND('',#3249,.T.);
#3249 = EDGE_LOOP('',(#3250,#3271,#3272,#3273));
#3250 = ORIENTED_EDGE('',*,*,#3251,.F.);
#3251 = EDGE_CURVE('',#3001,#3205,#3252,.T.);
#3252 = SURFACE_CURVE('',#3253,(#3257,#3264),.PCURVE_S1.);
#3253 = LINE('',#3254,#3255);
#3254 = CARTESIAN_POINT('',(-30.,-30.3,5.));
#3255 = VECTOR('',#3256,1.);
#3256 = DIRECTION('',(1.,0.,0.));
#3257 = PCURVE('',#3043,#3258);
#3258 = DEFINITIONAL_REPRESENTATION('',(#3259),#3263);
#3259 = LINE('',#3260,#3261);
#3260 = CARTESIAN_POINT('',(0.,1.4));
#3261 = VECTOR('',#3262,1.);
#3262 = DIRECTION('',(1.,0.));
#3263 = ( GEOMETRIC_REPRESENTATION_CONTEXT(2) 
PARAMETRIC_REPRESENTATION_CONTEXT() REPRESENTATION_CONTEXT('2D SPACE',''
  ) );
#3264 = PCURVE('',#3016,#3265);
#3265 = DEFINITIONAL_REPRESENTATION('',(#3266),#3270);
#3266 = LINE('',#3267,#3268);
#3267 = CARTESIAN_POINT('',(2.,0.));
#3268 = VECTOR('',#3269,1.);
#3269 = DIRECTION('',(0.,1.));
#3270 = ( GEOMETRIC_REPRESENTATION_CONTEXT(2) 
PARAMETRIC_REPRESENTATION_CONTEXT() REPRESENTATION_CONTEXT('2D SPACE',''
  ) );
#3271 = ORIENTED_EDGE('',*,*,#3027,.F.);
#3272 = ORIENTED_EDGE('',*,*,#3128,.T.);
#3273 = ORIENTED_EDGE('',*,*,#3227,.T.);
#3274 = ADVANCED_FACE('',(#3275),#3016,.T.);
#3275 = FACE_BOUND('',#3276,.T.);
#3276 = EDGE_LOOP('',(#3277,#3298,#3299,#3300));
#3277 = ORIENTED_EDGE('',*,*,#3278,.F.);
#3278 = EDGE_CURVE('',#2979,#3182,#3279,.T.);
#3279 = SURFACE_CURVE('',#3280,(#3284,#3291),.PCURVE_S1.);
#3280 = LINE('',#3281,#3282);
#3281 = CARTESIAN_POINT('',(-30.,-30.3,3.));
#3282 = VECTOR('',#3283,1.);
#3283 = DIRECTION('',(1.,0.,0.));
#3284 = PCURVE('',#3016,#3285);
#3285 = DEFINITIONAL_REPRESENTATION('',(#3286),#3290);
#3286 = LINE('',#3287,#3288);
#3287 = CARTESIAN_POINT('',(0.,0.));
#3288 = VECTOR('',#3289,1.);
#3289 = DIRECTION('',(0.,1.));
#3290 = ( GEOMETRIC_REPRESENTATION_CONTEXT(2) 
PARAMETRIC_REPRESENTATION_CONTEXT() REPRESENTATION_CONTEXT('2D SPACE',''
  ) );
#3291 = PCURVE('',#102,#3292);
#3292 = DEFINITIONAL_REPRESENTATION('',(#3293),#3297);
#3293 = LINE('',#3294,#3295);
#3294 = CARTESIAN_POINT('',(5.,1.7));
#3295 = VECTOR('',#3296,1.);
#3296 = DIRECTION('',(1.,0.));
#3297 = ( GEOMETRIC_REPRESENTATION_CONTEXT(2) 
PARAMETRIC_REPRESENTATION_CONTEXT() REPRESENTATION_CONTEXT('2D SPACE',''
  ) );
#3298 = ORIENTED_EDGE('',*,*,#3000,.F.);
#3299 = ORIENTED_EDGE('',*,*,#3251,.T.);
#3300 = ORIENTED_EDGE('',*,*,#3204,.F.);
#3301 = ADVANCED_FACE('',(#3302),#2966,.F.);
#3302 = FACE_BOUND('',#3303,.F.);
#3303 = EDGE_LOOP('',(#3304,#3305,#3326,#3349));
#3304 = ORIENTED_EDGE('',*,*,#2950,.F.);
#3305 = ORIENTED_EDGE('',*,*,#3306,.F.);
#3306 = EDGE_CURVE('',#3307,#2923,#3309,.T.);
#3307 = VERTEX_POINT('',#3308);
#3308 = CARTESIAN_POINT('',(20.4,-30.,1.1));
#3309 = SURFACE_CURVE('',#3310,(#3314,#3320),.PCURVE_S1.);
#3310 = LINE('',#3311,#3312);
#3311 = CARTESIAN_POINT('',(20.4,-30.,1.1));
#3312 = VECTOR('',#3313,1.);
#3313 = DIRECTION('',(1.,0.,0.));
#3314 = PCURVE('',#2966,#3315);
#3315 = DEFINITIONAL_REPRESENTATION('',(#3316),#3319);
#3316 = B_SPLINE_CURVE_WITH_KNOTS('',1,(#3317,#3318),.UNSPECIFIED.,.F.,
  .F.,(2,2),(0.,3.2),.PIECEWISE_BEZIER_KNOTS.);
#3317 = CARTESIAN_POINT('',(3.1,0.));
#3318 = CARTESIAN_POINT('',(3.1,3.2));
#3319 = ( GEOMETRIC_REPRESENTATION_CONTEXT(2) 
PARAMETRIC_REPRESENTATION_CONTEXT() REPRESENTATION_CONTEXT('2D SPACE',''
  ) );
#3320 = PCURVE('',#2938,#3321);
#3321 = DEFINITIONAL_REPRESENTATION('',(#3322),#3325);
#3322 = B_SPLINE_CURVE_WITH_KNOTS('',1,(#3323,#3324),.UNSPECIFIED.,.F.,
  .F.,(2,2),(0.,3.2),.PIECEWISE_BEZIER_KNOTS.);
#3323 = CARTESIAN_POINT('',(0.,2.5));
#3324 = CARTESIAN_POINT('',(3.2,2.5));
#3325 = ( GEOMETRIC_REPRESENTATION_CONTEXT(2) 
PARAMETRIC_REPRESENTATION_CONTEXT() REPRESENTATION_CONTEXT('2D SPACE',''
  ) );
#3326 = ORIENTED_EDGE('',*,*,#3327,.T.);
#3327 = EDGE_CURVE('',#3307,#3328,#3330,.T.);
#3328 = VERTEX_POINT('',#3329);
#3329 = CARTESIAN_POINT('',(20.4,-30.,3.));
#3330 = SURFACE_CURVE('',#3331,(#3335,#3342),.PCURVE_S1.);
#3331 = LINE('',#3332,#3333);
#3332 = CARTESIAN_POINT('',(20.4,-30.,-2.));
#3333 = VECTOR('',#3334,1.);
#3334 = DIRECTION('',(0.,0.,1.));
#3335 = PCURVE('',#2966,#3336);
#3336 = DEFINITIONAL_REPRESENTATION('',(#3337),#3341);
#3337 = LINE('',#3338,#3339);
#3338 = CARTESIAN_POINT('',(0.,0.));
#3339 = VECTOR('',#3340,1.);
#3340 = DIRECTION('',(1.,0.));
#3341 = ( GEOMETRIC_REPRESENTATION_CONTEXT(2) 
PARAMETRIC_REPRESENTATION_CONTEXT() REPRESENTATION_CONTEXT('2D SPACE',''
  ) );
#3342 = PCURVE('',#378,#3343);
#3343 = DEFINITIONAL_REPRESENTATION('',(#3344),#3348);
#3344 = LINE('',#3345,#3346);
#3345 = CARTESIAN_POINT('',(0.,-2.));
#3346 = VECTOR('',#3347,1.);
#3347 = DIRECTION('',(1.,0.));
#3348 = ( GEOMETRIC_REPRESENTATION_CONTEXT(2) 
PARAMETRIC_REPRESENTATION_CONTEXT() REPRESENTATION_CONTEXT('2D SPACE',''
  ) );
#3349 = ORIENTED_EDGE('',*,*,#3350,.F.);
#3350 = EDGE_CURVE('',#2951,#3328,#3351,.T.);
#3351 = SURFACE_CURVE('',#3352,(#3356,#3362),.PCURVE_S1.);
#3352 = LINE('',#3353,#3354);
#3353 = CARTESIAN_POINT('',(-7.3,-30.,3.));
#3354 = VECTOR('',#3355,1.);
#3355 = DIRECTION('',(-1.,0.,0.));
#3356 = PCURVE('',#2966,#3357);
#3357 = DEFINITIONAL_REPRESENTATION('',(#3358),#3361);
#3358 = B_SPLINE_CURVE_WITH_KNOTS('',1,(#3359,#3360),.UNSPECIFIED.,.F.,
  .F.,(2,2),(-30.9,-27.7),.PIECEWISE_BEZIER_KNOTS.);
#3359 = CARTESIAN_POINT('',(5.,3.2));
#3360 = CARTESIAN_POINT('',(5.,0.));
#3361 = ( GEOMETRIC_REPRESENTATION_CONTEXT(2) 
PARAMETRIC_REPRESENTATION_CONTEXT() REPRESENTATION_CONTEXT('2D SPACE',''
  ) );
#3362 = PCURVE('',#102,#3363);
#3363 = DEFINITIONAL_REPRESENTATION('',(#3364),#3367);
#3364 = B_SPLINE_CURVE_WITH_KNOTS('',1,(#3365,#3366),.UNSPECIFIED.,.F.,
  .F.,(2,2),(-30.9,-27.7),.PIECEWISE_BEZIER_KNOTS.);
#3365 = CARTESIAN_POINT('',(58.6,2.));
#3366 = CARTESIAN_POINT('',(55.4,2.));
#3367 = ( GEOMETRIC_REPRESENTATION_CONTEXT(2) 
PARAMETRIC_REPRESENTATION_CONTEXT() REPRESENTATION_CONTEXT('2D SPACE',''
  ) );
#3368 = ADVANCED_FACE('',(#3369),#2938,.F.);
#3369 = FACE_BOUND('',#3370,.F.);
#3370 = EDGE_LOOP('',(#3371,#3394,#3395,#3396));
#3371 = ORIENTED_EDGE('',*,*,#3372,.F.);
#3372 = EDGE_CURVE('',#3307,#3373,#3375,.T.);
#3373 = VERTEX_POINT('',#3374);
#3374 = CARTESIAN_POINT('',(20.4,-11.,1.1));
#3375 = SURFACE_CURVE('',#3376,(#3380,#3387),.PCURVE_S1.);
#3376 = LINE('',#3377,#3378);
#3377 = CARTESIAN_POINT('',(20.4,-32.5,1.1));
#3378 = VECTOR('',#3379,1.);
#3379 = DIRECTION('',(0.,1.,0.));
#3380 = PCURVE('',#2938,#3381);
#3381 = DEFINITIONAL_REPRESENTATION('',(#3382),#3386);
#3382 = LINE('',#3383,#3384);
#3383 = CARTESIAN_POINT('',(0.,0.));
#3384 = VECTOR('',#3385,1.);
#3385 = DIRECTION('',(0.,1.));
#3386 = ( GEOMETRIC_REPRESENTATION_CONTEXT(2) 
PARAMETRIC_REPRESENTATION_CONTEXT() REPRESENTATION_CONTEXT('2D SPACE',''
  ) );
#3387 = PCURVE('',#378,#3388);
#3388 = DEFINITIONAL_REPRESENTATION('',(#3389),#3393);
#3389 = LINE('',#3390,#3391);
#3390 = CARTESIAN_POINT('',(3.1,0.5));
#3391 = VECTOR('',#3392,1.);
#3392 = DIRECTION('',(0.,-1.));
#3393 = ( GEOMETRIC_REPRESENTATION_CONTEXT(2) 
PARAMETRIC_REPRESENTATION_CONTEXT() REPRESENTATION_CONTEXT('2D SPACE',''
  ) );
#3394 = ORIENTED_EDGE('',*,*,#3306,.T.);
#3395 = ORIENTED_EDGE('',*,*,#2922,.T.);
#3396 = ORIENTED_EDGE('',*,*,#3397,.F.);
#3397 = EDGE_CURVE('',#3373,#2895,#3398,.T.);
#3398 = SURFACE_CURVE('',#3399,(#3403,#3409),.PCURVE_S1.);
#3399 = LINE('',#3400,#3401);
#3400 = CARTESIAN_POINT('',(20.4,-11.,1.1));
#3401 = VECTOR('',#3402,1.);
#3402 = DIRECTION('',(1.,0.,0.));
#3403 = PCURVE('',#2938,#3404);
#3404 = DEFINITIONAL_REPRESENTATION('',(#3405),#3408);
#3405 = B_SPLINE_CURVE_WITH_KNOTS('',1,(#3406,#3407),.UNSPECIFIED.,.F.,
  .F.,(2,2),(0.,3.2),.PIECEWISE_BEZIER_KNOTS.);
#3406 = CARTESIAN_POINT('',(0.,21.5));
#3407 = CARTESIAN_POINT('',(3.2,21.5));
#3408 = ( GEOMETRIC_REPRESENTATION_CONTEXT(2) 
PARAMETRIC_REPRESENTATION_CONTEXT() REPRESENTATION_CONTEXT('2D SPACE',''
  ) );
#3409 = PCURVE('',#2910,#3410);
#3410 = DEFINITIONAL_REPRESENTATION('',(#3411),#3414);
#3411 = B_SPLINE_CURVE_WITH_KNOTS('',1,(#3412,#3413),.UNSPECIFIED.,.F.,
  .F.,(2,2),(0.,3.2),.PIECEWISE_BEZIER_KNOTS.);
#3412 = CARTESIAN_POINT('',(3.1,0.));
#3413 = CARTESIAN_POINT('',(3.1,3.2));
#3414 = ( GEOMETRIC_REPRESENTATION_CONTEXT(2) 
PARAMETRIC_REPRESENTATION_CONTEXT() REPRESENTATION_CONTEXT('2D SPACE',''
  ) );
#3415 = ADVANCED_FACE('',(#3416),#2910,.T.);
#3416 = FACE_BOUND('',#3417,.T.);
#3417 = EDGE_LOOP('',(#3418,#3419,#3420,#3443));
#3418 = ORIENTED_EDGE('',*,*,#2894,.F.);
#3419 = ORIENTED_EDGE('',*,*,#3397,.F.);
#3420 = ORIENTED_EDGE('',*,*,#3421,.T.);
#3421 = EDGE_CURVE('',#3373,#3422,#3424,.T.);
#3422 = VERTEX_POINT('',#3423);
#3423 = CARTESIAN_POINT('',(20.4,-11.,3.));
#3424 = SURFACE_CURVE('',#3425,(#3429,#3436),.PCURVE_S1.);
#3425 = LINE('',#3426,#3427);
#3426 = CARTESIAN_POINT('',(20.4,-11.,-2.));
#3427 = VECTOR('',#3428,1.);
#3428 = DIRECTION('',(0.,0.,1.));
#3429 = PCURVE('',#2910,#3430);
#3430 = DEFINITIONAL_REPRESENTATION('',(#3431),#3435);
#3431 = LINE('',#3432,#3433);
#3432 = CARTESIAN_POINT('',(0.,0.));
#3433 = VECTOR('',#3434,1.);
#3434 = DIRECTION('',(1.,0.));
#3435 = ( GEOMETRIC_REPRESENTATION_CONTEXT(2) 
PARAMETRIC_REPRESENTATION_CONTEXT() REPRESENTATION_CONTEXT('2D SPACE',''
  ) );
#3436 = PCURVE('',#378,#3437);
#3437 = DEFINITIONAL_REPRESENTATION('',(#3438),#3442);
#3438 = LINE('',#3439,#3440);
#3439 = CARTESIAN_POINT('',(0.,-21.));
#3440 = VECTOR('',#3441,1.);
#3441 = DIRECTION('',(1.,0.));
#3442 = ( GEOMETRIC_REPRESENTATION_CONTEXT(2) 
PARAMETRIC_REPRESENTATION_CONTEXT() REPRESENTATION_CONTEXT('2D SPACE',''
  ) );
#3443 = ORIENTED_EDGE('',*,*,#3444,.F.);
#3444 = EDGE_CURVE('',#2873,#3422,#3445,.T.);
#3445 = SURFACE_CURVE('',#3446,(#3450,#3456),.PCURVE_S1.);
#3446 = LINE('',#3447,#3448);
#3447 = CARTESIAN_POINT('',(-7.3,-11.,3.));
#3448 = VECTOR('',#3449,1.);
#3449 = DIRECTION('',(-1.,0.,0.));
#3450 = PCURVE('',#2910,#3451);
#3451 = DEFINITIONAL_REPRESENTATION('',(#3452),#3455);
#3452 = B_SPLINE_CURVE_WITH_KNOTS('',1,(#3453,#3454),.UNSPECIFIED.,.F.,
  .F.,(2,2),(-30.9,-27.7),.PIECEWISE_BEZIER_KNOTS.);
#3453 = CARTESIAN_POINT('',(5.,3.2));
#3454 = CARTESIAN_POINT('',(5.,0.));
#3455 = ( GEOMETRIC_REPRESENTATION_CONTEXT(2) 
PARAMETRIC_REPRESENTATION_CONTEXT() REPRESENTATION_CONTEXT('2D SPACE',''
  ) );
#3456 = PCURVE('',#102,#3457);
#3457 = DEFINITIONAL_REPRESENTATION('',(#3458),#3461);
#3458 = B_SPLINE_CURVE_WITH_KNOTS('',1,(#3459,#3460),.UNSPECIFIED.,.F.,
  .F.,(2,2),(-30.9,-27.7),.PIECEWISE_BEZIER_KNOTS.);
#3459 = CARTESIAN_POINT('',(58.6,21.));
#3460 = CARTESIAN_POINT('',(55.4,21.));
#3461 = ( GEOMETRIC_REPRESENTATION_CONTEXT(2) 
PARAMETRIC_REPRESENTATION_CONTEXT() REPRESENTATION_CONTEXT('2D SPACE',''
  ) );
#3462 = ADVANCED_FACE('',(#3463),#2861,.F.);
#3463 = FACE_BOUND('',#3464,.F.);
#3464 = EDGE_LOOP('',(#3465,#3488,#3489,#3512));
#3465 = ORIENTED_EDGE('',*,*,#3466,.F.);
#3466 = EDGE_CURVE('',#2846,#3467,#3469,.T.);
#3467 = VERTEX_POINT('',#3468);
#3468 = CARTESIAN_POINT('',(30.,-10.7,3.));
#3469 = SURFACE_CURVE('',#3470,(#3474,#3481),.PCURVE_S1.);
#3470 = LINE('',#3471,#3472);
#3471 = CARTESIAN_POINT('',(-30.,-10.7,3.));
#3472 = VECTOR('',#3473,1.);
#3473 = DIRECTION('',(1.,0.,0.));
#3474 = PCURVE('',#2861,#3475);
#3475 = DEFINITIONAL_REPRESENTATION('',(#3476),#3480);
#3476 = LINE('',#3477,#3478);
#3477 = CARTESIAN_POINT('',(0.,0.));
#3478 = VECTOR('',#3479,1.);
#3479 = DIRECTION('',(0.,1.));
#3480 = ( GEOMETRIC_REPRESENTATION_CONTEXT(2) 
PARAMETRIC_REPRESENTATION_CONTEXT() REPRESENTATION_CONTEXT('2D SPACE',''
  ) );
#3481 = PCURVE('',#102,#3482);
#3482 = DEFINITIONAL_REPRESENTATION('',(#3483),#3487);
#3483 = LINE('',#3484,#3485);
#3484 = CARTESIAN_POINT('',(5.,21.3));
#3485 = VECTOR('',#3486,1.);
#3486 = DIRECTION('',(1.,0.));
#3487 = ( GEOMETRIC_REPRESENTATION_CONTEXT(2) 
PARAMETRIC_REPRESENTATION_CONTEXT() REPRESENTATION_CONTEXT('2D SPACE',''
  ) );
#3488 = ORIENTED_EDGE('',*,*,#2845,.F.);
#3489 = ORIENTED_EDGE('',*,*,#3490,.T.);
#3490 = EDGE_CURVE('',#2819,#3491,#3493,.T.);
#3491 = VERTEX_POINT('',#3492);
#3492 = CARTESIAN_POINT('',(30.,-10.7,5.));
#3493 = SURFACE_CURVE('',#3494,(#3498,#3505),.PCURVE_S1.);
#3494 = LINE('',#3495,#3496);
#3495 = CARTESIAN_POINT('',(-30.,-10.7,5.));
#3496 = VECTOR('',#3497,1.);
#3497 = DIRECTION('',(1.,0.,0.));
#3498 = PCURVE('',#2861,#3499);
#3499 = DEFINITIONAL_REPRESENTATION('',(#3500),#3504);
#3500 = LINE('',#3501,#3502);
#3501 = CARTESIAN_POINT('',(2.,0.));
#3502 = VECTOR('',#3503,1.);
#3503 = DIRECTION('',(0.,1.));
#3504 = ( GEOMETRIC_REPRESENTATION_CONTEXT(2) 
PARAMETRIC_REPRESENTATION_CONTEXT() REPRESENTATION_CONTEXT('2D SPACE',''
  ) );
#3505 = PCURVE('',#2834,#3506);
#3506 = DEFINITIONAL_REPRESENTATION('',(#3507),#3511);
#3507 = LINE('',#3508,#3509);
#3508 = CARTESIAN_POINT('',(0.,0.));
#3509 = VECTOR('',#3510,1.);
#3510 = DIRECTION('',(1.,0.));
#3511 = ( GEOMETRIC_REPRESENTATION_CONTEXT(2) 
PARAMETRIC_REPRESENTATION_CONTEXT() REPRESENTATION_CONTEXT('2D SPACE',''
  ) );
#3512 = ORIENTED_EDGE('',*,*,#3513,.F.);
#3513 = EDGE_CURVE('',#3467,#3491,#3514,.T.);
#3514 = SURFACE_CURVE('',#3515,(#3519,#3526),.PCURVE_S1.);
#3515 = LINE('',#3516,#3517);
#3516 = CARTESIAN_POINT('',(30.,-10.7,3.));
#3517 = VECTOR('',#3518,1.);
#3518 = DIRECTION('',(0.,0.,1.));
#3519 = PCURVE('',#2861,#3520);
#3520 = DEFINITIONAL_REPRESENTATION('',(#3521),#3525);
#3521 = LINE('',#3522,#3523);
#3522 = CARTESIAN_POINT('',(0.,60.));
#3523 = VECTOR('',#3524,1.);
#3524 = DIRECTION('',(1.,0.));
#3525 = ( GEOMETRIC_REPRESENTATION_CONTEXT(2) 
PARAMETRIC_REPRESENTATION_CONTEXT() REPRESENTATION_CONTEXT('2D SPACE',''
  ) );
#3526 = PCURVE('',#3527,#3532);
#3527 = PLANE('',#3528);
#3528 = AXIS2_PLACEMENT_3D('',#3529,#3530,#3531);
#3529 = CARTESIAN_POINT('',(30.,-10.7,3.));
#3530 = DIRECTION('',(1.,0.,0.));
#3531 = DIRECTION('',(0.,0.,1.));
#3532 = DEFINITIONAL_REPRESENTATION('',(#3533),#3537);
#3533 = LINE('',#3534,#3535);
#3534 = CARTESIAN_POINT('',(0.,0.));
#3535 = VECTOR('',#3536,1.);
#3536 = DIRECTION('',(1.,0.));
#3537 = ( GEOMETRIC_REPRESENTATION_CONTEXT(2) 
PARAMETRIC_REPRESENTATION_CONTEXT() REPRESENTATION_CONTEXT('2D SPACE',''
  ) );
#3538 = ADVANCED_FACE('',(#3539),#3527,.T.);
#3539 = FACE_BOUND('',#3540,.T.);
#3540 = EDGE_LOOP('',(#3541,#3542,#3565,#3588));
#3541 = ORIENTED_EDGE('',*,*,#3513,.F.);
#3542 = ORIENTED_EDGE('',*,*,#3543,.T.);
#3543 = EDGE_CURVE('',#3467,#3544,#3546,.T.);
#3544 = VERTEX_POINT('',#3545);
#3545 = CARTESIAN_POINT('',(30.,-9.3,3.));
#3546 = SURFACE_CURVE('',#3547,(#3551,#3558),.PCURVE_S1.);
#3547 = LINE('',#3548,#3549);
#3548 = CARTESIAN_POINT('',(30.,-10.7,3.));
#3549 = VECTOR('',#3550,1.);
#3550 = DIRECTION('',(0.,1.,0.));
#3551 = PCURVE('',#3527,#3552);
#3552 = DEFINITIONAL_REPRESENTATION('',(#3553),#3557);
#3553 = LINE('',#3554,#3555);
#3554 = CARTESIAN_POINT('',(0.,0.));
#3555 = VECTOR('',#3556,1.);
#3556 = DIRECTION('',(0.,-1.));
#3557 = ( GEOMETRIC_REPRESENTATION_CONTEXT(2) 
PARAMETRIC_REPRESENTATION_CONTEXT() REPRESENTATION_CONTEXT('2D SPACE',''
  ) );
#3558 = PCURVE('',#102,#3559);
#3559 = DEFINITIONAL_REPRESENTATION('',(#3560),#3564);
#3560 = LINE('',#3561,#3562);
#3561 = CARTESIAN_POINT('',(65.,21.3));
#3562 = VECTOR('',#3563,1.);
#3563 = DIRECTION('',(0.,1.));
#3564 = ( GEOMETRIC_REPRESENTATION_CONTEXT(2) 
PARAMETRIC_REPRESENTATION_CONTEXT() REPRESENTATION_CONTEXT('2D SPACE',''
  ) );
#3565 = ORIENTED_EDGE('',*,*,#3566,.T.);
#3566 = EDGE_CURVE('',#3544,#3567,#3569,.T.);
#3567 = VERTEX_POINT('',#3568);
#3568 = CARTESIAN_POINT('',(30.,-9.3,5.));
#3569 = SURFACE_CURVE('',#3570,(#3574,#3581),.PCURVE_S1.);
#3570 = LINE('',#3571,#3572);
#3571 = CARTESIAN_POINT('',(30.,-9.3,3.));
#3572 = VECTOR('',#3573,1.);
#3573 = DIRECTION('',(0.,0.,1.));
#3574 = PCURVE('',#3527,#3575);
#3575 = DEFINITIONAL_REPRESENTATION('',(#3576),#3580);
#3576 = LINE('',#3577,#3578);
#3577 = CARTESIAN_POINT('',(0.,-1.4));
#3578 = VECTOR('',#3579,1.);
#3579 = DIRECTION('',(1.,0.));
#3580 = ( GEOMETRIC_REPRESENTATION_CONTEXT(2) 
PARAMETRIC_REPRESENTATION_CONTEXT() REPRESENTATION_CONTEXT('2D SPACE',''
  ) );
#3581 = PCURVE('',#2807,#3582);
#3582 = DEFINITIONAL_REPRESENTATION('',(#3583),#3587);
#3583 = LINE('',#3584,#3585);
#3584 = CARTESIAN_POINT('',(0.,60.));
#3585 = VECTOR('',#3586,1.);
#3586 = DIRECTION('',(1.,0.));
#3587 = ( GEOMETRIC_REPRESENTATION_CONTEXT(2) 
PARAMETRIC_REPRESENTATION_CONTEXT() REPRESENTATION_CONTEXT('2D SPACE',''
  ) );
#3588 = ORIENTED_EDGE('',*,*,#3589,.F.);
#3589 = EDGE_CURVE('',#3491,#3567,#3590,.T.);
#3590 = SURFACE_CURVE('',#3591,(#3595,#3602),.PCURVE_S1.);
#3591 = LINE('',#3592,#3593);
#3592 = CARTESIAN_POINT('',(30.,-10.7,5.));
#3593 = VECTOR('',#3594,1.);
#3594 = DIRECTION('',(0.,1.,0.));
#3595 = PCURVE('',#3527,#3596);
#3596 = DEFINITIONAL_REPRESENTATION('',(#3597),#3601);
#3597 = LINE('',#3598,#3599);
#3598 = CARTESIAN_POINT('',(2.,0.));
#3599 = VECTOR('',#3600,1.);
#3600 = DIRECTION('',(0.,-1.));
#3601 = ( GEOMETRIC_REPRESENTATION_CONTEXT(2) 
PARAMETRIC_REPRESENTATION_CONTEXT() REPRESENTATION_CONTEXT('2D SPACE',''
  ) );
#3602 = PCURVE('',#2834,#3603);
#3603 = DEFINITIONAL_REPRESENTATION('',(#3604),#3608);
#3604 = LINE('',#3605,#3606);
#3605 = CARTESIAN_POINT('',(60.,0.));
#3606 = VECTOR('',#3607,1.);
#3607 = DIRECTION('',(0.,1.));
#3608 = ( GEOMETRIC_REPRESENTATION_CONTEXT(2) 
PARAMETRIC_REPRESENTATION_CONTEXT() REPRESENTATION_CONTEXT('2D SPACE',''
  ) );
#3609 = ADVANCED_FACE('',(#3610),#2834,.T.);
#3610 = FACE_BOUND('',#3611,.T.);
#3611 = EDGE_LOOP('',(#3612,#3613,#3614,#3615));
#3612 = ORIENTED_EDGE('',*,*,#2818,.F.);
#3613 = ORIENTED_EDGE('',*,*,#3490,.T.);
#3614 = ORIENTED_EDGE('',*,*,#3589,.T.);
#3615 = ORIENTED_EDGE('',*,*,#3616,.F.);
#3616 = EDGE_CURVE('',#2792,#3567,#3617,.T.);
#3617 = SURFACE_CURVE('',#3618,(#3622,#3629),.PCURVE_S1.);
#3618 = LINE('',#3619,#3620);
#3619 = CARTESIAN_POINT('',(-30.,-9.3,5.));
#3620 = VECTOR('',#3621,1.);
#3621 = DIRECTION('',(1.,0.,0.));
#3622 = PCURVE('',#2834,#3623);
#3623 = DEFINITIONAL_REPRESENTATION('',(#3624),#3628);
#3624 = LINE('',#3625,#3626);
#3625 = CARTESIAN_POINT('',(0.,1.4));
#3626 = VECTOR('',#3627,1.);
#3627 = DIRECTION('',(1.,0.));
#3628 = ( GEOMETRIC_REPRESENTATION_CONTEXT(2) 
PARAMETRIC_REPRESENTATION_CONTEXT() REPRESENTATION_CONTEXT('2D SPACE',''
  ) );
#3629 = PCURVE('',#2807,#3630);
#3630 = DEFINITIONAL_REPRESENTATION('',(#3631),#3635);
#3631 = LINE('',#3632,#3633);
#3632 = CARTESIAN_POINT('',(2.,0.));
#3633 = VECTOR('',#3634,1.);
#3634 = DIRECTION('',(0.,1.));
#3635 = ( GEOMETRIC_REPRESENTATION_CONTEXT(2) 
PARAMETRIC_REPRESENTATION_CONTEXT() REPRESENTATION_CONTEXT('2D SPACE',''
  ) );
#3636 = ADVANCED_FACE('',(#3637),#2807,.T.);
#3637 = FACE_BOUND('',#3638,.T.);
#3638 = EDGE_LOOP('',(#3639,#3660,#3661,#3662));
#3639 = ORIENTED_EDGE('',*,*,#3640,.F.);
#3640 = EDGE_CURVE('',#2770,#3544,#3641,.T.);
#3641 = SURFACE_CURVE('',#3642,(#3646,#3653),.PCURVE_S1.);
#3642 = LINE('',#3643,#3644);
#3643 = CARTESIAN_POINT('',(-30.,-9.3,3.));
#3644 = VECTOR('',#3645,1.);
#3645 = DIRECTION('',(1.,0.,0.));
#3646 = PCURVE('',#2807,#3647);
#3647 = DEFINITIONAL_REPRESENTATION('',(#3648),#3652);
#3648 = LINE('',#3649,#3650);
#3649 = CARTESIAN_POINT('',(0.,0.));
#3650 = VECTOR('',#3651,1.);
#3651 = DIRECTION('',(0.,1.));
#3652 = ( GEOMETRIC_REPRESENTATION_CONTEXT(2) 
PARAMETRIC_REPRESENTATION_CONTEXT() REPRESENTATION_CONTEXT('2D SPACE',''
  ) );
#3653 = PCURVE('',#102,#3654);
#3654 = DEFINITIONAL_REPRESENTATION('',(#3655),#3659);
#3655 = LINE('',#3656,#3657);
#3656 = CARTESIAN_POINT('',(5.,22.7));
#3657 = VECTOR('',#3658,1.);
#3658 = DIRECTION('',(1.,0.));
#3659 = ( GEOMETRIC_REPRESENTATION_CONTEXT(2) 
PARAMETRIC_REPRESENTATION_CONTEXT() REPRESENTATION_CONTEXT('2D SPACE',''
  ) );
#3660 = ORIENTED_EDGE('',*,*,#2791,.F.);
#3661 = ORIENTED_EDGE('',*,*,#3616,.T.);
#3662 = ORIENTED_EDGE('',*,*,#3566,.F.);
#3663 = ADVANCED_FACE('',(#3664),#2757,.F.);
#3664 = FACE_BOUND('',#3665,.F.);
#3665 = EDGE_LOOP('',(#3666,#3667,#3688,#3711));
#3666 = ORIENTED_EDGE('',*,*,#2741,.F.);
#3667 = ORIENTED_EDGE('',*,*,#3668,.F.);
#3668 = EDGE_CURVE('',#3669,#2714,#3671,.T.);
#3669 = VERTEX_POINT('',#3670);
#3670 = CARTESIAN_POINT('',(20.4,-9.,1.1));
#3671 = SURFACE_CURVE('',#3672,(#3676,#3682),.PCURVE_S1.);
#3672 = LINE('',#3673,#3674);
#3673 = CARTESIAN_POINT('',(20.4,-9.,1.1));
#3674 = VECTOR('',#3675,1.);
#3675 = DIRECTION('',(1.,0.,0.));
#3676 = PCURVE('',#2757,#3677);
#3677 = DEFINITIONAL_REPRESENTATION('',(#3678),#3681);
#3678 = B_SPLINE_CURVE_WITH_KNOTS('',1,(#3679,#3680),.UNSPECIFIED.,.F.,
  .F.,(2,2),(0.,3.2),.PIECEWISE_BEZIER_KNOTS.);
#3679 = CARTESIAN_POINT('',(3.1,0.));
#3680 = CARTESIAN_POINT('',(3.1,3.2));
#3681 = ( GEOMETRIC_REPRESENTATION_CONTEXT(2) 
PARAMETRIC_REPRESENTATION_CONTEXT() REPRESENTATION_CONTEXT('2D SPACE',''
  ) );
#3682 = PCURVE('',#2729,#3683);
#3683 = DEFINITIONAL_REPRESENTATION('',(#3684),#3687);
#3684 = B_SPLINE_CURVE_WITH_KNOTS('',1,(#3685,#3686),.UNSPECIFIED.,.F.,
  .F.,(2,2),(0.,3.2),.PIECEWISE_BEZIER_KNOTS.);
#3685 = CARTESIAN_POINT('',(0.,23.5));
#3686 = CARTESIAN_POINT('',(3.2,23.5));
#3687 = ( GEOMETRIC_REPRESENTATION_CONTEXT(2) 
PARAMETRIC_REPRESENTATION_CONTEXT() REPRESENTATION_CONTEXT('2D SPACE',''
  ) );
#3688 = ORIENTED_EDGE('',*,*,#3689,.T.);
#3689 = EDGE_CURVE('',#3669,#3690,#3692,.T.);
#3690 = VERTEX_POINT('',#3691);
#3691 = CARTESIAN_POINT('',(20.4,-9.,3.));
#3692 = SURFACE_CURVE('',#3693,(#3697,#3704),.PCURVE_S1.);
#3693 = LINE('',#3694,#3695);
#3694 = CARTESIAN_POINT('',(20.4,-9.,-2.));
#3695 = VECTOR('',#3696,1.);
#3696 = DIRECTION('',(0.,0.,1.));
#3697 = PCURVE('',#2757,#3698);
#3698 = DEFINITIONAL_REPRESENTATION('',(#3699),#3703);
#3699 = LINE('',#3700,#3701);
#3700 = CARTESIAN_POINT('',(0.,0.));
#3701 = VECTOR('',#3702,1.);
#3702 = DIRECTION('',(1.,0.));
#3703 = ( GEOMETRIC_REPRESENTATION_CONTEXT(2) 
PARAMETRIC_REPRESENTATION_CONTEXT() REPRESENTATION_CONTEXT('2D SPACE',''
  ) );
#3704 = PCURVE('',#378,#3705);
#3705 = DEFINITIONAL_REPRESENTATION('',(#3706),#3710);
#3706 = LINE('',#3707,#3708);
#3707 = CARTESIAN_POINT('',(0.,-23.));
#3708 = VECTOR('',#3709,1.);
#3709 = DIRECTION('',(1.,0.));
#3710 = ( GEOMETRIC_REPRESENTATION_CONTEXT(2) 
PARAMETRIC_REPRESENTATION_CONTEXT() REPRESENTATION_CONTEXT('2D SPACE',''
  ) );
#3711 = ORIENTED_EDGE('',*,*,#3712,.F.);
#3712 = EDGE_CURVE('',#2742,#3690,#3713,.T.);
#3713 = SURFACE_CURVE('',#3714,(#3718,#3724),.PCURVE_S1.);
#3714 = LINE('',#3715,#3716);
#3715 = CARTESIAN_POINT('',(-7.3,-9.,3.));
#3716 = VECTOR('',#3717,1.);
#3717 = DIRECTION('',(-1.,0.,0.));
#3718 = PCURVE('',#2757,#3719);
#3719 = DEFINITIONAL_REPRESENTATION('',(#3720),#3723);
#3720 = B_SPLINE_CURVE_WITH_KNOTS('',1,(#3721,#3722),.UNSPECIFIED.,.F.,
  .F.,(2,2),(-30.9,-27.7),.PIECEWISE_BEZIER_KNOTS.);
#3721 = CARTESIAN_POINT('',(5.,3.2));
#3722 = CARTESIAN_POINT('',(5.,0.));
#3723 = ( GEOMETRIC_REPRESENTATION_CONTEXT(2) 
PARAMETRIC_REPRESENTATION_CONTEXT() REPRESENTATION_CONTEXT('2D SPACE',''
  ) );
#3724 = PCURVE('',#102,#3725);
#3725 = DEFINITIONAL_REPRESENTATION('',(#3726),#3729);
#3726 = B_SPLINE_CURVE_WITH_KNOTS('',1,(#3727,#3728),.UNSPECIFIED.,.F.,
  .F.,(2,2),(-30.9,-27.7),.PIECEWISE_BEZIER_KNOTS.);
#3727 = CARTESIAN_POINT('',(58.6,23.));
#3728 = CARTESIAN_POINT('',(55.4,23.));
#3729 = ( GEOMETRIC_REPRESENTATION_CONTEXT(2) 
PARAMETRIC_REPRESENTATION_CONTEXT() REPRESENTATION_CONTEXT('2D SPACE',''
  ) );
#3730 = ADVANCED_FACE('',(#3731),#2729,.F.);
#3731 = FACE_BOUND('',#3732,.F.);
#3732 = EDGE_LOOP('',(#3733,#3756,#3757,#3758));
#3733 = ORIENTED_EDGE('',*,*,#3734,.F.);
#3734 = EDGE_CURVE('',#3669,#3735,#3737,.T.);
#3735 = VERTEX_POINT('',#3736);
#3736 = CARTESIAN_POINT('',(20.4,-8.5,1.1));
#3737 = SURFACE_CURVE('',#3738,(#3742,#3749),.PCURVE_S1.);
#3738 = LINE('',#3739,#3740);
#3739 = CARTESIAN_POINT('',(20.4,-32.5,1.1));
#3740 = VECTOR('',#3741,1.);
#3741 = DIRECTION('',(0.,1.,0.));
#3742 = PCURVE('',#2729,#3743);
#3743 = DEFINITIONAL_REPRESENTATION('',(#3744),#3748);
#3744 = LINE('',#3745,#3746);
#3745 = CARTESIAN_POINT('',(0.,0.));
#3746 = VECTOR('',#3747,1.);
#3747 = DIRECTION('',(0.,1.));
#3748 = ( GEOMETRIC_REPRESENTATION_CONTEXT(2) 
PARAMETRIC_REPRESENTATION_CONTEXT() REPRESENTATION_CONTEXT('2D SPACE',''
  ) );
#3749 = PCURVE('',#378,#3750);
#3750 = DEFINITIONAL_REPRESENTATION('',(#3751),#3755);
#3751 = LINE('',#3752,#3753);
#3752 = CARTESIAN_POINT('',(3.1,0.5));
#3753 = VECTOR('',#3754,1.);
#3754 = DIRECTION('',(0.,-1.));
#3755 = ( GEOMETRIC_REPRESENTATION_CONTEXT(2) 
PARAMETRIC_REPRESENTATION_CONTEXT() REPRESENTATION_CONTEXT('2D SPACE',''
  ) );
#3756 = ORIENTED_EDGE('',*,*,#3668,.T.);
#3757 = ORIENTED_EDGE('',*,*,#2713,.T.);
#3758 = ORIENTED_EDGE('',*,*,#3759,.F.);
#3759 = EDGE_CURVE('',#3735,#2691,#3760,.T.);
#3760 = SURFACE_CURVE('',#3761,(#3765,#3772),.PCURVE_S1.);
#3761 = LINE('',#3762,#3763);
#3762 = CARTESIAN_POINT('',(20.4,-8.5,1.1));
#3763 = VECTOR('',#3764,1.);
#3764 = DIRECTION('',(1.,0.,0.));
#3765 = PCURVE('',#2729,#3766);
#3766 = DEFINITIONAL_REPRESENTATION('',(#3767),#3771);
#3767 = LINE('',#3768,#3769);
#3768 = CARTESIAN_POINT('',(0.,24.));
#3769 = VECTOR('',#3770,1.);
#3770 = DIRECTION('',(1.,0.));
#3771 = ( GEOMETRIC_REPRESENTATION_CONTEXT(2) 
PARAMETRIC_REPRESENTATION_CONTEXT() REPRESENTATION_CONTEXT('2D SPACE',''
  ) );
#3772 = PCURVE('',#405,#3773);
#3773 = DEFINITIONAL_REPRESENTATION('',(#3774),#3778);
#3774 = LINE('',#3775,#3776);
#3775 = CARTESIAN_POINT('',(1.2,0.));
#3776 = VECTOR('',#3777,1.);
#3777 = DIRECTION('',(0.,1.));
#3778 = ( GEOMETRIC_REPRESENTATION_CONTEXT(2) 
PARAMETRIC_REPRESENTATION_CONTEXT() REPRESENTATION_CONTEXT('2D SPACE',''
  ) );
#3779 = ADVANCED_FACE('',(#3780),#405,.F.);
#3780 = FACE_BOUND('',#3781,.F.);
#3781 = EDGE_LOOP('',(#3782,#3783,#3784,#3805));
#3782 = ORIENTED_EDGE('',*,*,#2690,.F.);
#3783 = ORIENTED_EDGE('',*,*,#390,.T.);
#3784 = ORIENTED_EDGE('',*,*,#3785,.T.);
#3785 = EDGE_CURVE('',#363,#3735,#3786,.T.);
#3786 = SURFACE_CURVE('',#3787,(#3791,#3798),.PCURVE_S1.);
#3787 = LINE('',#3788,#3789);
#3788 = CARTESIAN_POINT('',(20.4,-8.5,-1.E-01));
#3789 = VECTOR('',#3790,1.);
#3790 = DIRECTION('',(0.,0.,1.));
#3791 = PCURVE('',#405,#3792);
#3792 = DEFINITIONAL_REPRESENTATION('',(#3793),#3797);
#3793 = LINE('',#3794,#3795);
#3794 = CARTESIAN_POINT('',(0.,0.));
#3795 = VECTOR('',#3796,1.);
#3796 = DIRECTION('',(1.,0.));
#3797 = ( GEOMETRIC_REPRESENTATION_CONTEXT(2) 
PARAMETRIC_REPRESENTATION_CONTEXT() REPRESENTATION_CONTEXT('2D SPACE',''
  ) );
#3798 = PCURVE('',#378,#3799);
#3799 = DEFINITIONAL_REPRESENTATION('',(#3800),#3804);
#3800 = LINE('',#3801,#3802);
#3801 = CARTESIAN_POINT('',(1.9,-23.5));
#3802 = VECTOR('',#3803,1.);
#3803 = DIRECTION('',(1.,0.));
#3804 = ( GEOMETRIC_REPRESENTATION_CONTEXT(2) 
PARAMETRIC_REPRESENTATION_CONTEXT() REPRESENTATION_CONTEXT('2D SPACE',''
  ) );
#3805 = ORIENTED_EDGE('',*,*,#3759,.T.);
#3806 = ADVANCED_FACE('',(#3807),#378,.T.);
#3807 = FACE_BOUND('',#3808,.T.);
#3808 = EDGE_LOOP('',(#3809,#3832,#3833,#3834,#3835,#3836,#3858,#3885,
    #3912,#3939,#3959,#3960,#3961,#3962,#3984,#4011,#4038,#4065));
#3809 = ORIENTED_EDGE('',*,*,#3810,.T.);
#3810 = EDGE_CURVE('',#3811,#335,#3813,.T.);
#3811 = VERTEX_POINT('',#3812);
#3812 = CARTESIAN_POINT('',(20.4,-32.,3.));
#3813 = SURFACE_CURVE('',#3814,(#3818,#3825),.PCURVE_S1.);
#3814 = LINE('',#3815,#3816);
#3815 = CARTESIAN_POINT('',(20.4,-32.,3.));
#3816 = VECTOR('',#3817,1.);
#3817 = DIRECTION('',(0.,0.,-1.));
#3818 = PCURVE('',#378,#3819);
#3819 = DEFINITIONAL_REPRESENTATION('',(#3820),#3824);
#3820 = LINE('',#3821,#3822);
#3821 = CARTESIAN_POINT('',(5.,0.));
#3822 = VECTOR('',#3823,1.);
#3823 = DIRECTION('',(-1.,0.));
#3824 = ( GEOMETRIC_REPRESENTATION_CONTEXT(2) 
PARAMETRIC_REPRESENTATION_CONTEXT() REPRESENTATION_CONTEXT('2D SPACE',''
  ) );
#3825 = PCURVE('',#350,#3826);
#3826 = DEFINITIONAL_REPRESENTATION('',(#3827),#3831);
#3827 = LINE('',#3828,#3829);
#3828 = CARTESIAN_POINT('',(3.,55.4));
#3829 = VECTOR('',#3830,1.);
#3830 = DIRECTION('',(-1.,0.));
#3831 = ( GEOMETRIC_REPRESENTATION_CONTEXT(2) 
PARAMETRIC_REPRESENTATION_CONTEXT() REPRESENTATION_CONTEXT('2D SPACE',''
  ) );
#3832 = ORIENTED_EDGE('',*,*,#362,.F.);
#3833 = ORIENTED_EDGE('',*,*,#3785,.T.);
#3834 = ORIENTED_EDGE('',*,*,#3734,.F.);
#3835 = ORIENTED_EDGE('',*,*,#3689,.T.);
#3836 = ORIENTED_EDGE('',*,*,#3837,.F.);
#3837 = EDGE_CURVE('',#3838,#3690,#3840,.T.);
#3838 = VERTEX_POINT('',#3839);
#3839 = CARTESIAN_POINT('',(20.4,-9.3,3.));
#3840 = SURFACE_CURVE('',#3841,(#3845,#3852),.PCURVE_S1.);
#3841 = LINE('',#3842,#3843);
#3842 = CARTESIAN_POINT('',(20.4,-21.5,3.));
#3843 = VECTOR('',#3844,1.);
#3844 = DIRECTION('',(0.,1.,0.));
#3845 = PCURVE('',#378,#3846);
#3846 = DEFINITIONAL_REPRESENTATION('',(#3847),#3851);
#3847 = LINE('',#3848,#3849);
#3848 = CARTESIAN_POINT('',(5.,-10.5));
#3849 = VECTOR('',#3850,1.);
#3850 = DIRECTION('',(0.,-1.));
#3851 = ( GEOMETRIC_REPRESENTATION_CONTEXT(2) 
PARAMETRIC_REPRESENTATION_CONTEXT() REPRESENTATION_CONTEXT('2D SPACE',''
  ) );
#3852 = PCURVE('',#102,#3853);
#3853 = DEFINITIONAL_REPRESENTATION('',(#3854),#3857);
#3854 = B_SPLINE_CURVE_WITH_KNOTS('',1,(#3855,#3856),.UNSPECIFIED.,.F.,
  .F.,(2,2),(10.5,12.5),.PIECEWISE_BEZIER_KNOTS.);
#3855 = CARTESIAN_POINT('',(55.4,21.));
#3856 = CARTESIAN_POINT('',(55.4,23.));
#3857 = ( GEOMETRIC_REPRESENTATION_CONTEXT(2) 
PARAMETRIC_REPRESENTATION_CONTEXT() REPRESENTATION_CONTEXT('2D SPACE',''
  ) );
#3858 = ORIENTED_EDGE('',*,*,#3859,.F.);
#3859 = EDGE_CURVE('',#3860,#3838,#3862,.T.);
#3860 = VERTEX_POINT('',#3861);
#3861 = CARTESIAN_POINT('',(20.4,-9.3,5.));
#3862 = SURFACE_CURVE('',#3863,(#3867,#3874),.PCURVE_S1.);
#3863 = LINE('',#3864,#3865);
#3864 = CARTESIAN_POINT('',(20.4,-9.3,0.5));
#3865 = VECTOR('',#3866,1.);
#3866 = DIRECTION('',(0.,0.,-1.));
#3867 = PCURVE('',#378,#3868);
#3868 = DEFINITIONAL_REPRESENTATION('',(#3869),#3873);
#3869 = LINE('',#3870,#3871);
#3870 = CARTESIAN_POINT('',(2.5,-22.7));
#3871 = VECTOR('',#3872,1.);
#3872 = DIRECTION('',(-1.,0.));
#3873 = ( GEOMETRIC_REPRESENTATION_CONTEXT(2) 
PARAMETRIC_REPRESENTATION_CONTEXT() REPRESENTATION_CONTEXT('2D SPACE',''
  ) );
#3874 = PCURVE('',#3875,#3880);
#3875 = PLANE('',#3876);
#3876 = AXIS2_PLACEMENT_3D('',#3877,#3878,#3879);
#3877 = CARTESIAN_POINT('',(-30.,-9.3,3.));
#3878 = DIRECTION('',(0.,1.,0.));
#3879 = DIRECTION('',(0.,0.,1.));
#3880 = DEFINITIONAL_REPRESENTATION('',(#3881),#3884);
#3881 = B_SPLINE_CURVE_WITH_KNOTS('',1,(#3882,#3883),.UNSPECIFIED.,.F.,
  .F.,(2,2),(-4.5,-2.5),.PIECEWISE_BEZIER_KNOTS.);
#3882 = CARTESIAN_POINT('',(2.,50.4));
#3883 = CARTESIAN_POINT('',(0.,50.4));
#3884 = ( GEOMETRIC_REPRESENTATION_CONTEXT(2) 
PARAMETRIC_REPRESENTATION_CONTEXT() REPRESENTATION_CONTEXT('2D SPACE',''
  ) );
#3885 = ORIENTED_EDGE('',*,*,#3886,.F.);
#3886 = EDGE_CURVE('',#3887,#3860,#3889,.T.);
#3887 = VERTEX_POINT('',#3888);
#3888 = CARTESIAN_POINT('',(20.4,-10.7,5.));
#3889 = SURFACE_CURVE('',#3890,(#3894,#3901),.PCURVE_S1.);
#3890 = LINE('',#3891,#3892);
#3891 = CARTESIAN_POINT('',(20.4,-10.85,5.));
#3892 = VECTOR('',#3893,1.);
#3893 = DIRECTION('',(0.,1.,0.));
#3894 = PCURVE('',#378,#3895);
#3895 = DEFINITIONAL_REPRESENTATION('',(#3896),#3900);
#3896 = LINE('',#3897,#3898);
#3897 = CARTESIAN_POINT('',(7.,-21.15));
#3898 = VECTOR('',#3899,1.);
#3899 = DIRECTION('',(0.,-1.));
#3900 = ( GEOMETRIC_REPRESENTATION_CONTEXT(2) 
PARAMETRIC_REPRESENTATION_CONTEXT() REPRESENTATION_CONTEXT('2D SPACE',''
  ) );
#3901 = PCURVE('',#3902,#3907);
#3902 = PLANE('',#3903);
#3903 = AXIS2_PLACEMENT_3D('',#3904,#3905,#3906);
#3904 = CARTESIAN_POINT('',(-30.,-10.7,5.));
#3905 = DIRECTION('',(0.,0.,1.));
#3906 = DIRECTION('',(1.,0.,0.));
#3907 = DEFINITIONAL_REPRESENTATION('',(#3908),#3911);
#3908 = B_SPLINE_CURVE_WITH_KNOTS('',1,(#3909,#3910),.UNSPECIFIED.,.F.,
  .F.,(2,2),(0.15,1.55),.PIECEWISE_BEZIER_KNOTS.);
#3909 = CARTESIAN_POINT('',(50.4,0.));
#3910 = CARTESIAN_POINT('',(50.4,1.4));
#3911 = ( GEOMETRIC_REPRESENTATION_CONTEXT(2) 
PARAMETRIC_REPRESENTATION_CONTEXT() REPRESENTATION_CONTEXT('2D SPACE',''
  ) );
#3912 = ORIENTED_EDGE('',*,*,#3913,.T.);
#3913 = EDGE_CURVE('',#3887,#3914,#3916,.T.);
#3914 = VERTEX_POINT('',#3915);
#3915 = CARTESIAN_POINT('',(20.4,-10.7,3.));
#3916 = SURFACE_CURVE('',#3917,(#3921,#3928),.PCURVE_S1.);
#3917 = LINE('',#3918,#3919);
#3918 = CARTESIAN_POINT('',(20.4,-10.7,0.5));
#3919 = VECTOR('',#3920,1.);
#3920 = DIRECTION('',(0.,0.,-1.));
#3921 = PCURVE('',#378,#3922);
#3922 = DEFINITIONAL_REPRESENTATION('',(#3923),#3927);
#3923 = LINE('',#3924,#3925);
#3924 = CARTESIAN_POINT('',(2.5,-21.3));
#3925 = VECTOR('',#3926,1.);
#3926 = DIRECTION('',(-1.,0.));
#3927 = ( GEOMETRIC_REPRESENTATION_CONTEXT(2) 
PARAMETRIC_REPRESENTATION_CONTEXT() REPRESENTATION_CONTEXT('2D SPACE',''
  ) );
#3928 = PCURVE('',#3929,#3934);
#3929 = PLANE('',#3930);
#3930 = AXIS2_PLACEMENT_3D('',#3931,#3932,#3933);
#3931 = CARTESIAN_POINT('',(-30.,-10.7,3.));
#3932 = DIRECTION('',(0.,1.,0.));
#3933 = DIRECTION('',(0.,0.,1.));
#3934 = DEFINITIONAL_REPRESENTATION('',(#3935),#3938);
#3935 = B_SPLINE_CURVE_WITH_KNOTS('',1,(#3936,#3937),.UNSPECIFIED.,.F.,
  .F.,(2,2),(-4.5,-2.5),.PIECEWISE_BEZIER_KNOTS.);
#3936 = CARTESIAN_POINT('',(2.,50.4));
#3937 = CARTESIAN_POINT('',(0.,50.4));
#3938 = ( GEOMETRIC_REPRESENTATION_CONTEXT(2) 
PARAMETRIC_REPRESENTATION_CONTEXT() REPRESENTATION_CONTEXT('2D SPACE',''
  ) );
#3939 = ORIENTED_EDGE('',*,*,#3940,.F.);
#3940 = EDGE_CURVE('',#3422,#3914,#3941,.T.);
#3941 = SURFACE_CURVE('',#3942,(#3946,#3953),.PCURVE_S1.);
#3942 = LINE('',#3943,#3944);
#3943 = CARTESIAN_POINT('',(20.4,-21.5,3.));
#3944 = VECTOR('',#3945,1.);
#3945 = DIRECTION('',(0.,1.,0.));
#3946 = PCURVE('',#378,#3947);
#3947 = DEFINITIONAL_REPRESENTATION('',(#3948),#3952);
#3948 = LINE('',#3949,#3950);
#3949 = CARTESIAN_POINT('',(5.,-10.5));
#3950 = VECTOR('',#3951,1.);
#3951 = DIRECTION('',(0.,-1.));
#3952 = ( GEOMETRIC_REPRESENTATION_CONTEXT(2) 
PARAMETRIC_REPRESENTATION_CONTEXT() REPRESENTATION_CONTEXT('2D SPACE',''
  ) );
#3953 = PCURVE('',#102,#3954);
#3954 = DEFINITIONAL_REPRESENTATION('',(#3955),#3958);
#3955 = B_SPLINE_CURVE_WITH_KNOTS('',1,(#3956,#3957),.UNSPECIFIED.,.F.,
  .F.,(2,2),(10.5,12.5),.PIECEWISE_BEZIER_KNOTS.);
#3956 = CARTESIAN_POINT('',(55.4,21.));
#3957 = CARTESIAN_POINT('',(55.4,23.));
#3958 = ( GEOMETRIC_REPRESENTATION_CONTEXT(2) 
PARAMETRIC_REPRESENTATION_CONTEXT() REPRESENTATION_CONTEXT('2D SPACE',''
  ) );
#3959 = ORIENTED_EDGE('',*,*,#3421,.F.);
#3960 = ORIENTED_EDGE('',*,*,#3372,.F.);
#3961 = ORIENTED_EDGE('',*,*,#3327,.T.);
#3962 = ORIENTED_EDGE('',*,*,#3963,.F.);
#3963 = EDGE_CURVE('',#3964,#3328,#3966,.T.);
#3964 = VERTEX_POINT('',#3965);
#3965 = CARTESIAN_POINT('',(20.4,-30.3,3.));
#3966 = SURFACE_CURVE('',#3967,(#3971,#3978),.PCURVE_S1.);
#3967 = LINE('',#3968,#3969);
#3968 = CARTESIAN_POINT('',(20.4,-32.,3.));
#3969 = VECTOR('',#3970,1.);
#3970 = DIRECTION('',(0.,1.,0.));
#3971 = PCURVE('',#378,#3972);
#3972 = DEFINITIONAL_REPRESENTATION('',(#3973),#3977);
#3973 = LINE('',#3974,#3975);
#3974 = CARTESIAN_POINT('',(5.,0.));
#3975 = VECTOR('',#3976,1.);
#3976 = DIRECTION('',(0.,-1.));
#3977 = ( GEOMETRIC_REPRESENTATION_CONTEXT(2) 
PARAMETRIC_REPRESENTATION_CONTEXT() REPRESENTATION_CONTEXT('2D SPACE',''
  ) );
#3978 = PCURVE('',#102,#3979);
#3979 = DEFINITIONAL_REPRESENTATION('',(#3980),#3983);
#3980 = B_SPLINE_CURVE_WITH_KNOTS('',1,(#3981,#3982),.UNSPECIFIED.,.F.,
  .F.,(2,2),(0.,2.),.PIECEWISE_BEZIER_KNOTS.);
#3981 = CARTESIAN_POINT('',(55.4,0.));
#3982 = CARTESIAN_POINT('',(55.4,2.));
#3983 = ( GEOMETRIC_REPRESENTATION_CONTEXT(2) 
PARAMETRIC_REPRESENTATION_CONTEXT() REPRESENTATION_CONTEXT('2D SPACE',''
  ) );
#3984 = ORIENTED_EDGE('',*,*,#3985,.F.);
#3985 = EDGE_CURVE('',#3986,#3964,#3988,.T.);
#3986 = VERTEX_POINT('',#3987);
#3987 = CARTESIAN_POINT('',(20.4,-30.3,5.));
#3988 = SURFACE_CURVE('',#3989,(#3993,#4000),.PCURVE_S1.);
#3989 = LINE('',#3990,#3991);
#3990 = CARTESIAN_POINT('',(20.4,-30.3,0.5));
#3991 = VECTOR('',#3992,1.);
#3992 = DIRECTION('',(0.,0.,-1.));
#3993 = PCURVE('',#378,#3994);
#3994 = DEFINITIONAL_REPRESENTATION('',(#3995),#3999);
#3995 = LINE('',#3996,#3997);
#3996 = CARTESIAN_POINT('',(2.5,-1.7));
#3997 = VECTOR('',#3998,1.);
#3998 = DIRECTION('',(-1.,0.));
#3999 = ( GEOMETRIC_REPRESENTATION_CONTEXT(2) 
PARAMETRIC_REPRESENTATION_CONTEXT() REPRESENTATION_CONTEXT('2D SPACE',''
  ) );
#4000 = PCURVE('',#4001,#4006);
#4001 = PLANE('',#4002);
#4002 = AXIS2_PLACEMENT_3D('',#4003,#4004,#4005);
#4003 = CARTESIAN_POINT('',(-30.,-30.3,3.));
#4004 = DIRECTION('',(0.,1.,0.));
#4005 = DIRECTION('',(0.,0.,1.));
#4006 = DEFINITIONAL_REPRESENTATION('',(#4007),#4010);
#4007 = B_SPLINE_CURVE_WITH_KNOTS('',1,(#4008,#4009),.UNSPECIFIED.,.F.,
  .F.,(2,2),(-4.5,-2.5),.PIECEWISE_BEZIER_KNOTS.);
#4008 = CARTESIAN_POINT('',(2.,50.4));
#4009 = CARTESIAN_POINT('',(0.,50.4));
#4010 = ( GEOMETRIC_REPRESENTATION_CONTEXT(2) 
PARAMETRIC_REPRESENTATION_CONTEXT() REPRESENTATION_CONTEXT('2D SPACE',''
  ) );
#4011 = ORIENTED_EDGE('',*,*,#4012,.F.);
#4012 = EDGE_CURVE('',#4013,#3986,#4015,.T.);
#4013 = VERTEX_POINT('',#4014);
#4014 = CARTESIAN_POINT('',(20.4,-31.7,5.));
#4015 = SURFACE_CURVE('',#4016,(#4020,#4027),.PCURVE_S1.);
#4016 = LINE('',#4017,#4018);
#4017 = CARTESIAN_POINT('',(20.4,-31.85,5.));
#4018 = VECTOR('',#4019,1.);
#4019 = DIRECTION('',(0.,1.,0.));
#4020 = PCURVE('',#378,#4021);
#4021 = DEFINITIONAL_REPRESENTATION('',(#4022),#4026);
#4022 = LINE('',#4023,#4024);
#4023 = CARTESIAN_POINT('',(7.,-0.15));
#4024 = VECTOR('',#4025,1.);
#4025 = DIRECTION('',(0.,-1.));
#4026 = ( GEOMETRIC_REPRESENTATION_CONTEXT(2) 
PARAMETRIC_REPRESENTATION_CONTEXT() REPRESENTATION_CONTEXT('2D SPACE',''
  ) );
#4027 = PCURVE('',#4028,#4033);
#4028 = PLANE('',#4029);
#4029 = AXIS2_PLACEMENT_3D('',#4030,#4031,#4032);
#4030 = CARTESIAN_POINT('',(-30.,-31.7,5.));
#4031 = DIRECTION('',(0.,0.,1.));
#4032 = DIRECTION('',(1.,0.,0.));
#4033 = DEFINITIONAL_REPRESENTATION('',(#4034),#4037);
#4034 = B_SPLINE_CURVE_WITH_KNOTS('',1,(#4035,#4036),.UNSPECIFIED.,.F.,
  .F.,(2,2),(0.15,1.55),.PIECEWISE_BEZIER_KNOTS.);
#4035 = CARTESIAN_POINT('',(50.4,0.));
#4036 = CARTESIAN_POINT('',(50.4,1.4));
#4037 = ( GEOMETRIC_REPRESENTATION_CONTEXT(2) 
PARAMETRIC_REPRESENTATION_CONTEXT() REPRESENTATION_CONTEXT('2D SPACE',''
  ) );
#4038 = ORIENTED_EDGE('',*,*,#4039,.T.);
#4039 = EDGE_CURVE('',#4013,#4040,#4042,.T.);
#4040 = VERTEX_POINT('',#4041);
#4041 = CARTESIAN_POINT('',(20.4,-31.7,3.));
#4042 = SURFACE_CURVE('',#4043,(#4047,#4054),.PCURVE_S1.);
#4043 = LINE('',#4044,#4045);
#4044 = CARTESIAN_POINT('',(20.4,-31.7,0.5));
#4045 = VECTOR('',#4046,1.);
#4046 = DIRECTION('',(0.,0.,-1.));
#4047 = PCURVE('',#378,#4048);
#4048 = DEFINITIONAL_REPRESENTATION('',(#4049),#4053);
#4049 = LINE('',#4050,#4051);
#4050 = CARTESIAN_POINT('',(2.5,-0.3));
#4051 = VECTOR('',#4052,1.);
#4052 = DIRECTION('',(-1.,0.));
#4053 = ( GEOMETRIC_REPRESENTATION_CONTEXT(2) 
PARAMETRIC_REPRESENTATION_CONTEXT() REPRESENTATION_CONTEXT('2D SPACE',''
  ) );
#4054 = PCURVE('',#4055,#4060);
#4055 = PLANE('',#4056);
#4056 = AXIS2_PLACEMENT_3D('',#4057,#4058,#4059);
#4057 = CARTESIAN_POINT('',(-30.,-31.7,3.));
#4058 = DIRECTION('',(0.,1.,0.));
#4059 = DIRECTION('',(0.,0.,1.));
#4060 = DEFINITIONAL_REPRESENTATION('',(#4061),#4064);
#4061 = B_SPLINE_CURVE_WITH_KNOTS('',1,(#4062,#4063),.UNSPECIFIED.,.F.,
  .F.,(2,2),(-4.5,-2.5),.PIECEWISE_BEZIER_KNOTS.);
#4062 = CARTESIAN_POINT('',(2.,50.4));
#4063 = CARTESIAN_POINT('',(0.,50.4));
#4064 = ( GEOMETRIC_REPRESENTATION_CONTEXT(2) 
PARAMETRIC_REPRESENTATION_CONTEXT() REPRESENTATION_CONTEXT('2D SPACE',''
  ) );
#4065 = ORIENTED_EDGE('',*,*,#4066,.F.);
#4066 = EDGE_CURVE('',#3811,#4040,#4067,.T.);
#4067 = SURFACE_CURVE('',#4068,(#4072,#4079),.PCURVE_S1.);
#4068 = LINE('',#4069,#4070);
#4069 = CARTESIAN_POINT('',(20.4,-32.,3.));
#4070 = VECTOR('',#4071,1.);
#4071 = DIRECTION('',(0.,1.,0.));
#4072 = PCURVE('',#378,#4073);
#4073 = DEFINITIONAL_REPRESENTATION('',(#4074),#4078);
#4074 = LINE('',#4075,#4076);
#4075 = CARTESIAN_POINT('',(5.,0.));
#4076 = VECTOR('',#4077,1.);
#4077 = DIRECTION('',(0.,-1.));
#4078 = ( GEOMETRIC_REPRESENTATION_CONTEXT(2) 
PARAMETRIC_REPRESENTATION_CONTEXT() REPRESENTATION_CONTEXT('2D SPACE',''
  ) );
#4079 = PCURVE('',#4080,#4085);
#4080 = PLANE('',#4081);
#4081 = AXIS2_PLACEMENT_3D('',#4082,#4083,#4084);
#4082 = CARTESIAN_POINT('',(-35.,-32.,3.));
#4083 = DIRECTION('',(0.,0.,1.));
#4084 = DIRECTION('',(1.,0.,0.));
#4085 = DEFINITIONAL_REPRESENTATION('',(#4086),#4089);
#4086 = B_SPLINE_CURVE_WITH_KNOTS('',1,(#4087,#4088),.UNSPECIFIED.,.F.,
  .F.,(2,2),(0.,2.),.PIECEWISE_BEZIER_KNOTS.);
#4087 = CARTESIAN_POINT('',(55.4,0.));
#4088 = CARTESIAN_POINT('',(55.4,2.));
#4089 = ( GEOMETRIC_REPRESENTATION_CONTEXT(2) 
PARAMETRIC_REPRESENTATION_CONTEXT() REPRESENTATION_CONTEXT('2D SPACE',''
  ) );
#4090 = ADVANCED_FACE('',(#4091),#4080,.T.);
#4091 = FACE_BOUND('',#4092,.T.);
#4092 = EDGE_LOOP('',(#4093,#4116,#4117,#4140));
#4093 = ORIENTED_EDGE('',*,*,#4094,.T.);
#4094 = EDGE_CURVE('',#4095,#3811,#4097,.T.);
#4095 = VERTEX_POINT('',#4096);
#4096 = CARTESIAN_POINT('',(-20.4,-32.,3.));
#4097 = SURFACE_CURVE('',#4098,(#4102,#4109),.PCURVE_S1.);
#4098 = LINE('',#4099,#4100);
#4099 = CARTESIAN_POINT('',(-35.,-32.,3.));
#4100 = VECTOR('',#4101,1.);
#4101 = DIRECTION('',(1.,0.,0.));
#4102 = PCURVE('',#4080,#4103);
#4103 = DEFINITIONAL_REPRESENTATION('',(#4104),#4108);
#4104 = LINE('',#4105,#4106);
#4105 = CARTESIAN_POINT('',(0.,0.));
#4106 = VECTOR('',#4107,1.);
#4107 = DIRECTION('',(1.,0.));
#4108 = ( GEOMETRIC_REPRESENTATION_CONTEXT(2) 
PARAMETRIC_REPRESENTATION_CONTEXT() REPRESENTATION_CONTEXT('2D SPACE',''
  ) );
#4109 = PCURVE('',#350,#4110);
#4110 = DEFINITIONAL_REPRESENTATION('',(#4111),#4115);
#4111 = LINE('',#4112,#4113);
#4112 = CARTESIAN_POINT('',(3.,0.));
#4113 = VECTOR('',#4114,1.);
#4114 = DIRECTION('',(0.,1.));
#4115 = ( GEOMETRIC_REPRESENTATION_CONTEXT(2) 
PARAMETRIC_REPRESENTATION_CONTEXT() REPRESENTATION_CONTEXT('2D SPACE',''
  ) );
#4116 = ORIENTED_EDGE('',*,*,#4066,.T.);
#4117 = ORIENTED_EDGE('',*,*,#4118,.F.);
#4118 = EDGE_CURVE('',#4119,#4040,#4121,.T.);
#4119 = VERTEX_POINT('',#4120);
#4120 = CARTESIAN_POINT('',(-20.4,-31.7,3.));
#4121 = SURFACE_CURVE('',#4122,(#4126,#4133),.PCURVE_S1.);
#4122 = LINE('',#4123,#4124);
#4123 = CARTESIAN_POINT('',(-30.,-31.7,3.));
#4124 = VECTOR('',#4125,1.);
#4125 = DIRECTION('',(1.,0.,0.));
#4126 = PCURVE('',#4080,#4127);
#4127 = DEFINITIONAL_REPRESENTATION('',(#4128),#4132);
#4128 = LINE('',#4129,#4130);
#4129 = CARTESIAN_POINT('',(5.,0.3));
#4130 = VECTOR('',#4131,1.);
#4131 = DIRECTION('',(1.,0.));
#4132 = ( GEOMETRIC_REPRESENTATION_CONTEXT(2) 
PARAMETRIC_REPRESENTATION_CONTEXT() REPRESENTATION_CONTEXT('2D SPACE',''
  ) );
#4133 = PCURVE('',#4055,#4134);
#4134 = DEFINITIONAL_REPRESENTATION('',(#4135),#4139);
#4135 = LINE('',#4136,#4137);
#4136 = CARTESIAN_POINT('',(0.,0.));
#4137 = VECTOR('',#4138,1.);
#4138 = DIRECTION('',(0.,1.));
#4139 = ( GEOMETRIC_REPRESENTATION_CONTEXT(2) 
PARAMETRIC_REPRESENTATION_CONTEXT() REPRESENTATION_CONTEXT('2D SPACE',''
  ) );
#4140 = ORIENTED_EDGE('',*,*,#4141,.F.);
#4141 = EDGE_CURVE('',#4095,#4119,#4142,.T.);
#4142 = SURFACE_CURVE('',#4143,(#4147,#4153),.PCURVE_S1.);
#4143 = LINE('',#4144,#4145);
#4144 = CARTESIAN_POINT('',(-20.4,-32.,3.));
#4145 = VECTOR('',#4146,1.);
#4146 = DIRECTION('',(0.,1.,0.));
#4147 = PCURVE('',#4080,#4148);
#4148 = DEFINITIONAL_REPRESENTATION('',(#4149),#4152);
#4149 = B_SPLINE_CURVE_WITH_KNOTS('',1,(#4150,#4151),.UNSPECIFIED.,.F.,
  .F.,(2,2),(0.,2.),.PIECEWISE_BEZIER_KNOTS.);
#4150 = CARTESIAN_POINT('',(14.6,0.));
#4151 = CARTESIAN_POINT('',(14.6,2.));
#4152 = ( GEOMETRIC_REPRESENTATION_CONTEXT(2) 
PARAMETRIC_REPRESENTATION_CONTEXT() REPRESENTATION_CONTEXT('2D SPACE',''
  ) );
#4153 = PCURVE('',#322,#4154);
#4154 = DEFINITIONAL_REPRESENTATION('',(#4155),#4159);
#4155 = LINE('',#4156,#4157);
#4156 = CARTESIAN_POINT('',(5.,0.));
#4157 = VECTOR('',#4158,1.);
#4158 = DIRECTION('',(0.,-1.));
#4159 = ( GEOMETRIC_REPRESENTATION_CONTEXT(2) 
PARAMETRIC_REPRESENTATION_CONTEXT() REPRESENTATION_CONTEXT('2D SPACE',''
  ) );
#4160 = ADVANCED_FACE('',(#4161),#4055,.F.);
#4161 = FACE_BOUND('',#4162,.F.);
#4162 = EDGE_LOOP('',(#4163,#4164,#4186,#4207));
#4163 = ORIENTED_EDGE('',*,*,#4118,.F.);
#4164 = ORIENTED_EDGE('',*,*,#4165,.F.);
#4165 = EDGE_CURVE('',#4166,#4119,#4168,.T.);
#4166 = VERTEX_POINT('',#4167);
#4167 = CARTESIAN_POINT('',(-20.4,-31.7,5.));
#4168 = SURFACE_CURVE('',#4169,(#4173,#4179),.PCURVE_S1.);
#4169 = LINE('',#4170,#4171);
#4170 = CARTESIAN_POINT('',(-20.4,-31.7,0.5));
#4171 = VECTOR('',#4172,1.);
#4172 = DIRECTION('',(0.,0.,-1.));
#4173 = PCURVE('',#4055,#4174);
#4174 = DEFINITIONAL_REPRESENTATION('',(#4175),#4178);
#4175 = B_SPLINE_CURVE_WITH_KNOTS('',1,(#4176,#4177),.UNSPECIFIED.,.F.,
  .F.,(2,2),(-4.5,-2.5),.PIECEWISE_BEZIER_KNOTS.);
#4176 = CARTESIAN_POINT('',(2.,9.6));
#4177 = CARTESIAN_POINT('',(0.,9.6));
#4178 = ( GEOMETRIC_REPRESENTATION_CONTEXT(2) 
PARAMETRIC_REPRESENTATION_CONTEXT() REPRESENTATION_CONTEXT('2D SPACE',''
  ) );
#4179 = PCURVE('',#322,#4180);
#4180 = DEFINITIONAL_REPRESENTATION('',(#4181),#4185);
#4181 = LINE('',#4182,#4183);
#4182 = CARTESIAN_POINT('',(2.5,-0.3));
#4183 = VECTOR('',#4184,1.);
#4184 = DIRECTION('',(-1.,0.));
#4185 = ( GEOMETRIC_REPRESENTATION_CONTEXT(2) 
PARAMETRIC_REPRESENTATION_CONTEXT() REPRESENTATION_CONTEXT('2D SPACE',''
  ) );
#4186 = ORIENTED_EDGE('',*,*,#4187,.T.);
#4187 = EDGE_CURVE('',#4166,#4013,#4188,.T.);
#4188 = SURFACE_CURVE('',#4189,(#4193,#4200),.PCURVE_S1.);
#4189 = LINE('',#4190,#4191);
#4190 = CARTESIAN_POINT('',(-30.,-31.7,5.));
#4191 = VECTOR('',#4192,1.);
#4192 = DIRECTION('',(1.,0.,0.));
#4193 = PCURVE('',#4055,#4194);
#4194 = DEFINITIONAL_REPRESENTATION('',(#4195),#4199);
#4195 = LINE('',#4196,#4197);
#4196 = CARTESIAN_POINT('',(2.,0.));
#4197 = VECTOR('',#4198,1.);
#4198 = DIRECTION('',(0.,1.));
#4199 = ( GEOMETRIC_REPRESENTATION_CONTEXT(2) 
PARAMETRIC_REPRESENTATION_CONTEXT() REPRESENTATION_CONTEXT('2D SPACE',''
  ) );
#4200 = PCURVE('',#4028,#4201);
#4201 = DEFINITIONAL_REPRESENTATION('',(#4202),#4206);
#4202 = LINE('',#4203,#4204);
#4203 = CARTESIAN_POINT('',(0.,0.));
#4204 = VECTOR('',#4205,1.);
#4205 = DIRECTION('',(1.,0.));
#4206 = ( GEOMETRIC_REPRESENTATION_CONTEXT(2) 
PARAMETRIC_REPRESENTATION_CONTEXT() REPRESENTATION_CONTEXT('2D SPACE',''
  ) );
#4207 = ORIENTED_EDGE('',*,*,#4039,.T.);
#4208 = ADVANCED_FACE('',(#4209),#4028,.T.);
#4209 = FACE_BOUND('',#4210,.T.);
#4210 = EDGE_LOOP('',(#4211,#4234,#4254,#4255));
#4211 = ORIENTED_EDGE('',*,*,#4212,.F.);
#4212 = EDGE_CURVE('',#4213,#3986,#4215,.T.);
#4213 = VERTEX_POINT('',#4214);
#4214 = CARTESIAN_POINT('',(-20.4,-30.3,5.));
#4215 = SURFACE_CURVE('',#4216,(#4220,#4227),.PCURVE_S1.);
#4216 = LINE('',#4217,#4218);
#4217 = CARTESIAN_POINT('',(-30.,-30.3,5.));
#4218 = VECTOR('',#4219,1.);
#4219 = DIRECTION('',(1.,0.,0.));
#4220 = PCURVE('',#4028,#4221);
#4221 = DEFINITIONAL_REPRESENTATION('',(#4222),#4226);
#4222 = LINE('',#4223,#4224);
#4223 = CARTESIAN_POINT('',(0.,1.4));
#4224 = VECTOR('',#4225,1.);
#4225 = DIRECTION('',(1.,0.));
#4226 = ( GEOMETRIC_REPRESENTATION_CONTEXT(2) 
PARAMETRIC_REPRESENTATION_CONTEXT() REPRESENTATION_CONTEXT('2D SPACE',''
  ) );
#4227 = PCURVE('',#4001,#4228);
#4228 = DEFINITIONAL_REPRESENTATION('',(#4229),#4233);
#4229 = LINE('',#4230,#4231);
#4230 = CARTESIAN_POINT('',(2.,0.));
#4231 = VECTOR('',#4232,1.);
#4232 = DIRECTION('',(0.,1.));
#4233 = ( GEOMETRIC_REPRESENTATION_CONTEXT(2) 
PARAMETRIC_REPRESENTATION_CONTEXT() REPRESENTATION_CONTEXT('2D SPACE',''
  ) );
#4234 = ORIENTED_EDGE('',*,*,#4235,.F.);
#4235 = EDGE_CURVE('',#4166,#4213,#4236,.T.);
#4236 = SURFACE_CURVE('',#4237,(#4241,#4247),.PCURVE_S1.);
#4237 = LINE('',#4238,#4239);
#4238 = CARTESIAN_POINT('',(-20.4,-31.85,5.));
#4239 = VECTOR('',#4240,1.);
#4240 = DIRECTION('',(0.,1.,0.));
#4241 = PCURVE('',#4028,#4242);
#4242 = DEFINITIONAL_REPRESENTATION('',(#4243),#4246);
#4243 = B_SPLINE_CURVE_WITH_KNOTS('',1,(#4244,#4245),.UNSPECIFIED.,.F.,
  .F.,(2,2),(0.15,1.55),.PIECEWISE_BEZIER_KNOTS.);
#4244 = CARTESIAN_POINT('',(9.6,0.));
#4245 = CARTESIAN_POINT('',(9.6,1.4));
#4246 = ( GEOMETRIC_REPRESENTATION_CONTEXT(2) 
PARAMETRIC_REPRESENTATION_CONTEXT() REPRESENTATION_CONTEXT('2D SPACE',''
  ) );
#4247 = PCURVE('',#322,#4248);
#4248 = DEFINITIONAL_REPRESENTATION('',(#4249),#4253);
#4249 = LINE('',#4250,#4251);
#4250 = CARTESIAN_POINT('',(7.,-0.15));
#4251 = VECTOR('',#4252,1.);
#4252 = DIRECTION('',(0.,-1.));
#4253 = ( GEOMETRIC_REPRESENTATION_CONTEXT(2) 
PARAMETRIC_REPRESENTATION_CONTEXT() REPRESENTATION_CONTEXT('2D SPACE',''
  ) );
#4254 = ORIENTED_EDGE('',*,*,#4187,.T.);
#4255 = ORIENTED_EDGE('',*,*,#4012,.T.);
#4256 = ADVANCED_FACE('',(#4257),#4001,.T.);
#4257 = FACE_BOUND('',#4258,.T.);
#4258 = EDGE_LOOP('',(#4259,#4282,#4302,#4303));
#4259 = ORIENTED_EDGE('',*,*,#4260,.F.);
#4260 = EDGE_CURVE('',#4261,#3964,#4263,.T.);
#4261 = VERTEX_POINT('',#4262);
#4262 = CARTESIAN_POINT('',(-20.4,-30.3,3.));
#4263 = SURFACE_CURVE('',#4264,(#4268,#4275),.PCURVE_S1.);
#4264 = LINE('',#4265,#4266);
#4265 = CARTESIAN_POINT('',(-30.,-30.3,3.));
#4266 = VECTOR('',#4267,1.);
#4267 = DIRECTION('',(1.,0.,0.));
#4268 = PCURVE('',#4001,#4269);
#4269 = DEFINITIONAL_REPRESENTATION('',(#4270),#4274);
#4270 = LINE('',#4271,#4272);
#4271 = CARTESIAN_POINT('',(0.,0.));
#4272 = VECTOR('',#4273,1.);
#4273 = DIRECTION('',(0.,1.));
#4274 = ( GEOMETRIC_REPRESENTATION_CONTEXT(2) 
PARAMETRIC_REPRESENTATION_CONTEXT() REPRESENTATION_CONTEXT('2D SPACE',''
  ) );
#4275 = PCURVE('',#102,#4276);
#4276 = DEFINITIONAL_REPRESENTATION('',(#4277),#4281);
#4277 = LINE('',#4278,#4279);
#4278 = CARTESIAN_POINT('',(5.,1.7));
#4279 = VECTOR('',#4280,1.);
#4280 = DIRECTION('',(1.,0.));
#4281 = ( GEOMETRIC_REPRESENTATION_CONTEXT(2) 
PARAMETRIC_REPRESENTATION_CONTEXT() REPRESENTATION_CONTEXT('2D SPACE',''
  ) );
#4282 = ORIENTED_EDGE('',*,*,#4283,.F.);
#4283 = EDGE_CURVE('',#4213,#4261,#4284,.T.);
#4284 = SURFACE_CURVE('',#4285,(#4289,#4295),.PCURVE_S1.);
#4285 = LINE('',#4286,#4287);
#4286 = CARTESIAN_POINT('',(-20.4,-30.3,0.5));
#4287 = VECTOR('',#4288,1.);
#4288 = DIRECTION('',(0.,0.,-1.));
#4289 = PCURVE('',#4001,#4290);
#4290 = DEFINITIONAL_REPRESENTATION('',(#4291),#4294);
#4291 = B_SPLINE_CURVE_WITH_KNOTS('',1,(#4292,#4293),.UNSPECIFIED.,.F.,
  .F.,(2,2),(-4.5,-2.5),.PIECEWISE_BEZIER_KNOTS.);
#4292 = CARTESIAN_POINT('',(2.,9.6));
#4293 = CARTESIAN_POINT('',(0.,9.6));
#4294 = ( GEOMETRIC_REPRESENTATION_CONTEXT(2) 
PARAMETRIC_REPRESENTATION_CONTEXT() REPRESENTATION_CONTEXT('2D SPACE',''
  ) );
#4295 = PCURVE('',#322,#4296);
#4296 = DEFINITIONAL_REPRESENTATION('',(#4297),#4301);
#4297 = LINE('',#4298,#4299);
#4298 = CARTESIAN_POINT('',(2.5,-1.7));
#4299 = VECTOR('',#4300,1.);
#4300 = DIRECTION('',(-1.,0.));
#4301 = ( GEOMETRIC_REPRESENTATION_CONTEXT(2) 
PARAMETRIC_REPRESENTATION_CONTEXT() REPRESENTATION_CONTEXT('2D SPACE',''
  ) );
#4302 = ORIENTED_EDGE('',*,*,#4212,.T.);
#4303 = ORIENTED_EDGE('',*,*,#3985,.T.);
#4304 = ADVANCED_FACE('',(#4305),#3929,.F.);
#4305 = FACE_BOUND('',#4306,.F.);
#4306 = EDGE_LOOP('',(#4307,#4330,#4352,#4373));
#4307 = ORIENTED_EDGE('',*,*,#4308,.F.);
#4308 = EDGE_CURVE('',#4309,#3914,#4311,.T.);
#4309 = VERTEX_POINT('',#4310);
#4310 = CARTESIAN_POINT('',(-20.4,-10.7,3.));
#4311 = SURFACE_CURVE('',#4312,(#4316,#4323),.PCURVE_S1.);
#4312 = LINE('',#4313,#4314);
#4313 = CARTESIAN_POINT('',(-30.,-10.7,3.));
#4314 = VECTOR('',#4315,1.);
#4315 = DIRECTION('',(1.,0.,0.));
#4316 = PCURVE('',#3929,#4317);
#4317 = DEFINITIONAL_REPRESENTATION('',(#4318),#4322);
#4318 = LINE('',#4319,#4320);
#4319 = CARTESIAN_POINT('',(0.,0.));
#4320 = VECTOR('',#4321,1.);
#4321 = DIRECTION('',(0.,1.));
#4322 = ( GEOMETRIC_REPRESENTATION_CONTEXT(2) 
PARAMETRIC_REPRESENTATION_CONTEXT() REPRESENTATION_CONTEXT('2D SPACE',''
  ) );
#4323 = PCURVE('',#102,#4324);
#4324 = DEFINITIONAL_REPRESENTATION('',(#4325),#4329);
#4325 = LINE('',#4326,#4327);
#4326 = CARTESIAN_POINT('',(5.,21.3));
#4327 = VECTOR('',#4328,1.);
#4328 = DIRECTION('',(1.,0.));
#4329 = ( GEOMETRIC_REPRESENTATION_CONTEXT(2) 
PARAMETRIC_REPRESENTATION_CONTEXT() REPRESENTATION_CONTEXT('2D SPACE',''
  ) );
#4330 = ORIENTED_EDGE('',*,*,#4331,.F.);
#4331 = EDGE_CURVE('',#4332,#4309,#4334,.T.);
#4332 = VERTEX_POINT('',#4333);
#4333 = CARTESIAN_POINT('',(-20.4,-10.7,5.));
#4334 = SURFACE_CURVE('',#4335,(#4339,#4345),.PCURVE_S1.);
#4335 = LINE('',#4336,#4337);
#4336 = CARTESIAN_POINT('',(-20.4,-10.7,0.5));
#4337 = VECTOR('',#4338,1.);
#4338 = DIRECTION('',(0.,0.,-1.));
#4339 = PCURVE('',#3929,#4340);
#4340 = DEFINITIONAL_REPRESENTATION('',(#4341),#4344);
#4341 = B_SPLINE_CURVE_WITH_KNOTS('',1,(#4342,#4343),.UNSPECIFIED.,.F.,
  .F.,(2,2),(-4.5,-2.5),.PIECEWISE_BEZIER_KNOTS.);
#4342 = CARTESIAN_POINT('',(2.,9.6));
#4343 = CARTESIAN_POINT('',(0.,9.6));
#4344 = ( GEOMETRIC_REPRESENTATION_CONTEXT(2) 
PARAMETRIC_REPRESENTATION_CONTEXT() REPRESENTATION_CONTEXT('2D SPACE',''
  ) );
#4345 = PCURVE('',#322,#4346);
#4346 = DEFINITIONAL_REPRESENTATION('',(#4347),#4351);
#4347 = LINE('',#4348,#4349);
#4348 = CARTESIAN_POINT('',(2.5,-21.3));
#4349 = VECTOR('',#4350,1.);
#4350 = DIRECTION('',(-1.,0.));
#4351 = ( GEOMETRIC_REPRESENTATION_CONTEXT(2) 
PARAMETRIC_REPRESENTATION_CONTEXT() REPRESENTATION_CONTEXT('2D SPACE',''
  ) );
#4352 = ORIENTED_EDGE('',*,*,#4353,.T.);
#4353 = EDGE_CURVE('',#4332,#3887,#4354,.T.);
#4354 = SURFACE_CURVE('',#4355,(#4359,#4366),.PCURVE_S1.);
#4355 = LINE('',#4356,#4357);
#4356 = CARTESIAN_POINT('',(-30.,-10.7,5.));
#4357 = VECTOR('',#4358,1.);
#4358 = DIRECTION('',(1.,0.,0.));
#4359 = PCURVE('',#3929,#4360);
#4360 = DEFINITIONAL_REPRESENTATION('',(#4361),#4365);
#4361 = LINE('',#4362,#4363);
#4362 = CARTESIAN_POINT('',(2.,0.));
#4363 = VECTOR('',#4364,1.);
#4364 = DIRECTION('',(0.,1.));
#4365 = ( GEOMETRIC_REPRESENTATION_CONTEXT(2) 
PARAMETRIC_REPRESENTATION_CONTEXT() REPRESENTATION_CONTEXT('2D SPACE',''
  ) );
#4366 = PCURVE('',#3902,#4367);
#4367 = DEFINITIONAL_REPRESENTATION('',(#4368),#4372);
#4368 = LINE('',#4369,#4370);
#4369 = CARTESIAN_POINT('',(0.,0.));
#4370 = VECTOR('',#4371,1.);
#4371 = DIRECTION('',(1.,0.));
#4372 = ( GEOMETRIC_REPRESENTATION_CONTEXT(2) 
PARAMETRIC_REPRESENTATION_CONTEXT() REPRESENTATION_CONTEXT('2D SPACE',''
  ) );
#4373 = ORIENTED_EDGE('',*,*,#3913,.T.);
#4374 = ADVANCED_FACE('',(#4375),#3902,.T.);
#4375 = FACE_BOUND('',#4376,.T.);
#4376 = EDGE_LOOP('',(#4377,#4407,#4427,#4428,#4429,#4452,#4478,#4504));
#4377 = ORIENTED_EDGE('',*,*,#4378,.F.);
#4378 = EDGE_CURVE('',#4379,#4381,#4383,.T.);
#4379 = VERTEX_POINT('',#4380);
#4380 = CARTESIAN_POINT('',(-20.4,-9.3,5.));
#4381 = VERTEX_POINT('',#4382);
#4382 = CARTESIAN_POINT('',(-7.,-9.3,5.));
#4383 = SURFACE_CURVE('',#4384,(#4388,#4395),.PCURVE_S1.);
#4384 = LINE('',#4385,#4386);
#4385 = CARTESIAN_POINT('',(-30.,-9.3,5.));
#4386 = VECTOR('',#4387,1.);
#4387 = DIRECTION('',(1.,0.,0.));
#4388 = PCURVE('',#3902,#4389);
#4389 = DEFINITIONAL_REPRESENTATION('',(#4390),#4394);
#4390 = LINE('',#4391,#4392);
#4391 = CARTESIAN_POINT('',(0.,1.4));
#4392 = VECTOR('',#4393,1.);
#4393 = DIRECTION('',(1.,0.));
#4394 = ( GEOMETRIC_REPRESENTATION_CONTEXT(2) 
PARAMETRIC_REPRESENTATION_CONTEXT() REPRESENTATION_CONTEXT('2D SPACE',''
  ) );
#4395 = PCURVE('',#4396,#4401);
#4396 = PLANE('',#4397);
#4397 = AXIS2_PLACEMENT_3D('',#4398,#4399,#4400);
#4398 = CARTESIAN_POINT('',(-30.,-9.3,3.));
#4399 = DIRECTION('',(0.,1.,0.));
#4400 = DIRECTION('',(0.,0.,1.));
#4401 = DEFINITIONAL_REPRESENTATION('',(#4402),#4406);
#4402 = LINE('',#4403,#4404);
#4403 = CARTESIAN_POINT('',(2.,0.));
#4404 = VECTOR('',#4405,1.);
#4405 = DIRECTION('',(0.,1.));
#4406 = ( GEOMETRIC_REPRESENTATION_CONTEXT(2) 
PARAMETRIC_REPRESENTATION_CONTEXT() REPRESENTATION_CONTEXT('2D SPACE',''
  ) );
#4407 = ORIENTED_EDGE('',*,*,#4408,.F.);
#4408 = EDGE_CURVE('',#4332,#4379,#4409,.T.);
#4409 = SURFACE_CURVE('',#4410,(#4414,#4420),.PCURVE_S1.);
#4410 = LINE('',#4411,#4412);
#4411 = CARTESIAN_POINT('',(-20.4,-10.85,5.));
#4412 = VECTOR('',#4413,1.);
#4413 = DIRECTION('',(0.,1.,0.));
#4414 = PCURVE('',#3902,#4415);
#4415 = DEFINITIONAL_REPRESENTATION('',(#4416),#4419);
#4416 = B_SPLINE_CURVE_WITH_KNOTS('',1,(#4417,#4418),.UNSPECIFIED.,.F.,
  .F.,(2,2),(0.15,1.55),.PIECEWISE_BEZIER_KNOTS.);
#4417 = CARTESIAN_POINT('',(9.6,0.));
#4418 = CARTESIAN_POINT('',(9.6,1.4));
#4419 = ( GEOMETRIC_REPRESENTATION_CONTEXT(2) 
PARAMETRIC_REPRESENTATION_CONTEXT() REPRESENTATION_CONTEXT('2D SPACE',''
  ) );
#4420 = PCURVE('',#322,#4421);
#4421 = DEFINITIONAL_REPRESENTATION('',(#4422),#4426);
#4422 = LINE('',#4423,#4424);
#4423 = CARTESIAN_POINT('',(7.,-21.15));
#4424 = VECTOR('',#4425,1.);
#4425 = DIRECTION('',(0.,-1.));
#4426 = ( GEOMETRIC_REPRESENTATION_CONTEXT(2) 
PARAMETRIC_REPRESENTATION_CONTEXT() REPRESENTATION_CONTEXT('2D SPACE',''
  ) );
#4427 = ORIENTED_EDGE('',*,*,#4353,.T.);
#4428 = ORIENTED_EDGE('',*,*,#3886,.T.);
#4429 = ORIENTED_EDGE('',*,*,#4430,.F.);
#4430 = EDGE_CURVE('',#4431,#3860,#4433,.T.);
#4431 = VERTEX_POINT('',#4432);
#4432 = CARTESIAN_POINT('',(1.,-9.3,5.));
#4433 = SURFACE_CURVE('',#4434,(#4438,#4445),.PCURVE_S1.);
#4434 = LINE('',#4435,#4436);
#4435 = CARTESIAN_POINT('',(-30.,-9.3,5.));
#4436 = VECTOR('',#4437,1.);
#4437 = DIRECTION('',(1.,0.,0.));
#4438 = PCURVE('',#3902,#4439);
#4439 = DEFINITIONAL_REPRESENTATION('',(#4440),#4444);
#4440 = LINE('',#4441,#4442);
#4441 = CARTESIAN_POINT('',(0.,1.4));
#4442 = VECTOR('',#4443,1.);
#4443 = DIRECTION('',(1.,0.));
#4444 = ( GEOMETRIC_REPRESENTATION_CONTEXT(2) 
PARAMETRIC_REPRESENTATION_CONTEXT() REPRESENTATION_CONTEXT('2D SPACE',''
  ) );
#4445 = PCURVE('',#3875,#4446);
#4446 = DEFINITIONAL_REPRESENTATION('',(#4447),#4451);
#4447 = LINE('',#4448,#4449);
#4448 = CARTESIAN_POINT('',(2.,0.));
#4449 = VECTOR('',#4450,1.);
#4450 = DIRECTION('',(0.,1.));
#4451 = ( GEOMETRIC_REPRESENTATION_CONTEXT(2) 
PARAMETRIC_REPRESENTATION_CONTEXT() REPRESENTATION_CONTEXT('2D SPACE',''
  ) );
#4452 = ORIENTED_EDGE('',*,*,#4453,.T.);
#4453 = EDGE_CURVE('',#4431,#4454,#4456,.T.);
#4454 = VERTEX_POINT('',#4455);
#4455 = CARTESIAN_POINT('',(1.,-10.5,5.));
#4456 = SURFACE_CURVE('',#4457,(#4461,#4467),.PCURVE_S1.);
#4457 = LINE('',#4458,#4459);
#4458 = CARTESIAN_POINT('',(1.,-10.6,5.));
#4459 = VECTOR('',#4460,1.);
#4460 = DIRECTION('',(0.,-1.,0.));
#4461 = PCURVE('',#3902,#4462);
#4462 = DEFINITIONAL_REPRESENTATION('',(#4463),#4466);
#4463 = B_SPLINE_CURVE_WITH_KNOTS('',1,(#4464,#4465),.UNSPECIFIED.,.F.,
  .F.,(2,2),(-1.3,-1.E-01),.PIECEWISE_BEZIER_KNOTS.);
#4464 = CARTESIAN_POINT('',(31.,1.4));
#4465 = CARTESIAN_POINT('',(31.,0.2));
#4466 = ( GEOMETRIC_REPRESENTATION_CONTEXT(2) 
PARAMETRIC_REPRESENTATION_CONTEXT() REPRESENTATION_CONTEXT('2D SPACE',''
  ) );
#4467 = PCURVE('',#4468,#4473);
#4468 = PLANE('',#4469);
#4469 = AXIS2_PLACEMENT_3D('',#4470,#4471,#4472);
#4470 = CARTESIAN_POINT('',(1.,-10.5,2.));
#4471 = DIRECTION('',(1.,0.,0.));
#4472 = DIRECTION('',(0.,0.,1.));
#4473 = DEFINITIONAL_REPRESENTATION('',(#4474),#4477);
#4474 = B_SPLINE_CURVE_WITH_KNOTS('',1,(#4475,#4476),.UNSPECIFIED.,.F.,
  .F.,(2,2),(-1.3,-1.E-01),.PIECEWISE_BEZIER_KNOTS.);
#4475 = CARTESIAN_POINT('',(3.,-1.2));
#4476 = CARTESIAN_POINT('',(3.,0.));
#4477 = ( GEOMETRIC_REPRESENTATION_CONTEXT(2) 
PARAMETRIC_REPRESENTATION_CONTEXT() REPRESENTATION_CONTEXT('2D SPACE',''
  ) );
#4478 = ORIENTED_EDGE('',*,*,#4479,.F.);
#4479 = EDGE_CURVE('',#4480,#4454,#4482,.T.);
#4480 = VERTEX_POINT('',#4481);
#4481 = CARTESIAN_POINT('',(-7.,-10.5,5.));
#4482 = SURFACE_CURVE('',#4483,(#4487,#4493),.PCURVE_S1.);
#4483 = LINE('',#4484,#4485);
#4484 = CARTESIAN_POINT('',(-18.5,-10.5,5.));
#4485 = VECTOR('',#4486,1.);
#4486 = DIRECTION('',(1.,0.,0.));
#4487 = PCURVE('',#3902,#4488);
#4488 = DEFINITIONAL_REPRESENTATION('',(#4489),#4492);
#4489 = B_SPLINE_CURVE_WITH_KNOTS('',1,(#4490,#4491),.UNSPECIFIED.,.F.,
  .F.,(2,2),(11.5,19.5),.PIECEWISE_BEZIER_KNOTS.);
#4490 = CARTESIAN_POINT('',(23.,0.2));
#4491 = CARTESIAN_POINT('',(31.,0.2));
#4492 = ( GEOMETRIC_REPRESENTATION_CONTEXT(2) 
PARAMETRIC_REPRESENTATION_CONTEXT() REPRESENTATION_CONTEXT('2D SPACE',''
  ) );
#4493 = PCURVE('',#4494,#4499);
#4494 = PLANE('',#4495);
#4495 = AXIS2_PLACEMENT_3D('',#4496,#4497,#4498);
#4496 = CARTESIAN_POINT('',(-7.,-10.5,2.));
#4497 = DIRECTION('',(0.,1.,0.));
#4498 = DIRECTION('',(0.,0.,1.));
#4499 = DEFINITIONAL_REPRESENTATION('',(#4500),#4503);
#4500 = B_SPLINE_CURVE_WITH_KNOTS('',1,(#4501,#4502),.UNSPECIFIED.,.F.,
  .F.,(2,2),(11.5,19.5),.PIECEWISE_BEZIER_KNOTS.);
#4501 = CARTESIAN_POINT('',(3.,0.));
#4502 = CARTESIAN_POINT('',(3.,8.));
#4503 = ( GEOMETRIC_REPRESENTATION_CONTEXT(2) 
PARAMETRIC_REPRESENTATION_CONTEXT() REPRESENTATION_CONTEXT('2D SPACE',''
  ) );
#4504 = ORIENTED_EDGE('',*,*,#4505,.F.);
#4505 = EDGE_CURVE('',#4381,#4480,#4506,.T.);
#4506 = SURFACE_CURVE('',#4507,(#4511,#4517),.PCURVE_S1.);
#4507 = LINE('',#4508,#4509);
#4508 = CARTESIAN_POINT('',(-7.,-10.6,5.));
#4509 = VECTOR('',#4510,1.);
#4510 = DIRECTION('',(0.,-1.,0.));
#4511 = PCURVE('',#3902,#4512);
#4512 = DEFINITIONAL_REPRESENTATION('',(#4513),#4516);
#4513 = B_SPLINE_CURVE_WITH_KNOTS('',1,(#4514,#4515),.UNSPECIFIED.,.F.,
  .F.,(2,2),(-1.3,-1.E-01),.PIECEWISE_BEZIER_KNOTS.);
#4514 = CARTESIAN_POINT('',(23.,1.4));
#4515 = CARTESIAN_POINT('',(23.,0.2));
#4516 = ( GEOMETRIC_REPRESENTATION_CONTEXT(2) 
PARAMETRIC_REPRESENTATION_CONTEXT() REPRESENTATION_CONTEXT('2D SPACE',''
  ) );
#4517 = PCURVE('',#4518,#4523);
#4518 = PLANE('',#4519);
#4519 = AXIS2_PLACEMENT_3D('',#4520,#4521,#4522);
#4520 = CARTESIAN_POINT('',(-7.,-10.5,2.));
#4521 = DIRECTION('',(1.,0.,0.));
#4522 = DIRECTION('',(0.,0.,1.));
#4523 = DEFINITIONAL_REPRESENTATION('',(#4524),#4527);
#4524 = B_SPLINE_CURVE_WITH_KNOTS('',1,(#4525,#4526),.UNSPECIFIED.,.F.,
  .F.,(2,2),(-1.3,-1.E-01),.PIECEWISE_BEZIER_KNOTS.);
#4525 = CARTESIAN_POINT('',(3.,-1.2));
#4526 = CARTESIAN_POINT('',(3.,0.));
#4527 = ( GEOMETRIC_REPRESENTATION_CONTEXT(2) 
PARAMETRIC_REPRESENTATION_CONTEXT() REPRESENTATION_CONTEXT('2D SPACE',''
  ) );
#4528 = ADVANCED_FACE('',(#4529),#4468,.T.);
#4529 = FACE_BOUND('',#4530,.T.);
#4530 = EDGE_LOOP('',(#4531,#4554,#4555,#4576,#4597,#4625));
#4531 = ORIENTED_EDGE('',*,*,#4532,.F.);
#4532 = EDGE_CURVE('',#4454,#4533,#4535,.T.);
#4533 = VERTEX_POINT('',#4534);
#4534 = CARTESIAN_POINT('',(1.,-10.5,8.));
#4535 = SURFACE_CURVE('',#4536,(#4540,#4547),.PCURVE_S1.);
#4536 = LINE('',#4537,#4538);
#4537 = CARTESIAN_POINT('',(1.,-10.5,2.));
#4538 = VECTOR('',#4539,1.);
#4539 = DIRECTION('',(0.,0.,1.));
#4540 = PCURVE('',#4468,#4541);
#4541 = DEFINITIONAL_REPRESENTATION('',(#4542),#4546);
#4542 = LINE('',#4543,#4544);
#4543 = CARTESIAN_POINT('',(0.,0.));
#4544 = VECTOR('',#4545,1.);
#4545 = DIRECTION('',(1.,0.));
#4546 = ( GEOMETRIC_REPRESENTATION_CONTEXT(2) 
PARAMETRIC_REPRESENTATION_CONTEXT() REPRESENTATION_CONTEXT('2D SPACE',''
  ) );
#4547 = PCURVE('',#4494,#4548);
#4548 = DEFINITIONAL_REPRESENTATION('',(#4549),#4553);
#4549 = LINE('',#4550,#4551);
#4550 = CARTESIAN_POINT('',(0.,8.));
#4551 = VECTOR('',#4552,1.);
#4552 = DIRECTION('',(1.,0.));
#4553 = ( GEOMETRIC_REPRESENTATION_CONTEXT(2) 
PARAMETRIC_REPRESENTATION_CONTEXT() REPRESENTATION_CONTEXT('2D SPACE',''
  ) );
#4554 = ORIENTED_EDGE('',*,*,#4453,.F.);
#4555 = ORIENTED_EDGE('',*,*,#4556,.F.);
#4556 = EDGE_CURVE('',#4557,#4431,#4559,.T.);
#4557 = VERTEX_POINT('',#4558);
#4558 = CARTESIAN_POINT('',(1.,-9.3,3.));
#4559 = SURFACE_CURVE('',#4560,(#4564,#4570),.PCURVE_S1.);
#4560 = LINE('',#4561,#4562);
#4561 = CARTESIAN_POINT('',(1.,-9.3,2.5));
#4562 = VECTOR('',#4563,1.);
#4563 = DIRECTION('',(0.,0.,1.));
#4564 = PCURVE('',#4468,#4565);
#4565 = DEFINITIONAL_REPRESENTATION('',(#4566),#4569);
#4566 = B_SPLINE_CURVE_WITH_KNOTS('',1,(#4567,#4568),.UNSPECIFIED.,.F.,
  .F.,(2,2),(0.5,2.5),.PIECEWISE_BEZIER_KNOTS.);
#4567 = CARTESIAN_POINT('',(1.,-1.2));
#4568 = CARTESIAN_POINT('',(3.,-1.2));
#4569 = ( GEOMETRIC_REPRESENTATION_CONTEXT(2) 
PARAMETRIC_REPRESENTATION_CONTEXT() REPRESENTATION_CONTEXT('2D SPACE',''
  ) );
#4570 = PCURVE('',#3875,#4571);
#4571 = DEFINITIONAL_REPRESENTATION('',(#4572),#4575);
#4572 = B_SPLINE_CURVE_WITH_KNOTS('',1,(#4573,#4574),.UNSPECIFIED.,.F.,
  .F.,(2,2),(0.5,2.5),.PIECEWISE_BEZIER_KNOTS.);
#4573 = CARTESIAN_POINT('',(0.,31.));
#4574 = CARTESIAN_POINT('',(2.,31.));
#4575 = ( GEOMETRIC_REPRESENTATION_CONTEXT(2) 
PARAMETRIC_REPRESENTATION_CONTEXT() REPRESENTATION_CONTEXT('2D SPACE',''
  ) );
#4576 = ORIENTED_EDGE('',*,*,#4577,.T.);
#4577 = EDGE_CURVE('',#4557,#4578,#4580,.T.);
#4578 = VERTEX_POINT('',#4579);
#4579 = CARTESIAN_POINT('',(1.,-7.5,3.));
#4580 = SURFACE_CURVE('',#4581,(#4585,#4591),.PCURVE_S1.);
#4581 = LINE('',#4582,#4583);
#4582 = CARTESIAN_POINT('',(1.,-21.25,3.));
#4583 = VECTOR('',#4584,1.);
#4584 = DIRECTION('',(0.,1.,0.));
#4585 = PCURVE('',#4468,#4586);
#4586 = DEFINITIONAL_REPRESENTATION('',(#4587),#4590);
#4587 = B_SPLINE_CURVE_WITH_KNOTS('',1,(#4588,#4589),.UNSPECIFIED.,.F.,
  .F.,(2,2),(10.75,13.75),.PIECEWISE_BEZIER_KNOTS.);
#4588 = CARTESIAN_POINT('',(1.,0.));
#4589 = CARTESIAN_POINT('',(1.,-3.));
#4590 = ( GEOMETRIC_REPRESENTATION_CONTEXT(2) 
PARAMETRIC_REPRESENTATION_CONTEXT() REPRESENTATION_CONTEXT('2D SPACE',''
  ) );
#4591 = PCURVE('',#102,#4592);
#4592 = DEFINITIONAL_REPRESENTATION('',(#4593),#4596);
#4593 = B_SPLINE_CURVE_WITH_KNOTS('',1,(#4594,#4595),.UNSPECIFIED.,.F.,
  .F.,(2,2),(10.75,13.75),.PIECEWISE_BEZIER_KNOTS.);
#4594 = CARTESIAN_POINT('',(36.,21.5));
#4595 = CARTESIAN_POINT('',(36.,24.5));
#4596 = ( GEOMETRIC_REPRESENTATION_CONTEXT(2) 
PARAMETRIC_REPRESENTATION_CONTEXT() REPRESENTATION_CONTEXT('2D SPACE',''
  ) );
#4597 = ORIENTED_EDGE('',*,*,#4598,.T.);
#4598 = EDGE_CURVE('',#4578,#4599,#4601,.T.);
#4599 = VERTEX_POINT('',#4600);
#4600 = CARTESIAN_POINT('',(1.,-7.5,8.));
#4601 = SURFACE_CURVE('',#4602,(#4606,#4613),.PCURVE_S1.);
#4602 = LINE('',#4603,#4604);
#4603 = CARTESIAN_POINT('',(1.,-7.5,2.));
#4604 = VECTOR('',#4605,1.);
#4605 = DIRECTION('',(0.,0.,1.));
#4606 = PCURVE('',#4468,#4607);
#4607 = DEFINITIONAL_REPRESENTATION('',(#4608),#4612);
#4608 = LINE('',#4609,#4610);
#4609 = CARTESIAN_POINT('',(0.,-3.));
#4610 = VECTOR('',#4611,1.);
#4611 = DIRECTION('',(1.,0.));
#4612 = ( GEOMETRIC_REPRESENTATION_CONTEXT(2) 
PARAMETRIC_REPRESENTATION_CONTEXT() REPRESENTATION_CONTEXT('2D SPACE',''
  ) );
#4613 = PCURVE('',#4614,#4619);
#4614 = PLANE('',#4615);
#4615 = AXIS2_PLACEMENT_3D('',#4616,#4617,#4618);
#4616 = CARTESIAN_POINT('',(-7.,-7.5,2.));
#4617 = DIRECTION('',(0.,1.,0.));
#4618 = DIRECTION('',(0.,0.,1.));
#4619 = DEFINITIONAL_REPRESENTATION('',(#4620),#4624);
#4620 = LINE('',#4621,#4622);
#4621 = CARTESIAN_POINT('',(0.,8.));
#4622 = VECTOR('',#4623,1.);
#4623 = DIRECTION('',(1.,0.));
#4624 = ( GEOMETRIC_REPRESENTATION_CONTEXT(2) 
PARAMETRIC_REPRESENTATION_CONTEXT() REPRESENTATION_CONTEXT('2D SPACE',''
  ) );
#4625 = ORIENTED_EDGE('',*,*,#4626,.F.);
#4626 = EDGE_CURVE('',#4533,#4599,#4627,.T.);
#4627 = SURFACE_CURVE('',#4628,(#4632,#4639),.PCURVE_S1.);
#4628 = LINE('',#4629,#4630);
#4629 = CARTESIAN_POINT('',(1.,-10.5,8.));
#4630 = VECTOR('',#4631,1.);
#4631 = DIRECTION('',(0.,1.,0.));
#4632 = PCURVE('',#4468,#4633);
#4633 = DEFINITIONAL_REPRESENTATION('',(#4634),#4638);
#4634 = LINE('',#4635,#4636);
#4635 = CARTESIAN_POINT('',(6.,0.));
#4636 = VECTOR('',#4637,1.);
#4637 = DIRECTION('',(0.,-1.));
#4638 = ( GEOMETRIC_REPRESENTATION_CONTEXT(2) 
PARAMETRIC_REPRESENTATION_CONTEXT() REPRESENTATION_CONTEXT('2D SPACE',''
  ) );
#4639 = PCURVE('',#4640,#4645);
#4640 = PLANE('',#4641);
#4641 = AXIS2_PLACEMENT_3D('',#4642,#4643,#4644);
#4642 = CARTESIAN_POINT('',(-7.,-10.5,8.));
#4643 = DIRECTION('',(0.,0.,1.));
#4644 = DIRECTION('',(1.,0.,0.));
#4645 = DEFINITIONAL_REPRESENTATION('',(#4646),#4650);
#4646 = LINE('',#4647,#4648);
#4647 = CARTESIAN_POINT('',(8.,0.));
#4648 = VECTOR('',#4649,1.);
#4649 = DIRECTION('',(0.,1.));
#4650 = ( GEOMETRIC_REPRESENTATION_CONTEXT(2) 
PARAMETRIC_REPRESENTATION_CONTEXT() REPRESENTATION_CONTEXT('2D SPACE',''
  ) );
#4651 = ADVANCED_FACE('',(#4652),#4614,.T.);
#4652 = FACE_BOUND('',#4653,.T.);
#4653 = EDGE_LOOP('',(#4654,#4655,#4676,#4702));
#4654 = ORIENTED_EDGE('',*,*,#4598,.F.);
#4655 = ORIENTED_EDGE('',*,*,#4656,.T.);
#4656 = EDGE_CURVE('',#4578,#4657,#4659,.T.);
#4657 = VERTEX_POINT('',#4658);
#4658 = CARTESIAN_POINT('',(0.8,-7.5,3.));
#4659 = SURFACE_CURVE('',#4660,(#4664,#4670),.PCURVE_S1.);
#4660 = LINE('',#4661,#4662);
#4661 = CARTESIAN_POINT('',(-21.,-7.5,3.));
#4662 = VECTOR('',#4663,1.);
#4663 = DIRECTION('',(-1.,0.,0.));
#4664 = PCURVE('',#4614,#4665);
#4665 = DEFINITIONAL_REPRESENTATION('',(#4666),#4669);
#4666 = B_SPLINE_CURVE_WITH_KNOTS('',1,(#4667,#4668),.UNSPECIFIED.,.F.,
  .F.,(2,2),(-22.,-14.),.PIECEWISE_BEZIER_KNOTS.);
#4667 = CARTESIAN_POINT('',(1.,8.));
#4668 = CARTESIAN_POINT('',(1.,0.));
#4669 = ( GEOMETRIC_REPRESENTATION_CONTEXT(2) 
PARAMETRIC_REPRESENTATION_CONTEXT() REPRESENTATION_CONTEXT('2D SPACE',''
  ) );
#4670 = PCURVE('',#102,#4671);
#4671 = DEFINITIONAL_REPRESENTATION('',(#4672),#4675);
#4672 = B_SPLINE_CURVE_WITH_KNOTS('',1,(#4673,#4674),.UNSPECIFIED.,.F.,
  .F.,(2,2),(-22.,-14.),.PIECEWISE_BEZIER_KNOTS.);
#4673 = CARTESIAN_POINT('',(36.,24.5));
#4674 = CARTESIAN_POINT('',(28.,24.5));
#4675 = ( GEOMETRIC_REPRESENTATION_CONTEXT(2) 
PARAMETRIC_REPRESENTATION_CONTEXT() REPRESENTATION_CONTEXT('2D SPACE',''
  ) );
#4676 = ORIENTED_EDGE('',*,*,#4677,.T.);
#4677 = EDGE_CURVE('',#4657,#4678,#4680,.T.);
#4678 = VERTEX_POINT('',#4679);
#4679 = CARTESIAN_POINT('',(0.8,-7.5,8.));
#4680 = SURFACE_CURVE('',#4681,(#4685,#4691),.PCURVE_S1.);
#4681 = LINE('',#4682,#4683);
#4682 = CARTESIAN_POINT('',(0.8,-7.5,2.175));
#4683 = VECTOR('',#4684,1.);
#4684 = DIRECTION('',(0.,0.,1.));
#4685 = PCURVE('',#4614,#4686);
#4686 = DEFINITIONAL_REPRESENTATION('',(#4687),#4690);
#4687 = B_SPLINE_CURVE_WITH_KNOTS('',1,(#4688,#4689),.UNSPECIFIED.,.F.,
  .F.,(2,2),(0.825,5.825),.PIECEWISE_BEZIER_KNOTS.);
#4688 = CARTESIAN_POINT('',(1.,7.8));
#4689 = CARTESIAN_POINT('',(6.,7.8));
#4690 = ( GEOMETRIC_REPRESENTATION_CONTEXT(2) 
PARAMETRIC_REPRESENTATION_CONTEXT() REPRESENTATION_CONTEXT('2D SPACE',''
  ) );
#4691 = PCURVE('',#4692,#4697);
#4692 = PLANE('',#4693);
#4693 = AXIS2_PLACEMENT_3D('',#4694,#4695,#4696);
#4694 = CARTESIAN_POINT('',(0.8,-10.5,2.35));
#4695 = DIRECTION('',(1.,0.,0.));
#4696 = DIRECTION('',(0.,0.,1.));
#4697 = DEFINITIONAL_REPRESENTATION('',(#4698),#4701);
#4698 = B_SPLINE_CURVE_WITH_KNOTS('',1,(#4699,#4700),.UNSPECIFIED.,.F.,
  .F.,(2,2),(0.825,5.825),.PIECEWISE_BEZIER_KNOTS.);
#4699 = CARTESIAN_POINT('',(0.65,-3.));
#4700 = CARTESIAN_POINT('',(5.65,-3.));
#4701 = ( GEOMETRIC_REPRESENTATION_CONTEXT(2) 
PARAMETRIC_REPRESENTATION_CONTEXT() REPRESENTATION_CONTEXT('2D SPACE',''
  ) );
#4702 = ORIENTED_EDGE('',*,*,#4703,.T.);
#4703 = EDGE_CURVE('',#4678,#4599,#4704,.T.);
#4704 = SURFACE_CURVE('',#4705,(#4709,#4716),.PCURVE_S1.);
#4705 = LINE('',#4706,#4707);
#4706 = CARTESIAN_POINT('',(-7.,-7.5,8.));
#4707 = VECTOR('',#4708,1.);
#4708 = DIRECTION('',(1.,0.,0.));
#4709 = PCURVE('',#4614,#4710);
#4710 = DEFINITIONAL_REPRESENTATION('',(#4711),#4715);
#4711 = LINE('',#4712,#4713);
#4712 = CARTESIAN_POINT('',(6.,0.));
#4713 = VECTOR('',#4714,1.);
#4714 = DIRECTION('',(0.,1.));
#4715 = ( GEOMETRIC_REPRESENTATION_CONTEXT(2) 
PARAMETRIC_REPRESENTATION_CONTEXT() REPRESENTATION_CONTEXT('2D SPACE',''
  ) );
#4716 = PCURVE('',#4640,#4717);
#4717 = DEFINITIONAL_REPRESENTATION('',(#4718),#4722);
#4718 = LINE('',#4719,#4720);
#4719 = CARTESIAN_POINT('',(0.,3.));
#4720 = VECTOR('',#4721,1.);
#4721 = DIRECTION('',(1.,0.));
#4722 = ( GEOMETRIC_REPRESENTATION_CONTEXT(2) 
PARAMETRIC_REPRESENTATION_CONTEXT() REPRESENTATION_CONTEXT('2D SPACE',''
  ) );
#4723 = ADVANCED_FACE('',(#4724,#4898,#4933,#5039),#4692,.T.);
#4724 = FACE_BOUND('',#4725,.T.);
#4725 = EDGE_LOOP('',(#4726,#4751,#4770,#4771,#4792,#4818,#4844,#4872));
#4726 = ORIENTED_EDGE('',*,*,#4727,.F.);
#4727 = EDGE_CURVE('',#4728,#4730,#4732,.T.);
#4728 = VERTEX_POINT('',#4729);
#4729 = CARTESIAN_POINT('',(0.8,-10.5,8.));
#4730 = VERTEX_POINT('',#4731);
#4731 = CARTESIAN_POINT('',(0.8,-10.5,39.65));
#4732 = SURFACE_CURVE('',#4733,(#4737,#4744),.PCURVE_S1.);
#4733 = LINE('',#4734,#4735);
#4734 = CARTESIAN_POINT('',(0.8,-10.5,2.35));
#4735 = VECTOR('',#4736,1.);
#4736 = DIRECTION('',(0.,0.,1.));
#4737 = PCURVE('',#4692,#4738);
#4738 = DEFINITIONAL_REPRESENTATION('',(#4739),#4743);
#4739 = LINE('',#4740,#4741);
#4740 = CARTESIAN_POINT('',(0.,0.));
#4741 = VECTOR('',#4742,1.);
#4742 = DIRECTION('',(1.,0.));
#4743 = ( GEOMETRIC_REPRESENTATION_CONTEXT(2) 
PARAMETRIC_REPRESENTATION_CONTEXT() REPRESENTATION_CONTEXT('2D SPACE',''
  ) );
#4744 = PCURVE('',#4494,#4745);
#4745 = DEFINITIONAL_REPRESENTATION('',(#4746),#4750);
#4746 = LINE('',#4747,#4748);
#4747 = CARTESIAN_POINT('',(0.35,7.8));
#4748 = VECTOR('',#4749,1.);
#4749 = DIRECTION('',(1.,0.));
#4750 = ( GEOMETRIC_REPRESENTATION_CONTEXT(2) 
PARAMETRIC_REPRESENTATION_CONTEXT() REPRESENTATION_CONTEXT('2D SPACE',''
  ) );
#4751 = ORIENTED_EDGE('',*,*,#4752,.F.);
#4752 = EDGE_CURVE('',#4678,#4728,#4753,.T.);
#4753 = SURFACE_CURVE('',#4754,(#4758,#4764),.PCURVE_S1.);
#4754 = LINE('',#4755,#4756);
#4755 = CARTESIAN_POINT('',(0.8,-10.5,8.));
#4756 = VECTOR('',#4757,1.);
#4757 = DIRECTION('',(0.,-1.,0.));
#4758 = PCURVE('',#4692,#4759);
#4759 = DEFINITIONAL_REPRESENTATION('',(#4760),#4763);
#4760 = B_SPLINE_CURVE_WITH_KNOTS('',1,(#4761,#4762),.UNSPECIFIED.,.F.,
  .F.,(2,2),(-3.,0.),.PIECEWISE_BEZIER_KNOTS.);
#4761 = CARTESIAN_POINT('',(5.65,-3.));
#4762 = CARTESIAN_POINT('',(5.65,0.));
#4763 = ( GEOMETRIC_REPRESENTATION_CONTEXT(2) 
PARAMETRIC_REPRESENTATION_CONTEXT() REPRESENTATION_CONTEXT('2D SPACE',''
  ) );
#4764 = PCURVE('',#4640,#4765);
#4765 = DEFINITIONAL_REPRESENTATION('',(#4766),#4769);
#4766 = B_SPLINE_CURVE_WITH_KNOTS('',1,(#4767,#4768),.UNSPECIFIED.,.F.,
  .F.,(2,2),(-3.,0.),.PIECEWISE_BEZIER_KNOTS.);
#4767 = CARTESIAN_POINT('',(7.8,3.));
#4768 = CARTESIAN_POINT('',(7.8,0.));
#4769 = ( GEOMETRIC_REPRESENTATION_CONTEXT(2) 
PARAMETRIC_REPRESENTATION_CONTEXT() REPRESENTATION_CONTEXT('2D SPACE',''
  ) );
#4770 = ORIENTED_EDGE('',*,*,#4677,.F.);
#4771 = ORIENTED_EDGE('',*,*,#4772,.T.);
#4772 = EDGE_CURVE('',#4657,#4773,#4775,.T.);
#4773 = VERTEX_POINT('',#4774);
#4774 = CARTESIAN_POINT('',(0.8,7.5,3.));
#4775 = SURFACE_CURVE('',#4776,(#4780,#4786),.PCURVE_S1.);
#4776 = LINE('',#4777,#4778);
#4777 = CARTESIAN_POINT('',(0.8,-21.25,3.));
#4778 = VECTOR('',#4779,1.);
#4779 = DIRECTION('',(0.,1.,0.));
#4780 = PCURVE('',#4692,#4781);
#4781 = DEFINITIONAL_REPRESENTATION('',(#4782),#4785);
#4782 = B_SPLINE_CURVE_WITH_KNOTS('',1,(#4783,#4784),.UNSPECIFIED.,.F.,
  .F.,(2,2),(10.75,31.75),.PIECEWISE_BEZIER_KNOTS.);
#4783 = CARTESIAN_POINT('',(0.65,0.));
#4784 = CARTESIAN_POINT('',(0.65,-21.));
#4785 = ( GEOMETRIC_REPRESENTATION_CONTEXT(2) 
PARAMETRIC_REPRESENTATION_CONTEXT() REPRESENTATION_CONTEXT('2D SPACE',''
  ) );
#4786 = PCURVE('',#102,#4787);
#4787 = DEFINITIONAL_REPRESENTATION('',(#4788),#4791);
#4788 = B_SPLINE_CURVE_WITH_KNOTS('',1,(#4789,#4790),.UNSPECIFIED.,.F.,
  .F.,(2,2),(10.75,31.75),.PIECEWISE_BEZIER_KNOTS.);
#4789 = CARTESIAN_POINT('',(35.8,21.5));
#4790 = CARTESIAN_POINT('',(35.8,42.5));
#4791 = ( GEOMETRIC_REPRESENTATION_CONTEXT(2) 
PARAMETRIC_REPRESENTATION_CONTEXT() REPRESENTATION_CONTEXT('2D SPACE',''
  ) );
#4792 = ORIENTED_EDGE('',*,*,#4793,.T.);
#4793 = EDGE_CURVE('',#4773,#4794,#4796,.T.);
#4794 = VERTEX_POINT('',#4795);
#4795 = CARTESIAN_POINT('',(0.8,7.5,8.));
#4796 = SURFACE_CURVE('',#4797,(#4801,#4807),.PCURVE_S1.);
#4797 = LINE('',#4798,#4799);
#4798 = CARTESIAN_POINT('',(0.8,7.5,2.175));
#4799 = VECTOR('',#4800,1.);
#4800 = DIRECTION('',(0.,0.,1.));
#4801 = PCURVE('',#4692,#4802);
#4802 = DEFINITIONAL_REPRESENTATION('',(#4803),#4806);
#4803 = B_SPLINE_CURVE_WITH_KNOTS('',1,(#4804,#4805),.UNSPECIFIED.,.F.,
  .F.,(2,2),(0.825,5.825),.PIECEWISE_BEZIER_KNOTS.);
#4804 = CARTESIAN_POINT('',(0.65,-18.));
#4805 = CARTESIAN_POINT('',(5.65,-18.));
#4806 = ( GEOMETRIC_REPRESENTATION_CONTEXT(2) 
PARAMETRIC_REPRESENTATION_CONTEXT() REPRESENTATION_CONTEXT('2D SPACE',''
  ) );
#4807 = PCURVE('',#4808,#4813);
#4808 = PLANE('',#4809);
#4809 = AXIS2_PLACEMENT_3D('',#4810,#4811,#4812);
#4810 = CARTESIAN_POINT('',(-7.,7.5,2.));
#4811 = DIRECTION('',(0.,1.,0.));
#4812 = DIRECTION('',(0.,0.,1.));
#4813 = DEFINITIONAL_REPRESENTATION('',(#4814),#4817);
#4814 = B_SPLINE_CURVE_WITH_KNOTS('',1,(#4815,#4816),.UNSPECIFIED.,.F.,
  .F.,(2,2),(0.825,5.825),.PIECEWISE_BEZIER_KNOTS.);
#4815 = CARTESIAN_POINT('',(1.,7.8));
#4816 = CARTESIAN_POINT('',(6.,7.8));
#4817 = ( GEOMETRIC_REPRESENTATION_CONTEXT(2) 
PARAMETRIC_REPRESENTATION_CONTEXT() REPRESENTATION_CONTEXT('2D SPACE',''
  ) );
#4818 = ORIENTED_EDGE('',*,*,#4819,.F.);
#4819 = EDGE_CURVE('',#4820,#4794,#4822,.T.);
#4820 = VERTEX_POINT('',#4821);
#4821 = CARTESIAN_POINT('',(0.8,10.5,8.));
#4822 = SURFACE_CURVE('',#4823,(#4827,#4833),.PCURVE_S1.);
#4823 = LINE('',#4824,#4825);
#4824 = CARTESIAN_POINT('',(0.8,-1.5,8.));
#4825 = VECTOR('',#4826,1.);
#4826 = DIRECTION('',(0.,-1.,0.));
#4827 = PCURVE('',#4692,#4828);
#4828 = DEFINITIONAL_REPRESENTATION('',(#4829),#4832);
#4829 = B_SPLINE_CURVE_WITH_KNOTS('',1,(#4830,#4831),.UNSPECIFIED.,.F.,
  .F.,(2,2),(-12.,-9.),.PIECEWISE_BEZIER_KNOTS.);
#4830 = CARTESIAN_POINT('',(5.65,-21.));
#4831 = CARTESIAN_POINT('',(5.65,-18.));
#4832 = ( GEOMETRIC_REPRESENTATION_CONTEXT(2) 
PARAMETRIC_REPRESENTATION_CONTEXT() REPRESENTATION_CONTEXT('2D SPACE',''
  ) );
#4833 = PCURVE('',#4834,#4839);
#4834 = PLANE('',#4835);
#4835 = AXIS2_PLACEMENT_3D('',#4836,#4837,#4838);
#4836 = CARTESIAN_POINT('',(-7.,7.5,8.));
#4837 = DIRECTION('',(0.,0.,1.));
#4838 = DIRECTION('',(1.,0.,0.));
#4839 = DEFINITIONAL_REPRESENTATION('',(#4840),#4843);
#4840 = B_SPLINE_CURVE_WITH_KNOTS('',1,(#4841,#4842),.UNSPECIFIED.,.F.,
  .F.,(2,2),(-12.,-9.),.PIECEWISE_BEZIER_KNOTS.);
#4841 = CARTESIAN_POINT('',(7.8,3.));
#4842 = CARTESIAN_POINT('',(7.8,0.));
#4843 = ( GEOMETRIC_REPRESENTATION_CONTEXT(2) 
PARAMETRIC_REPRESENTATION_CONTEXT() REPRESENTATION_CONTEXT('2D SPACE',''
  ) );
#4844 = ORIENTED_EDGE('',*,*,#4845,.T.);
#4845 = EDGE_CURVE('',#4820,#4846,#4848,.T.);
#4846 = VERTEX_POINT('',#4847);
#4847 = CARTESIAN_POINT('',(0.8,10.5,39.65));
#4848 = SURFACE_CURVE('',#4849,(#4853,#4860),.PCURVE_S1.);
#4849 = LINE('',#4850,#4851);
#4850 = CARTESIAN_POINT('',(0.8,10.5,2.35));
#4851 = VECTOR('',#4852,1.);
#4852 = DIRECTION('',(0.,0.,1.));
#4853 = PCURVE('',#4692,#4854);
#4854 = DEFINITIONAL_REPRESENTATION('',(#4855),#4859);
#4855 = LINE('',#4856,#4857);
#4856 = CARTESIAN_POINT('',(0.,-21.));
#4857 = VECTOR('',#4858,1.);
#4858 = DIRECTION('',(1.,0.));
#4859 = ( GEOMETRIC_REPRESENTATION_CONTEXT(2) 
PARAMETRIC_REPRESENTATION_CONTEXT() REPRESENTATION_CONTEXT('2D SPACE',''
  ) );
#4860 = PCURVE('',#4861,#4866);
#4861 = PLANE('',#4862);
#4862 = AXIS2_PLACEMENT_3D('',#4863,#4864,#4865);
#4863 = CARTESIAN_POINT('',(-7.,10.5,2.));
#4864 = DIRECTION('',(0.,1.,0.));
#4865 = DIRECTION('',(0.,0.,1.));
#4866 = DEFINITIONAL_REPRESENTATION('',(#4867),#4871);
#4867 = LINE('',#4868,#4869);
#4868 = CARTESIAN_POINT('',(0.35,7.8));
#4869 = VECTOR('',#4870,1.);
#4870 = DIRECTION('',(1.,0.));
#4871 = ( GEOMETRIC_REPRESENTATION_CONTEXT(2) 
PARAMETRIC_REPRESENTATION_CONTEXT() REPRESENTATION_CONTEXT('2D SPACE',''
  ) );
#4872 = ORIENTED_EDGE('',*,*,#4873,.F.);
#4873 = EDGE_CURVE('',#4730,#4846,#4874,.T.);
#4874 = SURFACE_CURVE('',#4875,(#4879,#4886),.PCURVE_S1.);
#4875 = LINE('',#4876,#4877);
#4876 = CARTESIAN_POINT('',(0.8,-10.5,39.65));
#4877 = VECTOR('',#4878,1.);
#4878 = DIRECTION('',(0.,1.,0.));
#4879 = PCURVE('',#4692,#4880);
#4880 = DEFINITIONAL_REPRESENTATION('',(#4881),#4885);
#4881 = LINE('',#4882,#4883);
#4882 = CARTESIAN_POINT('',(37.3,0.));
#4883 = VECTOR('',#4884,1.);
#4884 = DIRECTION('',(0.,-1.));
#4885 = ( GEOMETRIC_REPRESENTATION_CONTEXT(2) 
PARAMETRIC_REPRESENTATION_CONTEXT() REPRESENTATION_CONTEXT('2D SPACE',''
  ) );
#4886 = PCURVE('',#4887,#4892);
#4887 = PLANE('',#4888);
#4888 = AXIS2_PLACEMENT_3D('',#4889,#4890,#4891);
#4889 = CARTESIAN_POINT('',(-2.2,-10.5,39.65));
#4890 = DIRECTION('',(0.,0.,1.));
#4891 = DIRECTION('',(1.,0.,0.));
#4892 = DEFINITIONAL_REPRESENTATION('',(#4893),#4897);
#4893 = LINE('',#4894,#4895);
#4894 = CARTESIAN_POINT('',(3.,0.));
#4895 = VECTOR('',#4896,1.);
#4896 = DIRECTION('',(0.,1.));
#4897 = ( GEOMETRIC_REPRESENTATION_CONTEXT(2) 
PARAMETRIC_REPRESENTATION_CONTEXT() REPRESENTATION_CONTEXT('2D SPACE',''
  ) );
#4898 = FACE_BOUND('',#4899,.T.);
#4899 = EDGE_LOOP('',(#4900));
#4900 = ORIENTED_EDGE('',*,*,#4901,.T.);
#4901 = EDGE_CURVE('',#4902,#4902,#4904,.T.);
#4902 = VERTEX_POINT('',#4903);
#4903 = CARTESIAN_POINT('',(0.8,1.1,7.1));
#4904 = SURFACE_CURVE('',#4905,(#4910,#4921),.PCURVE_S1.);
#4905 = CIRCLE('',#4906,1.1);
#4906 = AXIS2_PLACEMENT_3D('',#4907,#4908,#4909);
#4907 = CARTESIAN_POINT('',(0.8,0.,7.1));
#4908 = DIRECTION('',(-1.,0.,0.));
#4909 = DIRECTION('',(0.,1.,0.));
#4910 = PCURVE('',#4692,#4911);
#4911 = DEFINITIONAL_REPRESENTATION('',(#4912),#4920);
#4912 = ( BOUNDED_CURVE() B_SPLINE_CURVE(2,(#4913,#4914,#4915,#4916,
#4917,#4918,#4919),.UNSPECIFIED.,.T.,.F.) B_SPLINE_CURVE_WITH_KNOTS((1,2
    ,2,2,2,1),(-2.094395102393,0.,2.094395102393,4.188790204786,
6.28318530718,8.377580409573),.UNSPECIFIED.) CURVE() 
GEOMETRIC_REPRESENTATION_ITEM() RATIONAL_B_SPLINE_CURVE((1.,0.5,1.,0.5,
1.,0.5,1.)) REPRESENTATION_ITEM('') );
#4913 = CARTESIAN_POINT('',(4.75,-11.6));
#4914 = CARTESIAN_POINT('',(2.844744111674,-11.6));
#4915 = CARTESIAN_POINT('',(3.797372055837,-9.95));
#4916 = CARTESIAN_POINT('',(4.75,-8.3));
#4917 = CARTESIAN_POINT('',(5.702627944163,-9.95));
#4918 = CARTESIAN_POINT('',(6.655255888326,-11.6));
#4919 = CARTESIAN_POINT('',(4.75,-11.6));
#4920 = ( GEOMETRIC_REPRESENTATION_CONTEXT(2) 
PARAMETRIC_REPRESENTATION_CONTEXT() REPRESENTATION_CONTEXT('2D SPACE',''
  ) );
#4921 = PCURVE('',#4922,#4927);
#4922 = CYLINDRICAL_SURFACE('',#4923,1.1);
#4923 = AXIS2_PLACEMENT_3D('',#4924,#4925,#4926);
#4924 = CARTESIAN_POINT('',(-3.,0.,7.1));
#4925 = DIRECTION('',(-1.,-0.,-0.));
#4926 = DIRECTION('',(0.,1.,0.));
#4927 = DEFINITIONAL_REPRESENTATION('',(#4928),#4932);
#4928 = LINE('',#4929,#4930);
#4929 = CARTESIAN_POINT('',(-6.28318530718,-3.8));
#4930 = VECTOR('',#4931,1.);
#4931 = DIRECTION('',(1.,-0.));
#4932 = ( GEOMETRIC_REPRESENTATION_CONTEXT(2) 
PARAMETRIC_REPRESENTATION_CONTEXT() REPRESENTATION_CONTEXT('2D SPACE',''
  ) );
#4933 = FACE_BOUND('',#4934,.T.);
#4934 = EDGE_LOOP('',(#4935,#4963,#4989,#5015));
#4935 = ORIENTED_EDGE('',*,*,#4936,.T.);
#4936 = EDGE_CURVE('',#4937,#4939,#4941,.T.);
#4937 = VERTEX_POINT('',#4938);
#4938 = CARTESIAN_POINT('',(0.8,6.3,8.75));
#4939 = VERTEX_POINT('',#4940);
#4940 = CARTESIAN_POINT('',(0.8,-6.3,8.75));
#4941 = SURFACE_CURVE('',#4942,(#4946,#4952),.PCURVE_S1.);
#4942 = LINE('',#4943,#4944);
#4943 = CARTESIAN_POINT('',(0.8,-8.4,8.75));
#4944 = VECTOR('',#4945,1.);
#4945 = DIRECTION('',(0.,-1.,0.));
#4946 = PCURVE('',#4692,#4947);
#4947 = DEFINITIONAL_REPRESENTATION('',(#4948),#4951);
#4948 = B_SPLINE_CURVE_WITH_KNOTS('',1,(#4949,#4950),.UNSPECIFIED.,.F.,
  .F.,(2,2),(-14.7,-2.1),.PIECEWISE_BEZIER_KNOTS.);
#4949 = CARTESIAN_POINT('',(6.4,-16.8));
#4950 = CARTESIAN_POINT('',(6.4,-4.2));
#4951 = ( GEOMETRIC_REPRESENTATION_CONTEXT(2) 
PARAMETRIC_REPRESENTATION_CONTEXT() REPRESENTATION_CONTEXT('2D SPACE',''
  ) );
#4952 = PCURVE('',#4953,#4958);
#4953 = PLANE('',#4954);
#4954 = AXIS2_PLACEMENT_3D('',#4955,#4956,#4957);
#4955 = CARTESIAN_POINT('',(-4.7,-6.3,8.75));
#4956 = DIRECTION('',(0.,0.,1.));
#4957 = DIRECTION('',(1.,0.,0.));
#4958 = DEFINITIONAL_REPRESENTATION('',(#4959),#4962);
#4959 = B_SPLINE_CURVE_WITH_KNOTS('',1,(#4960,#4961),.UNSPECIFIED.,.F.,
  .F.,(2,2),(-14.7,-2.1),.PIECEWISE_BEZIER_KNOTS.);
#4960 = CARTESIAN_POINT('',(5.5,12.6));
#4961 = CARTESIAN_POINT('',(5.5,0.));
#4962 = ( GEOMETRIC_REPRESENTATION_CONTEXT(2) 
PARAMETRIC_REPRESENTATION_CONTEXT() REPRESENTATION_CONTEXT('2D SPACE',''
  ) );
#4963 = ORIENTED_EDGE('',*,*,#4964,.T.);
#4964 = EDGE_CURVE('',#4939,#4965,#4967,.T.);
#4965 = VERTEX_POINT('',#4966);
#4966 = CARTESIAN_POINT('',(0.8,-6.3,33.25));
#4967 = SURFACE_CURVE('',#4968,(#4972,#4978),.PCURVE_S1.);
#4968 = LINE('',#4969,#4970);
#4969 = CARTESIAN_POINT('',(0.8,-6.3,5.55));
#4970 = VECTOR('',#4971,1.);
#4971 = DIRECTION('',(0.,0.,1.));
#4972 = PCURVE('',#4692,#4973);
#4973 = DEFINITIONAL_REPRESENTATION('',(#4974),#4977);
#4974 = B_SPLINE_CURVE_WITH_KNOTS('',1,(#4975,#4976),.UNSPECIFIED.,.F.,
  .F.,(2,2),(3.2,27.7),.PIECEWISE_BEZIER_KNOTS.);
#4975 = CARTESIAN_POINT('',(6.4,-4.2));
#4976 = CARTESIAN_POINT('',(30.9,-4.2));
#4977 = ( GEOMETRIC_REPRESENTATION_CONTEXT(2) 
PARAMETRIC_REPRESENTATION_CONTEXT() REPRESENTATION_CONTEXT('2D SPACE',''
  ) );
#4978 = PCURVE('',#4979,#4984);
#4979 = PLANE('',#4980);
#4980 = AXIS2_PLACEMENT_3D('',#4981,#4982,#4983);
#4981 = CARTESIAN_POINT('',(-4.7,-6.3,8.75));
#4982 = DIRECTION('',(0.,1.,0.));
#4983 = DIRECTION('',(0.,0.,1.));
#4984 = DEFINITIONAL_REPRESENTATION('',(#4985),#4988);
#4985 = B_SPLINE_CURVE_WITH_KNOTS('',1,(#4986,#4987),.UNSPECIFIED.,.F.,
  .F.,(2,2),(3.2,27.7),.PIECEWISE_BEZIER_KNOTS.);
#4986 = CARTESIAN_POINT('',(0.,5.5));
#4987 = CARTESIAN_POINT('',(24.5,5.5));
#4988 = ( GEOMETRIC_REPRESENTATION_CONTEXT(2) 
PARAMETRIC_REPRESENTATION_CONTEXT() REPRESENTATION_CONTEXT('2D SPACE',''
  ) );
#4989 = ORIENTED_EDGE('',*,*,#4990,.F.);
#4990 = EDGE_CURVE('',#4991,#4965,#4993,.T.);
#4991 = VERTEX_POINT('',#4992);
#4992 = CARTESIAN_POINT('',(0.8,6.3,33.25));
#4993 = SURFACE_CURVE('',#4994,(#4998,#5004),.PCURVE_S1.);
#4994 = LINE('',#4995,#4996);
#4995 = CARTESIAN_POINT('',(0.8,-8.4,33.25));
#4996 = VECTOR('',#4997,1.);
#4997 = DIRECTION('',(0.,-1.,0.));
#4998 = PCURVE('',#4692,#4999);
#4999 = DEFINITIONAL_REPRESENTATION('',(#5000),#5003);
#5000 = B_SPLINE_CURVE_WITH_KNOTS('',1,(#5001,#5002),.UNSPECIFIED.,.F.,
  .F.,(2,2),(-14.7,-2.1),.PIECEWISE_BEZIER_KNOTS.);
#5001 = CARTESIAN_POINT('',(30.9,-16.8));
#5002 = CARTESIAN_POINT('',(30.9,-4.2));
#5003 = ( GEOMETRIC_REPRESENTATION_CONTEXT(2) 
PARAMETRIC_REPRESENTATION_CONTEXT() REPRESENTATION_CONTEXT('2D SPACE',''
  ) );
#5004 = PCURVE('',#5005,#5010);
#5005 = PLANE('',#5006);
#5006 = AXIS2_PLACEMENT_3D('',#5007,#5008,#5009);
#5007 = CARTESIAN_POINT('',(-4.7,-6.3,33.25));
#5008 = DIRECTION('',(0.,0.,1.));
#5009 = DIRECTION('',(1.,0.,0.));
#5010 = DEFINITIONAL_REPRESENTATION('',(#5011),#5014);
#5011 = B_SPLINE_CURVE_WITH_KNOTS('',1,(#5012,#5013),.UNSPECIFIED.,.F.,
  .F.,(2,2),(-14.7,-2.1),.PIECEWISE_BEZIER_KNOTS.);
#5012 = CARTESIAN_POINT('',(5.5,12.6));
#5013 = CARTESIAN_POINT('',(5.5,0.));
#5014 = ( GEOMETRIC_REPRESENTATION_CONTEXT(2) 
PARAMETRIC_REPRESENTATION_CONTEXT() REPRESENTATION_CONTEXT('2D SPACE',''
  ) );
#5015 = ORIENTED_EDGE('',*,*,#5016,.F.);
#5016 = EDGE_CURVE('',#4937,#4991,#5017,.T.);
#5017 = SURFACE_CURVE('',#5018,(#5022,#5028),.PCURVE_S1.);
#5018 = LINE('',#5019,#5020);
#5019 = CARTESIAN_POINT('',(0.8,6.3,5.55));
#5020 = VECTOR('',#5021,1.);
#5021 = DIRECTION('',(0.,0.,1.));
#5022 = PCURVE('',#4692,#5023);
#5023 = DEFINITIONAL_REPRESENTATION('',(#5024),#5027);
#5024 = B_SPLINE_CURVE_WITH_KNOTS('',1,(#5025,#5026),.UNSPECIFIED.,.F.,
  .F.,(2,2),(3.2,27.7),.PIECEWISE_BEZIER_KNOTS.);
#5025 = CARTESIAN_POINT('',(6.4,-16.8));
#5026 = CARTESIAN_POINT('',(30.9,-16.8));
#5027 = ( GEOMETRIC_REPRESENTATION_CONTEXT(2) 
PARAMETRIC_REPRESENTATION_CONTEXT() REPRESENTATION_CONTEXT('2D SPACE',''
  ) );
#5028 = PCURVE('',#5029,#5034);
#5029 = PLANE('',#5030);
#5030 = AXIS2_PLACEMENT_3D('',#5031,#5032,#5033);
#5031 = CARTESIAN_POINT('',(-4.7,6.3,8.75));
#5032 = DIRECTION('',(0.,1.,0.));
#5033 = DIRECTION('',(0.,0.,1.));
#5034 = DEFINITIONAL_REPRESENTATION('',(#5035),#5038);
#5035 = B_SPLINE_CURVE_WITH_KNOTS('',1,(#5036,#5037),.UNSPECIFIED.,.F.,
  .F.,(2,2),(3.2,27.7),.PIECEWISE_BEZIER_KNOTS.);
#5036 = CARTESIAN_POINT('',(0.,5.5));
#5037 = CARTESIAN_POINT('',(24.5,5.5));
#5038 = ( GEOMETRIC_REPRESENTATION_CONTEXT(2) 
PARAMETRIC_REPRESENTATION_CONTEXT() REPRESENTATION_CONTEXT('2D SPACE',''
  ) );
#5039 = FACE_BOUND('',#5040,.T.);
#5040 = EDGE_LOOP('',(#5041));
#5041 = ORIENTED_EDGE('',*,*,#5042,.T.);
#5042 = EDGE_CURVE('',#5043,#5043,#5045,.T.);
#5043 = VERTEX_POINT('',#5044);
#5044 = CARTESIAN_POINT('',(0.8,1.1,34.9));
#5045 = SURFACE_CURVE('',#5046,(#5051,#5062),.PCURVE_S1.);
#5046 = CIRCLE('',#5047,1.1);
#5047 = AXIS2_PLACEMENT_3D('',#5048,#5049,#5050);
#5048 = CARTESIAN_POINT('',(0.8,0.,34.9));
#5049 = DIRECTION('',(-1.,0.,0.));
#5050 = DIRECTION('',(0.,1.,0.));
#5051 = PCURVE('',#4692,#5052);
#5052 = DEFINITIONAL_REPRESENTATION('',(#5053),#5061);
#5053 = ( BOUNDED_CURVE() B_SPLINE_CURVE(2,(#5054,#5055,#5056,#5057,
#5058,#5059,#5060),.UNSPECIFIED.,.T.,.F.) B_SPLINE_CURVE_WITH_KNOTS((1,2
    ,2,2,2,1),(-2.094395102393,0.,2.094395102393,4.188790204786,
6.28318530718,8.377580409573),.UNSPECIFIED.) CURVE() 
GEOMETRIC_REPRESENTATION_ITEM() RATIONAL_B_SPLINE_CURVE((1.,0.5,1.,0.5,
1.,0.5,1.)) REPRESENTATION_ITEM('') );
#5054 = CARTESIAN_POINT('',(32.55,-11.6));
#5055 = CARTESIAN_POINT('',(30.644744111674,-11.6));
#5056 = CARTESIAN_POINT('',(31.597372055837,-9.95));
#5057 = CARTESIAN_POINT('',(32.55,-8.3));
#5058 = CARTESIAN_POINT('',(33.502627944163,-9.95));
#5059 = CARTESIAN_POINT('',(34.455255888326,-11.6));
#5060 = CARTESIAN_POINT('',(32.55,-11.6));
#5061 = ( GEOMETRIC_REPRESENTATION_CONTEXT(2) 
PARAMETRIC_REPRESENTATION_CONTEXT() REPRESENTATION_CONTEXT('2D SPACE',''
  ) );
#5062 = PCURVE('',#5063,#5068);
#5063 = CYLINDRICAL_SURFACE('',#5064,1.1);
#5064 = AXIS2_PLACEMENT_3D('',#5065,#5066,#5067);
#5065 = CARTESIAN_POINT('',(-3.,0.,34.9));
#5066 = DIRECTION('',(-1.,-0.,-0.));
#5067 = DIRECTION('',(0.,1.,0.));
#5068 = DEFINITIONAL_REPRESENTATION('',(#5069),#5073);
#5069 = LINE('',#5070,#5071);
#5070 = CARTESIAN_POINT('',(-6.28318530718,-3.8));
#5071 = VECTOR('',#5072,1.);
#5072 = DIRECTION('',(1.,-0.));
#5073 = ( GEOMETRIC_REPRESENTATION_CONTEXT(2) 
PARAMETRIC_REPRESENTATION_CONTEXT() REPRESENTATION_CONTEXT('2D SPACE',''
  ) );
#5074 = ADVANCED_FACE('',(#5075),#5063,.F.);
#5075 = FACE_BOUND('',#5076,.T.);
#5076 = EDGE_LOOP('',(#5077,#5110,#5131,#5132));
#5077 = ORIENTED_EDGE('',*,*,#5078,.T.);
#5078 = EDGE_CURVE('',#5079,#5079,#5081,.T.);
#5079 = VERTEX_POINT('',#5080);
#5080 = CARTESIAN_POINT('',(-2.2,1.1,34.9));
#5081 = SURFACE_CURVE('',#5082,(#5087,#5094),.PCURVE_S1.);
#5082 = CIRCLE('',#5083,1.1);
#5083 = AXIS2_PLACEMENT_3D('',#5084,#5085,#5086);
#5084 = CARTESIAN_POINT('',(-2.2,0.,34.9));
#5085 = DIRECTION('',(-1.,0.,0.));
#5086 = DIRECTION('',(0.,1.,0.));
#5087 = PCURVE('',#5063,#5088);
#5088 = DEFINITIONAL_REPRESENTATION('',(#5089),#5093);
#5089 = LINE('',#5090,#5091);
#5090 = CARTESIAN_POINT('',(-6.28318530718,-0.8));
#5091 = VECTOR('',#5092,1.);
#5092 = DIRECTION('',(1.,-0.));
#5093 = ( GEOMETRIC_REPRESENTATION_CONTEXT(2) 
PARAMETRIC_REPRESENTATION_CONTEXT() REPRESENTATION_CONTEXT('2D SPACE',''
  ) );
#5094 = PCURVE('',#5095,#5100);
#5095 = PLANE('',#5096);
#5096 = AXIS2_PLACEMENT_3D('',#5097,#5098,#5099);
#5097 = CARTESIAN_POINT('',(-2.2,-10.5,2.35));
#5098 = DIRECTION('',(1.,0.,0.));
#5099 = DIRECTION('',(0.,0.,1.));
#5100 = DEFINITIONAL_REPRESENTATION('',(#5101),#5109);
#5101 = ( BOUNDED_CURVE() B_SPLINE_CURVE(2,(#5102,#5103,#5104,#5105,
#5106,#5107,#5108),.UNSPECIFIED.,.T.,.F.) B_SPLINE_CURVE_WITH_KNOTS((1,2
    ,2,2,2,1),(-2.094395102393,0.,2.094395102393,4.188790204786,
6.28318530718,8.377580409573),.UNSPECIFIED.) CURVE() 
GEOMETRIC_REPRESENTATION_ITEM() RATIONAL_B_SPLINE_CURVE((1.,0.5,1.,0.5,
1.,0.5,1.)) REPRESENTATION_ITEM('') );
#5102 = CARTESIAN_POINT('',(32.55,-11.6));
#5103 = CARTESIAN_POINT('',(30.644744111674,-11.6));
#5104 = CARTESIAN_POINT('',(31.597372055837,-9.95));
#5105 = CARTESIAN_POINT('',(32.55,-8.3));
#5106 = CARTESIAN_POINT('',(33.502627944163,-9.95));
#5107 = CARTESIAN_POINT('',(34.455255888326,-11.6));
#5108 = CARTESIAN_POINT('',(32.55,-11.6));
#5109 = ( GEOMETRIC_REPRESENTATION_CONTEXT(2) 
PARAMETRIC_REPRESENTATION_CONTEXT() REPRESENTATION_CONTEXT('2D SPACE',''
  ) );
#5110 = ORIENTED_EDGE('',*,*,#5111,.T.);
#5111 = EDGE_CURVE('',#5079,#5043,#5112,.T.);
#5112 = SEAM_CURVE('',#5113,(#5117,#5124),.PCURVE_S1.);
#5113 = LINE('',#5114,#5115);
#5114 = CARTESIAN_POINT('',(-3.,1.1,34.9));
#5115 = VECTOR('',#5116,1.);
#5116 = DIRECTION('',(1.,0.,0.));
#5117 = PCURVE('',#5063,#5118);
#5118 = DEFINITIONAL_REPRESENTATION('',(#5119),#5123);
#5119 = LINE('',#5120,#5121);
#5120 = CARTESIAN_POINT('',(-6.28318530718,0.));
#5121 = VECTOR('',#5122,1.);
#5122 = DIRECTION('',(-0.,-1.));
#5123 = ( GEOMETRIC_REPRESENTATION_CONTEXT(2) 
PARAMETRIC_REPRESENTATION_CONTEXT() REPRESENTATION_CONTEXT('2D SPACE',''
  ) );
#5124 = PCURVE('',#5063,#5125);
#5125 = DEFINITIONAL_REPRESENTATION('',(#5126),#5130);
#5126 = LINE('',#5127,#5128);
#5127 = CARTESIAN_POINT('',(-0.,0.));
#5128 = VECTOR('',#5129,1.);
#5129 = DIRECTION('',(-0.,-1.));
#5130 = ( GEOMETRIC_REPRESENTATION_CONTEXT(2) 
PARAMETRIC_REPRESENTATION_CONTEXT() REPRESENTATION_CONTEXT('2D SPACE',''
  ) );
#5131 = ORIENTED_EDGE('',*,*,#5042,.F.);
#5132 = ORIENTED_EDGE('',*,*,#5111,.F.);
#5133 = ADVANCED_FACE('',(#5134,#5330,#5360,#5446),#5095,.F.);
#5134 = FACE_BOUND('',#5135,.F.);
#5135 = EDGE_LOOP('',(#5136,#5161,#5187,#5213,#5234,#5260,#5286,#5309));
#5136 = ORIENTED_EDGE('',*,*,#5137,.F.);
#5137 = EDGE_CURVE('',#5138,#5140,#5142,.T.);
#5138 = VERTEX_POINT('',#5139);
#5139 = CARTESIAN_POINT('',(-2.2,-10.5,8.));
#5140 = VERTEX_POINT('',#5141);
#5141 = CARTESIAN_POINT('',(-2.2,-10.5,39.65));
#5142 = SURFACE_CURVE('',#5143,(#5147,#5154),.PCURVE_S1.);
#5143 = LINE('',#5144,#5145);
#5144 = CARTESIAN_POINT('',(-2.2,-10.5,2.35));
#5145 = VECTOR('',#5146,1.);
#5146 = DIRECTION('',(0.,0.,1.));
#5147 = PCURVE('',#5095,#5148);
#5148 = DEFINITIONAL_REPRESENTATION('',(#5149),#5153);
#5149 = LINE('',#5150,#5151);
#5150 = CARTESIAN_POINT('',(0.,0.));
#5151 = VECTOR('',#5152,1.);
#5152 = DIRECTION('',(1.,0.));
#5153 = ( GEOMETRIC_REPRESENTATION_CONTEXT(2) 
PARAMETRIC_REPRESENTATION_CONTEXT() REPRESENTATION_CONTEXT('2D SPACE',''
  ) );
#5154 = PCURVE('',#4494,#5155);
#5155 = DEFINITIONAL_REPRESENTATION('',(#5156),#5160);
#5156 = LINE('',#5157,#5158);
#5157 = CARTESIAN_POINT('',(0.35,4.8));
#5158 = VECTOR('',#5159,1.);
#5159 = DIRECTION('',(1.,0.));
#5160 = ( GEOMETRIC_REPRESENTATION_CONTEXT(2) 
PARAMETRIC_REPRESENTATION_CONTEXT() REPRESENTATION_CONTEXT('2D SPACE',''
  ) );
#5161 = ORIENTED_EDGE('',*,*,#5162,.F.);
#5162 = EDGE_CURVE('',#5163,#5138,#5165,.T.);
#5163 = VERTEX_POINT('',#5164);
#5164 = CARTESIAN_POINT('',(-2.2,-7.5,8.));
#5165 = SURFACE_CURVE('',#5166,(#5170,#5176),.PCURVE_S1.);
#5166 = LINE('',#5167,#5168);
#5167 = CARTESIAN_POINT('',(-2.2,-10.5,8.));
#5168 = VECTOR('',#5169,1.);
#5169 = DIRECTION('',(0.,-1.,0.));
#5170 = PCURVE('',#5095,#5171);
#5171 = DEFINITIONAL_REPRESENTATION('',(#5172),#5175);
#5172 = B_SPLINE_CURVE_WITH_KNOTS('',1,(#5173,#5174),.UNSPECIFIED.,.F.,
  .F.,(2,2),(-3.,0.),.PIECEWISE_BEZIER_KNOTS.);
#5173 = CARTESIAN_POINT('',(5.65,-3.));
#5174 = CARTESIAN_POINT('',(5.65,0.));
#5175 = ( GEOMETRIC_REPRESENTATION_CONTEXT(2) 
PARAMETRIC_REPRESENTATION_CONTEXT() REPRESENTATION_CONTEXT('2D SPACE',''
  ) );
#5176 = PCURVE('',#5177,#5182);
#5177 = PLANE('',#5178);
#5178 = AXIS2_PLACEMENT_3D('',#5179,#5180,#5181);
#5179 = CARTESIAN_POINT('',(-7.,-10.5,8.));
#5180 = DIRECTION('',(0.,0.,1.));
#5181 = DIRECTION('',(1.,0.,0.));
#5182 = DEFINITIONAL_REPRESENTATION('',(#5183),#5186);
#5183 = B_SPLINE_CURVE_WITH_KNOTS('',1,(#5184,#5185),.UNSPECIFIED.,.F.,
  .F.,(2,2),(-3.,0.),.PIECEWISE_BEZIER_KNOTS.);
#5184 = CARTESIAN_POINT('',(4.8,3.));
#5185 = CARTESIAN_POINT('',(4.8,0.));
#5186 = ( GEOMETRIC_REPRESENTATION_CONTEXT(2) 
PARAMETRIC_REPRESENTATION_CONTEXT() REPRESENTATION_CONTEXT('2D SPACE',''
  ) );
#5187 = ORIENTED_EDGE('',*,*,#5188,.F.);
#5188 = EDGE_CURVE('',#5189,#5163,#5191,.T.);
#5189 = VERTEX_POINT('',#5190);
#5190 = CARTESIAN_POINT('',(-2.2,-7.5,3.));
#5191 = SURFACE_CURVE('',#5192,(#5196,#5202),.PCURVE_S1.);
#5192 = LINE('',#5193,#5194);
#5193 = CARTESIAN_POINT('',(-2.2,-7.5,2.175));
#5194 = VECTOR('',#5195,1.);
#5195 = DIRECTION('',(0.,0.,1.));
#5196 = PCURVE('',#5095,#5197);
#5197 = DEFINITIONAL_REPRESENTATION('',(#5198),#5201);
#5198 = B_SPLINE_CURVE_WITH_KNOTS('',1,(#5199,#5200),.UNSPECIFIED.,.F.,
  .F.,(2,2),(0.825,5.825),.PIECEWISE_BEZIER_KNOTS.);
#5199 = CARTESIAN_POINT('',(0.65,-3.));
#5200 = CARTESIAN_POINT('',(5.65,-3.));
#5201 = ( GEOMETRIC_REPRESENTATION_CONTEXT(2) 
PARAMETRIC_REPRESENTATION_CONTEXT() REPRESENTATION_CONTEXT('2D SPACE',''
  ) );
#5202 = PCURVE('',#5203,#5208);
#5203 = PLANE('',#5204);
#5204 = AXIS2_PLACEMENT_3D('',#5205,#5206,#5207);
#5205 = CARTESIAN_POINT('',(-7.,-7.5,2.));
#5206 = DIRECTION('',(0.,1.,0.));
#5207 = DIRECTION('',(0.,0.,1.));
#5208 = DEFINITIONAL_REPRESENTATION('',(#5209),#5212);
#5209 = B_SPLINE_CURVE_WITH_KNOTS('',1,(#5210,#5211),.UNSPECIFIED.,.F.,
  .F.,(2,2),(0.825,5.825),.PIECEWISE_BEZIER_KNOTS.);
#5210 = CARTESIAN_POINT('',(1.,4.8));
#5211 = CARTESIAN_POINT('',(6.,4.8));
#5212 = ( GEOMETRIC_REPRESENTATION_CONTEXT(2) 
PARAMETRIC_REPRESENTATION_CONTEXT() REPRESENTATION_CONTEXT('2D SPACE',''
  ) );
#5213 = ORIENTED_EDGE('',*,*,#5214,.T.);
#5214 = EDGE_CURVE('',#5189,#5215,#5217,.T.);
#5215 = VERTEX_POINT('',#5216);
#5216 = CARTESIAN_POINT('',(-2.2,7.5,3.));
#5217 = SURFACE_CURVE('',#5218,(#5222,#5228),.PCURVE_S1.);
#5218 = LINE('',#5219,#5220);
#5219 = CARTESIAN_POINT('',(-2.2,-21.25,3.));
#5220 = VECTOR('',#5221,1.);
#5221 = DIRECTION('',(0.,1.,0.));
#5222 = PCURVE('',#5095,#5223);
#5223 = DEFINITIONAL_REPRESENTATION('',(#5224),#5227);
#5224 = B_SPLINE_CURVE_WITH_KNOTS('',1,(#5225,#5226),.UNSPECIFIED.,.F.,
  .F.,(2,2),(10.75,31.75),.PIECEWISE_BEZIER_KNOTS.);
#5225 = CARTESIAN_POINT('',(0.65,0.));
#5226 = CARTESIAN_POINT('',(0.65,-21.));
#5227 = ( GEOMETRIC_REPRESENTATION_CONTEXT(2) 
PARAMETRIC_REPRESENTATION_CONTEXT() REPRESENTATION_CONTEXT('2D SPACE',''
  ) );
#5228 = PCURVE('',#102,#5229);
#5229 = DEFINITIONAL_REPRESENTATION('',(#5230),#5233);
#5230 = B_SPLINE_CURVE_WITH_KNOTS('',1,(#5231,#5232),.UNSPECIFIED.,.F.,
  .F.,(2,2),(10.75,31.75),.PIECEWISE_BEZIER_KNOTS.);
#5231 = CARTESIAN_POINT('',(32.8,21.5));
#5232 = CARTESIAN_POINT('',(32.8,42.5));
#5233 = ( GEOMETRIC_REPRESENTATION_CONTEXT(2) 
PARAMETRIC_REPRESENTATION_CONTEXT() REPRESENTATION_CONTEXT('2D SPACE',''
  ) );
#5234 = ORIENTED_EDGE('',*,*,#5235,.T.);
#5235 = EDGE_CURVE('',#5215,#5236,#5238,.T.);
#5236 = VERTEX_POINT('',#5237);
#5237 = CARTESIAN_POINT('',(-2.2,7.5,8.));
#5238 = SURFACE_CURVE('',#5239,(#5243,#5249),.PCURVE_S1.);
#5239 = LINE('',#5240,#5241);
#5240 = CARTESIAN_POINT('',(-2.2,7.5,2.175));
#5241 = VECTOR('',#5242,1.);
#5242 = DIRECTION('',(0.,0.,1.));
#5243 = PCURVE('',#5095,#5244);
#5244 = DEFINITIONAL_REPRESENTATION('',(#5245),#5248);
#5245 = B_SPLINE_CURVE_WITH_KNOTS('',1,(#5246,#5247),.UNSPECIFIED.,.F.,
  .F.,(2,2),(0.825,5.825),.PIECEWISE_BEZIER_KNOTS.);
#5246 = CARTESIAN_POINT('',(0.65,-18.));
#5247 = CARTESIAN_POINT('',(5.65,-18.));
#5248 = ( GEOMETRIC_REPRESENTATION_CONTEXT(2) 
PARAMETRIC_REPRESENTATION_CONTEXT() REPRESENTATION_CONTEXT('2D SPACE',''
  ) );
#5249 = PCURVE('',#5250,#5255);
#5250 = PLANE('',#5251);
#5251 = AXIS2_PLACEMENT_3D('',#5252,#5253,#5254);
#5252 = CARTESIAN_POINT('',(-7.,7.5,2.));
#5253 = DIRECTION('',(0.,1.,0.));
#5254 = DIRECTION('',(0.,0.,1.));
#5255 = DEFINITIONAL_REPRESENTATION('',(#5256),#5259);
#5256 = B_SPLINE_CURVE_WITH_KNOTS('',1,(#5257,#5258),.UNSPECIFIED.,.F.,
  .F.,(2,2),(0.825,5.825),.PIECEWISE_BEZIER_KNOTS.);
#5257 = CARTESIAN_POINT('',(1.,4.8));
#5258 = CARTESIAN_POINT('',(6.,4.8));
#5259 = ( GEOMETRIC_REPRESENTATION_CONTEXT(2) 
PARAMETRIC_REPRESENTATION_CONTEXT() REPRESENTATION_CONTEXT('2D SPACE',''
  ) );
#5260 = ORIENTED_EDGE('',*,*,#5261,.F.);
#5261 = EDGE_CURVE('',#5262,#5236,#5264,.T.);
#5262 = VERTEX_POINT('',#5263);
#5263 = CARTESIAN_POINT('',(-2.2,10.5,8.));
#5264 = SURFACE_CURVE('',#5265,(#5269,#5275),.PCURVE_S1.);
#5265 = LINE('',#5266,#5267);
#5266 = CARTESIAN_POINT('',(-2.2,-1.5,8.));
#5267 = VECTOR('',#5268,1.);
#5268 = DIRECTION('',(0.,-1.,0.));
#5269 = PCURVE('',#5095,#5270);
#5270 = DEFINITIONAL_REPRESENTATION('',(#5271),#5274);
#5271 = B_SPLINE_CURVE_WITH_KNOTS('',1,(#5272,#5273),.UNSPECIFIED.,.F.,
  .F.,(2,2),(-12.,-9.),.PIECEWISE_BEZIER_KNOTS.);
#5272 = CARTESIAN_POINT('',(5.65,-21.));
#5273 = CARTESIAN_POINT('',(5.65,-18.));
#5274 = ( GEOMETRIC_REPRESENTATION_CONTEXT(2) 
PARAMETRIC_REPRESENTATION_CONTEXT() REPRESENTATION_CONTEXT('2D SPACE',''
  ) );
#5275 = PCURVE('',#5276,#5281);
#5276 = PLANE('',#5277);
#5277 = AXIS2_PLACEMENT_3D('',#5278,#5279,#5280);
#5278 = CARTESIAN_POINT('',(-7.,7.5,8.));
#5279 = DIRECTION('',(0.,0.,1.));
#5280 = DIRECTION('',(1.,0.,0.));
#5281 = DEFINITIONAL_REPRESENTATION('',(#5282),#5285);
#5282 = B_SPLINE_CURVE_WITH_KNOTS('',1,(#5283,#5284),.UNSPECIFIED.,.F.,
  .F.,(2,2),(-12.,-9.),.PIECEWISE_BEZIER_KNOTS.);
#5283 = CARTESIAN_POINT('',(4.8,3.));
#5284 = CARTESIAN_POINT('',(4.8,0.));
#5285 = ( GEOMETRIC_REPRESENTATION_CONTEXT(2) 
PARAMETRIC_REPRESENTATION_CONTEXT() REPRESENTATION_CONTEXT('2D SPACE',''
  ) );
#5286 = ORIENTED_EDGE('',*,*,#5287,.T.);
#5287 = EDGE_CURVE('',#5262,#5288,#5290,.T.);
#5288 = VERTEX_POINT('',#5289);
#5289 = CARTESIAN_POINT('',(-2.2,10.5,39.65));
#5290 = SURFACE_CURVE('',#5291,(#5295,#5302),.PCURVE_S1.);
#5291 = LINE('',#5292,#5293);
#5292 = CARTESIAN_POINT('',(-2.2,10.5,2.35));
#5293 = VECTOR('',#5294,1.);
#5294 = DIRECTION('',(0.,0.,1.));
#5295 = PCURVE('',#5095,#5296);
#5296 = DEFINITIONAL_REPRESENTATION('',(#5297),#5301);
#5297 = LINE('',#5298,#5299);
#5298 = CARTESIAN_POINT('',(0.,-21.));
#5299 = VECTOR('',#5300,1.);
#5300 = DIRECTION('',(1.,0.));
#5301 = ( GEOMETRIC_REPRESENTATION_CONTEXT(2) 
PARAMETRIC_REPRESENTATION_CONTEXT() REPRESENTATION_CONTEXT('2D SPACE',''
  ) );
#5302 = PCURVE('',#4861,#5303);
#5303 = DEFINITIONAL_REPRESENTATION('',(#5304),#5308);
#5304 = LINE('',#5305,#5306);
#5305 = CARTESIAN_POINT('',(0.35,4.8));
#5306 = VECTOR('',#5307,1.);
#5307 = DIRECTION('',(1.,0.));
#5308 = ( GEOMETRIC_REPRESENTATION_CONTEXT(2) 
PARAMETRIC_REPRESENTATION_CONTEXT() REPRESENTATION_CONTEXT('2D SPACE',''
  ) );
#5309 = ORIENTED_EDGE('',*,*,#5310,.F.);
#5310 = EDGE_CURVE('',#5140,#5288,#5311,.T.);
#5311 = SURFACE_CURVE('',#5312,(#5316,#5323),.PCURVE_S1.);
#5312 = LINE('',#5313,#5314);
#5313 = CARTESIAN_POINT('',(-2.2,-10.5,39.65));
#5314 = VECTOR('',#5315,1.);
#5315 = DIRECTION('',(0.,1.,0.));
#5316 = PCURVE('',#5095,#5317);
#5317 = DEFINITIONAL_REPRESENTATION('',(#5318),#5322);
#5318 = LINE('',#5319,#5320);
#5319 = CARTESIAN_POINT('',(37.3,0.));
#5320 = VECTOR('',#5321,1.);
#5321 = DIRECTION('',(0.,-1.));
#5322 = ( GEOMETRIC_REPRESENTATION_CONTEXT(2) 
PARAMETRIC_REPRESENTATION_CONTEXT() REPRESENTATION_CONTEXT('2D SPACE',''
  ) );
#5323 = PCURVE('',#4887,#5324);
#5324 = DEFINITIONAL_REPRESENTATION('',(#5325),#5329);
#5325 = LINE('',#5326,#5327);
#5326 = CARTESIAN_POINT('',(0.,0.));
#5327 = VECTOR('',#5328,1.);
#5328 = DIRECTION('',(0.,1.));
#5329 = ( GEOMETRIC_REPRESENTATION_CONTEXT(2) 
PARAMETRIC_REPRESENTATION_CONTEXT() REPRESENTATION_CONTEXT('2D SPACE',''
  ) );
#5330 = FACE_BOUND('',#5331,.F.);
#5331 = EDGE_LOOP('',(#5332));
#5332 = ORIENTED_EDGE('',*,*,#5333,.T.);
#5333 = EDGE_CURVE('',#5334,#5334,#5336,.T.);
#5334 = VERTEX_POINT('',#5335);
#5335 = CARTESIAN_POINT('',(-2.2,1.1,7.1));
#5336 = SURFACE_CURVE('',#5337,(#5342,#5353),.PCURVE_S1.);
#5337 = CIRCLE('',#5338,1.1);
#5338 = AXIS2_PLACEMENT_3D('',#5339,#5340,#5341);
#5339 = CARTESIAN_POINT('',(-2.2,0.,7.1));
#5340 = DIRECTION('',(-1.,0.,0.));
#5341 = DIRECTION('',(0.,1.,0.));
#5342 = PCURVE('',#5095,#5343);
#5343 = DEFINITIONAL_REPRESENTATION('',(#5344),#5352);
#5344 = ( BOUNDED_CURVE() B_SPLINE_CURVE(2,(#5345,#5346,#5347,#5348,
#5349,#5350,#5351),.UNSPECIFIED.,.T.,.F.) B_SPLINE_CURVE_WITH_KNOTS((1,2
    ,2,2,2,1),(-2.094395102393,0.,2.094395102393,4.188790204786,
6.28318530718,8.377580409573),.UNSPECIFIED.) CURVE() 
GEOMETRIC_REPRESENTATION_ITEM() RATIONAL_B_SPLINE_CURVE((1.,0.5,1.,0.5,
1.,0.5,1.)) REPRESENTATION_ITEM('') );
#5345 = CARTESIAN_POINT('',(4.75,-11.6));
#5346 = CARTESIAN_POINT('',(2.844744111674,-11.6));
#5347 = CARTESIAN_POINT('',(3.797372055837,-9.95));
#5348 = CARTESIAN_POINT('',(4.75,-8.3));
#5349 = CARTESIAN_POINT('',(5.702627944163,-9.95));
#5350 = CARTESIAN_POINT('',(6.655255888326,-11.6));
#5351 = CARTESIAN_POINT('',(4.75,-11.6));
#5352 = ( GEOMETRIC_REPRESENTATION_CONTEXT(2) 
PARAMETRIC_REPRESENTATION_CONTEXT() REPRESENTATION_CONTEXT('2D SPACE',''
  ) );
#5353 = PCURVE('',#4922,#5354);
#5354 = DEFINITIONAL_REPRESENTATION('',(#5355),#5359);
#5355 = LINE('',#5356,#5357);
#5356 = CARTESIAN_POINT('',(-6.28318530718,-0.8));
#5357 = VECTOR('',#5358,1.);
#5358 = DIRECTION('',(1.,-0.));
#5359 = ( GEOMETRIC_REPRESENTATION_CONTEXT(2) 
PARAMETRIC_REPRESENTATION_CONTEXT() REPRESENTATION_CONTEXT('2D SPACE',''
  ) );
#5360 = FACE_BOUND('',#5361,.F.);
#5361 = EDGE_LOOP('',(#5362,#5385,#5406,#5427));
#5362 = ORIENTED_EDGE('',*,*,#5363,.T.);
#5363 = EDGE_CURVE('',#5364,#5366,#5368,.T.);
#5364 = VERTEX_POINT('',#5365);
#5365 = CARTESIAN_POINT('',(-2.2,6.3,8.75));
#5366 = VERTEX_POINT('',#5367);
#5367 = CARTESIAN_POINT('',(-2.2,-6.3,8.75));
#5368 = SURFACE_CURVE('',#5369,(#5373,#5379),.PCURVE_S1.);
#5369 = LINE('',#5370,#5371);
#5370 = CARTESIAN_POINT('',(-2.2,-8.4,8.75));
#5371 = VECTOR('',#5372,1.);
#5372 = DIRECTION('',(0.,-1.,0.));
#5373 = PCURVE('',#5095,#5374);
#5374 = DEFINITIONAL_REPRESENTATION('',(#5375),#5378);
#5375 = B_SPLINE_CURVE_WITH_KNOTS('',1,(#5376,#5377),.UNSPECIFIED.,.F.,
  .F.,(2,2),(-14.7,-2.1),.PIECEWISE_BEZIER_KNOTS.);
#5376 = CARTESIAN_POINT('',(6.4,-16.8));
#5377 = CARTESIAN_POINT('',(6.4,-4.2));
#5378 = ( GEOMETRIC_REPRESENTATION_CONTEXT(2) 
PARAMETRIC_REPRESENTATION_CONTEXT() REPRESENTATION_CONTEXT('2D SPACE',''
  ) );
#5379 = PCURVE('',#4953,#5380);
#5380 = DEFINITIONAL_REPRESENTATION('',(#5381),#5384);
#5381 = B_SPLINE_CURVE_WITH_KNOTS('',1,(#5382,#5383),.UNSPECIFIED.,.F.,
  .F.,(2,2),(-14.7,-2.1),.PIECEWISE_BEZIER_KNOTS.);
#5382 = CARTESIAN_POINT('',(2.5,12.6));
#5383 = CARTESIAN_POINT('',(2.5,0.));
#5384 = ( GEOMETRIC_REPRESENTATION_CONTEXT(2) 
PARAMETRIC_REPRESENTATION_CONTEXT() REPRESENTATION_CONTEXT('2D SPACE',''
  ) );
#5385 = ORIENTED_EDGE('',*,*,#5386,.T.);
#5386 = EDGE_CURVE('',#5366,#5387,#5389,.T.);
#5387 = VERTEX_POINT('',#5388);
#5388 = CARTESIAN_POINT('',(-2.2,-6.3,33.25));
#5389 = SURFACE_CURVE('',#5390,(#5394,#5400),.PCURVE_S1.);
#5390 = LINE('',#5391,#5392);
#5391 = CARTESIAN_POINT('',(-2.2,-6.3,5.55));
#5392 = VECTOR('',#5393,1.);
#5393 = DIRECTION('',(0.,0.,1.));
#5394 = PCURVE('',#5095,#5395);
#5395 = DEFINITIONAL_REPRESENTATION('',(#5396),#5399);
#5396 = B_SPLINE_CURVE_WITH_KNOTS('',1,(#5397,#5398),.UNSPECIFIED.,.F.,
  .F.,(2,2),(3.2,27.7),.PIECEWISE_BEZIER_KNOTS.);
#5397 = CARTESIAN_POINT('',(6.4,-4.2));
#5398 = CARTESIAN_POINT('',(30.9,-4.2));
#5399 = ( GEOMETRIC_REPRESENTATION_CONTEXT(2) 
PARAMETRIC_REPRESENTATION_CONTEXT() REPRESENTATION_CONTEXT('2D SPACE',''
  ) );
#5400 = PCURVE('',#4979,#5401);
#5401 = DEFINITIONAL_REPRESENTATION('',(#5402),#5405);
#5402 = B_SPLINE_CURVE_WITH_KNOTS('',1,(#5403,#5404),.UNSPECIFIED.,.F.,
  .F.,(2,2),(3.2,27.7),.PIECEWISE_BEZIER_KNOTS.);
#5403 = CARTESIAN_POINT('',(0.,2.5));
#5404 = CARTESIAN_POINT('',(24.5,2.5));
#5405 = ( GEOMETRIC_REPRESENTATION_CONTEXT(2) 
PARAMETRIC_REPRESENTATION_CONTEXT() REPRESENTATION_CONTEXT('2D SPACE',''
  ) );
#5406 = ORIENTED_EDGE('',*,*,#5407,.F.);
#5407 = EDGE_CURVE('',#5408,#5387,#5410,.T.);
#5408 = VERTEX_POINT('',#5409);
#5409 = CARTESIAN_POINT('',(-2.2,6.3,33.25));
#5410 = SURFACE_CURVE('',#5411,(#5415,#5421),.PCURVE_S1.);
#5411 = LINE('',#5412,#5413);
#5412 = CARTESIAN_POINT('',(-2.2,-8.4,33.25));
#5413 = VECTOR('',#5414,1.);
#5414 = DIRECTION('',(0.,-1.,0.));
#5415 = PCURVE('',#5095,#5416);
#5416 = DEFINITIONAL_REPRESENTATION('',(#5417),#5420);
#5417 = B_SPLINE_CURVE_WITH_KNOTS('',1,(#5418,#5419),.UNSPECIFIED.,.F.,
  .F.,(2,2),(-14.7,-2.1),.PIECEWISE_BEZIER_KNOTS.);
#5418 = CARTESIAN_POINT('',(30.9,-16.8));
#5419 = CARTESIAN_POINT('',(30.9,-4.2));
#5420 = ( GEOMETRIC_REPRESENTATION_CONTEXT(2) 
PARAMETRIC_REPRESENTATION_CONTEXT() REPRESENTATION_CONTEXT('2D SPACE',''
  ) );
#5421 = PCURVE('',#5005,#5422);
#5422 = DEFINITIONAL_REPRESENTATION('',(#5423),#5426);
#5423 = B_SPLINE_CURVE_WITH_KNOTS('',1,(#5424,#5425),.UNSPECIFIED.,.F.,
  .F.,(2,2),(-14.7,-2.1),.PIECEWISE_BEZIER_KNOTS.);
#5424 = CARTESIAN_POINT('',(2.5,12.6));
#5425 = CARTESIAN_POINT('',(2.5,0.));
#5426 = ( GEOMETRIC_REPRESENTATION_CONTEXT(2) 
PARAMETRIC_REPRESENTATION_CONTEXT() REPRESENTATION_CONTEXT('2D SPACE',''
  ) );
#5427 = ORIENTED_EDGE('',*,*,#5428,.F.);
#5428 = EDGE_CURVE('',#5364,#5408,#5429,.T.);
#5429 = SURFACE_CURVE('',#5430,(#5434,#5440),.PCURVE_S1.);
#5430 = LINE('',#5431,#5432);
#5431 = CARTESIAN_POINT('',(-2.2,6.3,5.55));
#5432 = VECTOR('',#5433,1.);
#5433 = DIRECTION('',(0.,0.,1.));
#5434 = PCURVE('',#5095,#5435);
#5435 = DEFINITIONAL_REPRESENTATION('',(#5436),#5439);
#5436 = B_SPLINE_CURVE_WITH_KNOTS('',1,(#5437,#5438),.UNSPECIFIED.,.F.,
  .F.,(2,2),(3.2,27.7),.PIECEWISE_BEZIER_KNOTS.);
#5437 = CARTESIAN_POINT('',(6.4,-16.8));
#5438 = CARTESIAN_POINT('',(30.9,-16.8));
#5439 = ( GEOMETRIC_REPRESENTATION_CONTEXT(2) 
PARAMETRIC_REPRESENTATION_CONTEXT() REPRESENTATION_CONTEXT('2D SPACE',''
  ) );
#5440 = PCURVE('',#5029,#5441);
#5441 = DEFINITIONAL_REPRESENTATION('',(#5442),#5445);
#5442 = B_SPLINE_CURVE_WITH_KNOTS('',1,(#5443,#5444),.UNSPECIFIED.,.F.,
  .F.,(2,2),(3.2,27.7),.PIECEWISE_BEZIER_KNOTS.);
#5443 = CARTESIAN_POINT('',(0.,2.5));
#5444 = CARTESIAN_POINT('',(24.5,2.5));
#5445 = ( GEOMETRIC_REPRESENTATION_CONTEXT(2) 
PARAMETRIC_REPRESENTATION_CONTEXT() REPRESENTATION_CONTEXT('2D SPACE',''
  ) );
#5446 = FACE_BOUND('',#5447,.F.);
#5447 = EDGE_LOOP('',(#5448));
#5448 = ORIENTED_EDGE('',*,*,#5078,.T.);
#5449 = ADVANCED_FACE('',(#5450),#5177,.T.);
#5450 = FACE_BOUND('',#5451,.T.);
#5451 = EDGE_LOOP('',(#5452,#5475,#5498,#5519));
#5452 = ORIENTED_EDGE('',*,*,#5453,.F.);
#5453 = EDGE_CURVE('',#5454,#5163,#5456,.T.);
#5454 = VERTEX_POINT('',#5455);
#5455 = CARTESIAN_POINT('',(-7.,-7.5,8.));
#5456 = SURFACE_CURVE('',#5457,(#5461,#5468),.PCURVE_S1.);
#5457 = LINE('',#5458,#5459);
#5458 = CARTESIAN_POINT('',(-7.,-7.5,8.));
#5459 = VECTOR('',#5460,1.);
#5460 = DIRECTION('',(1.,0.,0.));
#5461 = PCURVE('',#5177,#5462);
#5462 = DEFINITIONAL_REPRESENTATION('',(#5463),#5467);
#5463 = LINE('',#5464,#5465);
#5464 = CARTESIAN_POINT('',(0.,3.));
#5465 = VECTOR('',#5466,1.);
#5466 = DIRECTION('',(1.,0.));
#5467 = ( GEOMETRIC_REPRESENTATION_CONTEXT(2) 
PARAMETRIC_REPRESENTATION_CONTEXT() REPRESENTATION_CONTEXT('2D SPACE',''
  ) );
#5468 = PCURVE('',#5203,#5469);
#5469 = DEFINITIONAL_REPRESENTATION('',(#5470),#5474);
#5470 = LINE('',#5471,#5472);
#5471 = CARTESIAN_POINT('',(6.,0.));
#5472 = VECTOR('',#5473,1.);
#5473 = DIRECTION('',(0.,1.));
#5474 = ( GEOMETRIC_REPRESENTATION_CONTEXT(2) 
PARAMETRIC_REPRESENTATION_CONTEXT() REPRESENTATION_CONTEXT('2D SPACE',''
  ) );
#5475 = ORIENTED_EDGE('',*,*,#5476,.F.);
#5476 = EDGE_CURVE('',#5477,#5454,#5479,.T.);
#5477 = VERTEX_POINT('',#5478);
#5478 = CARTESIAN_POINT('',(-7.,-10.5,8.));
#5479 = SURFACE_CURVE('',#5480,(#5484,#5491),.PCURVE_S1.);
#5480 = LINE('',#5481,#5482);
#5481 = CARTESIAN_POINT('',(-7.,-10.5,8.));
#5482 = VECTOR('',#5483,1.);
#5483 = DIRECTION('',(0.,1.,0.));
#5484 = PCURVE('',#5177,#5485);
#5485 = DEFINITIONAL_REPRESENTATION('',(#5486),#5490);
#5486 = LINE('',#5487,#5488);
#5487 = CARTESIAN_POINT('',(0.,0.));
#5488 = VECTOR('',#5489,1.);
#5489 = DIRECTION('',(0.,1.));
#5490 = ( GEOMETRIC_REPRESENTATION_CONTEXT(2) 
PARAMETRIC_REPRESENTATION_CONTEXT() REPRESENTATION_CONTEXT('2D SPACE',''
  ) );
#5491 = PCURVE('',#4518,#5492);
#5492 = DEFINITIONAL_REPRESENTATION('',(#5493),#5497);
#5493 = LINE('',#5494,#5495);
#5494 = CARTESIAN_POINT('',(6.,0.));
#5495 = VECTOR('',#5496,1.);
#5496 = DIRECTION('',(0.,-1.));
#5497 = ( GEOMETRIC_REPRESENTATION_CONTEXT(2) 
PARAMETRIC_REPRESENTATION_CONTEXT() REPRESENTATION_CONTEXT('2D SPACE',''
  ) );
#5498 = ORIENTED_EDGE('',*,*,#5499,.T.);
#5499 = EDGE_CURVE('',#5477,#5138,#5500,.T.);
#5500 = SURFACE_CURVE('',#5501,(#5505,#5512),.PCURVE_S1.);
#5501 = LINE('',#5502,#5503);
#5502 = CARTESIAN_POINT('',(-7.,-10.5,8.));
#5503 = VECTOR('',#5504,1.);
#5504 = DIRECTION('',(1.,0.,0.));
#5505 = PCURVE('',#5177,#5506);
#5506 = DEFINITIONAL_REPRESENTATION('',(#5507),#5511);
#5507 = LINE('',#5508,#5509);
#5508 = CARTESIAN_POINT('',(0.,0.));
#5509 = VECTOR('',#5510,1.);
#5510 = DIRECTION('',(1.,0.));
#5511 = ( GEOMETRIC_REPRESENTATION_CONTEXT(2) 
PARAMETRIC_REPRESENTATION_CONTEXT() REPRESENTATION_CONTEXT('2D SPACE',''
  ) );
#5512 = PCURVE('',#4494,#5513);
#5513 = DEFINITIONAL_REPRESENTATION('',(#5514),#5518);
#5514 = LINE('',#5515,#5516);
#5515 = CARTESIAN_POINT('',(6.,0.));
#5516 = VECTOR('',#5517,1.);
#5517 = DIRECTION('',(0.,1.));
#5518 = ( GEOMETRIC_REPRESENTATION_CONTEXT(2) 
PARAMETRIC_REPRESENTATION_CONTEXT() REPRESENTATION_CONTEXT('2D SPACE',''
  ) );
#5519 = ORIENTED_EDGE('',*,*,#5162,.F.);
#5520 = ADVANCED_FACE('',(#5521),#5203,.T.);
#5521 = FACE_BOUND('',#5522,.T.);
#5522 = EDGE_LOOP('',(#5523,#5544,#5565,#5566));
#5523 = ORIENTED_EDGE('',*,*,#5524,.T.);
#5524 = EDGE_CURVE('',#5189,#5525,#5527,.T.);
#5525 = VERTEX_POINT('',#5526);
#5526 = CARTESIAN_POINT('',(-7.,-7.5,3.));
#5527 = SURFACE_CURVE('',#5528,(#5532,#5538),.PCURVE_S1.);
#5528 = LINE('',#5529,#5530);
#5529 = CARTESIAN_POINT('',(-21.,-7.5,3.));
#5530 = VECTOR('',#5531,1.);
#5531 = DIRECTION('',(-1.,0.,0.));
#5532 = PCURVE('',#5203,#5533);
#5533 = DEFINITIONAL_REPRESENTATION('',(#5534),#5537);
#5534 = B_SPLINE_CURVE_WITH_KNOTS('',1,(#5535,#5536),.UNSPECIFIED.,.F.,
  .F.,(2,2),(-22.,-14.),.PIECEWISE_BEZIER_KNOTS.);
#5535 = CARTESIAN_POINT('',(1.,8.));
#5536 = CARTESIAN_POINT('',(1.,0.));
#5537 = ( GEOMETRIC_REPRESENTATION_CONTEXT(2) 
PARAMETRIC_REPRESENTATION_CONTEXT() REPRESENTATION_CONTEXT('2D SPACE',''
  ) );
#5538 = PCURVE('',#102,#5539);
#5539 = DEFINITIONAL_REPRESENTATION('',(#5540),#5543);
#5540 = B_SPLINE_CURVE_WITH_KNOTS('',1,(#5541,#5542),.UNSPECIFIED.,.F.,
  .F.,(2,2),(-22.,-14.),.PIECEWISE_BEZIER_KNOTS.);
#5541 = CARTESIAN_POINT('',(36.,24.5));
#5542 = CARTESIAN_POINT('',(28.,24.5));
#5543 = ( GEOMETRIC_REPRESENTATION_CONTEXT(2) 
PARAMETRIC_REPRESENTATION_CONTEXT() REPRESENTATION_CONTEXT('2D SPACE',''
  ) );
#5544 = ORIENTED_EDGE('',*,*,#5545,.T.);
#5545 = EDGE_CURVE('',#5525,#5454,#5546,.T.);
#5546 = SURFACE_CURVE('',#5547,(#5551,#5558),.PCURVE_S1.);
#5547 = LINE('',#5548,#5549);
#5548 = CARTESIAN_POINT('',(-7.,-7.5,2.));
#5549 = VECTOR('',#5550,1.);
#5550 = DIRECTION('',(0.,0.,1.));
#5551 = PCURVE('',#5203,#5552);
#5552 = DEFINITIONAL_REPRESENTATION('',(#5553),#5557);
#5553 = LINE('',#5554,#5555);
#5554 = CARTESIAN_POINT('',(0.,0.));
#5555 = VECTOR('',#5556,1.);
#5556 = DIRECTION('',(1.,0.));
#5557 = ( GEOMETRIC_REPRESENTATION_CONTEXT(2) 
PARAMETRIC_REPRESENTATION_CONTEXT() REPRESENTATION_CONTEXT('2D SPACE',''
  ) );
#5558 = PCURVE('',#4518,#5559);
#5559 = DEFINITIONAL_REPRESENTATION('',(#5560),#5564);
#5560 = LINE('',#5561,#5562);
#5561 = CARTESIAN_POINT('',(0.,-3.));
#5562 = VECTOR('',#5563,1.);
#5563 = DIRECTION('',(1.,0.));
#5564 = ( GEOMETRIC_REPRESENTATION_CONTEXT(2) 
PARAMETRIC_REPRESENTATION_CONTEXT() REPRESENTATION_CONTEXT('2D SPACE',''
  ) );
#5565 = ORIENTED_EDGE('',*,*,#5453,.T.);
#5566 = ORIENTED_EDGE('',*,*,#5188,.F.);
#5567 = ADVANCED_FACE('',(#5568),#5250,.F.);
#5568 = FACE_BOUND('',#5569,.F.);
#5569 = EDGE_LOOP('',(#5570,#5591,#5619,#5640));
#5570 = ORIENTED_EDGE('',*,*,#5571,.T.);
#5571 = EDGE_CURVE('',#5215,#5572,#5574,.T.);
#5572 = VERTEX_POINT('',#5573);
#5573 = CARTESIAN_POINT('',(-7.,7.5,3.));
#5574 = SURFACE_CURVE('',#5575,(#5579,#5585),.PCURVE_S1.);
#5575 = LINE('',#5576,#5577);
#5576 = CARTESIAN_POINT('',(-21.,7.5,3.));
#5577 = VECTOR('',#5578,1.);
#5578 = DIRECTION('',(-1.,0.,0.));
#5579 = PCURVE('',#5250,#5580);
#5580 = DEFINITIONAL_REPRESENTATION('',(#5581),#5584);
#5581 = B_SPLINE_CURVE_WITH_KNOTS('',1,(#5582,#5583),.UNSPECIFIED.,.F.,
  .F.,(2,2),(-22.,-14.),.PIECEWISE_BEZIER_KNOTS.);
#5582 = CARTESIAN_POINT('',(1.,8.));
#5583 = CARTESIAN_POINT('',(1.,0.));
#5584 = ( GEOMETRIC_REPRESENTATION_CONTEXT(2) 
PARAMETRIC_REPRESENTATION_CONTEXT() REPRESENTATION_CONTEXT('2D SPACE',''
  ) );
#5585 = PCURVE('',#102,#5586);
#5586 = DEFINITIONAL_REPRESENTATION('',(#5587),#5590);
#5587 = B_SPLINE_CURVE_WITH_KNOTS('',1,(#5588,#5589),.UNSPECIFIED.,.F.,
  .F.,(2,2),(-22.,-14.),.PIECEWISE_BEZIER_KNOTS.);
#5588 = CARTESIAN_POINT('',(36.,39.5));
#5589 = CARTESIAN_POINT('',(28.,39.5));
#5590 = ( GEOMETRIC_REPRESENTATION_CONTEXT(2) 
PARAMETRIC_REPRESENTATION_CONTEXT() REPRESENTATION_CONTEXT('2D SPACE',''
  ) );
#5591 = ORIENTED_EDGE('',*,*,#5592,.T.);
#5592 = EDGE_CURVE('',#5572,#5593,#5595,.T.);
#5593 = VERTEX_POINT('',#5594);
#5594 = CARTESIAN_POINT('',(-7.,7.5,8.));
#5595 = SURFACE_CURVE('',#5596,(#5600,#5607),.PCURVE_S1.);
#5596 = LINE('',#5597,#5598);
#5597 = CARTESIAN_POINT('',(-7.,7.5,2.));
#5598 = VECTOR('',#5599,1.);
#5599 = DIRECTION('',(0.,0.,1.));
#5600 = PCURVE('',#5250,#5601);
#5601 = DEFINITIONAL_REPRESENTATION('',(#5602),#5606);
#5602 = LINE('',#5603,#5604);
#5603 = CARTESIAN_POINT('',(0.,0.));
#5604 = VECTOR('',#5605,1.);
#5605 = DIRECTION('',(1.,0.));
#5606 = ( GEOMETRIC_REPRESENTATION_CONTEXT(2) 
PARAMETRIC_REPRESENTATION_CONTEXT() REPRESENTATION_CONTEXT('2D SPACE',''
  ) );
#5607 = PCURVE('',#5608,#5613);
#5608 = PLANE('',#5609);
#5609 = AXIS2_PLACEMENT_3D('',#5610,#5611,#5612);
#5610 = CARTESIAN_POINT('',(-7.,7.5,2.));
#5611 = DIRECTION('',(1.,0.,0.));
#5612 = DIRECTION('',(0.,0.,1.));
#5613 = DEFINITIONAL_REPRESENTATION('',(#5614),#5618);
#5614 = LINE('',#5615,#5616);
#5615 = CARTESIAN_POINT('',(0.,0.));
#5616 = VECTOR('',#5617,1.);
#5617 = DIRECTION('',(1.,0.));
#5618 = ( GEOMETRIC_REPRESENTATION_CONTEXT(2) 
PARAMETRIC_REPRESENTATION_CONTEXT() REPRESENTATION_CONTEXT('2D SPACE',''
  ) );
#5619 = ORIENTED_EDGE('',*,*,#5620,.T.);
#5620 = EDGE_CURVE('',#5593,#5236,#5621,.T.);
#5621 = SURFACE_CURVE('',#5622,(#5626,#5633),.PCURVE_S1.);
#5622 = LINE('',#5623,#5624);
#5623 = CARTESIAN_POINT('',(-7.,7.5,8.));
#5624 = VECTOR('',#5625,1.);
#5625 = DIRECTION('',(1.,0.,0.));
#5626 = PCURVE('',#5250,#5627);
#5627 = DEFINITIONAL_REPRESENTATION('',(#5628),#5632);
#5628 = LINE('',#5629,#5630);
#5629 = CARTESIAN_POINT('',(6.,0.));
#5630 = VECTOR('',#5631,1.);
#5631 = DIRECTION('',(0.,1.));
#5632 = ( GEOMETRIC_REPRESENTATION_CONTEXT(2) 
PARAMETRIC_REPRESENTATION_CONTEXT() REPRESENTATION_CONTEXT('2D SPACE',''
  ) );
#5633 = PCURVE('',#5276,#5634);
#5634 = DEFINITIONAL_REPRESENTATION('',(#5635),#5639);
#5635 = LINE('',#5636,#5637);
#5636 = CARTESIAN_POINT('',(0.,0.));
#5637 = VECTOR('',#5638,1.);
#5638 = DIRECTION('',(1.,0.));
#5639 = ( GEOMETRIC_REPRESENTATION_CONTEXT(2) 
PARAMETRIC_REPRESENTATION_CONTEXT() REPRESENTATION_CONTEXT('2D SPACE',''
  ) );
#5640 = ORIENTED_EDGE('',*,*,#5235,.F.);
#5641 = ADVANCED_FACE('',(#5642),#5608,.F.);
#5642 = FACE_BOUND('',#5643,.F.);
#5643 = EDGE_LOOP('',(#5644,#5645,#5666,#5689));
#5644 = ORIENTED_EDGE('',*,*,#5592,.F.);
#5645 = ORIENTED_EDGE('',*,*,#5646,.T.);
#5646 = EDGE_CURVE('',#5572,#5647,#5649,.T.);
#5647 = VERTEX_POINT('',#5648);
#5648 = CARTESIAN_POINT('',(-7.,10.5,3.));
#5649 = SURFACE_CURVE('',#5650,(#5654,#5660),.PCURVE_S1.);
#5650 = LINE('',#5651,#5652);
#5651 = CARTESIAN_POINT('',(-7.,-12.25,3.));
#5652 = VECTOR('',#5653,1.);
#5653 = DIRECTION('',(0.,1.,0.));
#5654 = PCURVE('',#5608,#5655);
#5655 = DEFINITIONAL_REPRESENTATION('',(#5656),#5659);
#5656 = B_SPLINE_CURVE_WITH_KNOTS('',1,(#5657,#5658),.UNSPECIFIED.,.F.,
  .F.,(2,2),(19.75,22.75),.PIECEWISE_BEZIER_KNOTS.);
#5657 = CARTESIAN_POINT('',(1.,0.));
#5658 = CARTESIAN_POINT('',(1.,-3.));
#5659 = ( GEOMETRIC_REPRESENTATION_CONTEXT(2) 
PARAMETRIC_REPRESENTATION_CONTEXT() REPRESENTATION_CONTEXT('2D SPACE',''
  ) );
#5660 = PCURVE('',#102,#5661);
#5661 = DEFINITIONAL_REPRESENTATION('',(#5662),#5665);
#5662 = B_SPLINE_CURVE_WITH_KNOTS('',1,(#5663,#5664),.UNSPECIFIED.,.F.,
  .F.,(2,2),(19.75,22.75),.PIECEWISE_BEZIER_KNOTS.);
#5663 = CARTESIAN_POINT('',(28.,39.5));
#5664 = CARTESIAN_POINT('',(28.,42.5));
#5665 = ( GEOMETRIC_REPRESENTATION_CONTEXT(2) 
PARAMETRIC_REPRESENTATION_CONTEXT() REPRESENTATION_CONTEXT('2D SPACE',''
  ) );
#5666 = ORIENTED_EDGE('',*,*,#5667,.T.);
#5667 = EDGE_CURVE('',#5647,#5668,#5670,.T.);
#5668 = VERTEX_POINT('',#5669);
#5669 = CARTESIAN_POINT('',(-7.,10.5,8.));
#5670 = SURFACE_CURVE('',#5671,(#5675,#5682),.PCURVE_S1.);
#5671 = LINE('',#5672,#5673);
#5672 = CARTESIAN_POINT('',(-7.,10.5,2.));
#5673 = VECTOR('',#5674,1.);
#5674 = DIRECTION('',(0.,0.,1.));
#5675 = PCURVE('',#5608,#5676);
#5676 = DEFINITIONAL_REPRESENTATION('',(#5677),#5681);
#5677 = LINE('',#5678,#5679);
#5678 = CARTESIAN_POINT('',(0.,-3.));
#5679 = VECTOR('',#5680,1.);
#5680 = DIRECTION('',(1.,0.));
#5681 = ( GEOMETRIC_REPRESENTATION_CONTEXT(2) 
PARAMETRIC_REPRESENTATION_CONTEXT() REPRESENTATION_CONTEXT('2D SPACE',''
  ) );
#5682 = PCURVE('',#4861,#5683);
#5683 = DEFINITIONAL_REPRESENTATION('',(#5684),#5688);
#5684 = LINE('',#5685,#5686);
#5685 = CARTESIAN_POINT('',(0.,0.));
#5686 = VECTOR('',#5687,1.);
#5687 = DIRECTION('',(1.,0.));
#5688 = ( GEOMETRIC_REPRESENTATION_CONTEXT(2) 
PARAMETRIC_REPRESENTATION_CONTEXT() REPRESENTATION_CONTEXT('2D SPACE',''
  ) );
#5689 = ORIENTED_EDGE('',*,*,#5690,.F.);
#5690 = EDGE_CURVE('',#5593,#5668,#5691,.T.);
#5691 = SURFACE_CURVE('',#5692,(#5696,#5703),.PCURVE_S1.);
#5692 = LINE('',#5693,#5694);
#5693 = CARTESIAN_POINT('',(-7.,7.5,8.));
#5694 = VECTOR('',#5695,1.);
#5695 = DIRECTION('',(0.,1.,0.));
#5696 = PCURVE('',#5608,#5697);
#5697 = DEFINITIONAL_REPRESENTATION('',(#5698),#5702);
#5698 = LINE('',#5699,#5700);
#5699 = CARTESIAN_POINT('',(6.,0.));
#5700 = VECTOR('',#5701,1.);
#5701 = DIRECTION('',(0.,-1.));
#5702 = ( GEOMETRIC_REPRESENTATION_CONTEXT(2) 
PARAMETRIC_REPRESENTATION_CONTEXT() REPRESENTATION_CONTEXT('2D SPACE',''
  ) );
#5703 = PCURVE('',#5276,#5704);
#5704 = DEFINITIONAL_REPRESENTATION('',(#5705),#5709);
#5705 = LINE('',#5706,#5707);
#5706 = CARTESIAN_POINT('',(0.,0.));
#5707 = VECTOR('',#5708,1.);
#5708 = DIRECTION('',(0.,1.));
#5709 = ( GEOMETRIC_REPRESENTATION_CONTEXT(2) 
PARAMETRIC_REPRESENTATION_CONTEXT() REPRESENTATION_CONTEXT('2D SPACE',''
  ) );
#5710 = ADVANCED_FACE('',(#5711),#5276,.T.);
#5711 = FACE_BOUND('',#5712,.T.);
#5712 = EDGE_LOOP('',(#5713,#5734,#5735,#5736));
#5713 = ORIENTED_EDGE('',*,*,#5714,.F.);
#5714 = EDGE_CURVE('',#5668,#5262,#5715,.T.);
#5715 = SURFACE_CURVE('',#5716,(#5720,#5727),.PCURVE_S1.);
#5716 = LINE('',#5717,#5718);
#5717 = CARTESIAN_POINT('',(-7.,10.5,8.));
#5718 = VECTOR('',#5719,1.);
#5719 = DIRECTION('',(1.,0.,0.));
#5720 = PCURVE('',#5276,#5721);
#5721 = DEFINITIONAL_REPRESENTATION('',(#5722),#5726);
#5722 = LINE('',#5723,#5724);
#5723 = CARTESIAN_POINT('',(0.,3.));
#5724 = VECTOR('',#5725,1.);
#5725 = DIRECTION('',(1.,0.));
#5726 = ( GEOMETRIC_REPRESENTATION_CONTEXT(2) 
PARAMETRIC_REPRESENTATION_CONTEXT() REPRESENTATION_CONTEXT('2D SPACE',''
  ) );
#5727 = PCURVE('',#4861,#5728);
#5728 = DEFINITIONAL_REPRESENTATION('',(#5729),#5733);
#5729 = LINE('',#5730,#5731);
#5730 = CARTESIAN_POINT('',(6.,0.));
#5731 = VECTOR('',#5732,1.);
#5732 = DIRECTION('',(0.,1.));
#5733 = ( GEOMETRIC_REPRESENTATION_CONTEXT(2) 
PARAMETRIC_REPRESENTATION_CONTEXT() REPRESENTATION_CONTEXT('2D SPACE',''
  ) );
#5734 = ORIENTED_EDGE('',*,*,#5690,.F.);
#5735 = ORIENTED_EDGE('',*,*,#5620,.T.);
#5736 = ORIENTED_EDGE('',*,*,#5261,.F.);
#5737 = ADVANCED_FACE('',(#5738),#5005,.F.);
#5738 = FACE_BOUND('',#5739,.F.);
#5739 = EDGE_LOOP('',(#5740,#5761,#5762,#5783));
#5740 = ORIENTED_EDGE('',*,*,#5741,.F.);
#5741 = EDGE_CURVE('',#5408,#4991,#5742,.T.);
#5742 = SURFACE_CURVE('',#5743,(#5747,#5754),.PCURVE_S1.);
#5743 = LINE('',#5744,#5745);
#5744 = CARTESIAN_POINT('',(-4.7,6.3,33.25));
#5745 = VECTOR('',#5746,1.);
#5746 = DIRECTION('',(1.,0.,0.));
#5747 = PCURVE('',#5005,#5748);
#5748 = DEFINITIONAL_REPRESENTATION('',(#5749),#5753);
#5749 = LINE('',#5750,#5751);
#5750 = CARTESIAN_POINT('',(0.,12.6));
#5751 = VECTOR('',#5752,1.);
#5752 = DIRECTION('',(1.,0.));
#5753 = ( GEOMETRIC_REPRESENTATION_CONTEXT(2) 
PARAMETRIC_REPRESENTATION_CONTEXT() REPRESENTATION_CONTEXT('2D SPACE',''
  ) );
#5754 = PCURVE('',#5029,#5755);
#5755 = DEFINITIONAL_REPRESENTATION('',(#5756),#5760);
#5756 = LINE('',#5757,#5758);
#5757 = CARTESIAN_POINT('',(24.5,0.));
#5758 = VECTOR('',#5759,1.);
#5759 = DIRECTION('',(0.,1.));
#5760 = ( GEOMETRIC_REPRESENTATION_CONTEXT(2) 
PARAMETRIC_REPRESENTATION_CONTEXT() REPRESENTATION_CONTEXT('2D SPACE',''
  ) );
#5761 = ORIENTED_EDGE('',*,*,#5407,.T.);
#5762 = ORIENTED_EDGE('',*,*,#5763,.T.);
#5763 = EDGE_CURVE('',#5387,#4965,#5764,.T.);
#5764 = SURFACE_CURVE('',#5765,(#5769,#5776),.PCURVE_S1.);
#5765 = LINE('',#5766,#5767);
#5766 = CARTESIAN_POINT('',(-4.7,-6.3,33.25));
#5767 = VECTOR('',#5768,1.);
#5768 = DIRECTION('',(1.,0.,0.));
#5769 = PCURVE('',#5005,#5770);
#5770 = DEFINITIONAL_REPRESENTATION('',(#5771),#5775);
#5771 = LINE('',#5772,#5773);
#5772 = CARTESIAN_POINT('',(0.,0.));
#5773 = VECTOR('',#5774,1.);
#5774 = DIRECTION('',(1.,0.));
#5775 = ( GEOMETRIC_REPRESENTATION_CONTEXT(2) 
PARAMETRIC_REPRESENTATION_CONTEXT() REPRESENTATION_CONTEXT('2D SPACE',''
  ) );
#5776 = PCURVE('',#4979,#5777);
#5777 = DEFINITIONAL_REPRESENTATION('',(#5778),#5782);
#5778 = LINE('',#5779,#5780);
#5779 = CARTESIAN_POINT('',(24.5,0.));
#5780 = VECTOR('',#5781,1.);
#5781 = DIRECTION('',(0.,1.));
#5782 = ( GEOMETRIC_REPRESENTATION_CONTEXT(2) 
PARAMETRIC_REPRESENTATION_CONTEXT() REPRESENTATION_CONTEXT('2D SPACE',''
  ) );
#5783 = ORIENTED_EDGE('',*,*,#4990,.F.);
#5784 = ADVANCED_FACE('',(#5785),#4979,.T.);
#5785 = FACE_BOUND('',#5786,.T.);
#5786 = EDGE_LOOP('',(#5787,#5808,#5809,#5810));
#5787 = ORIENTED_EDGE('',*,*,#5788,.F.);
#5788 = EDGE_CURVE('',#5366,#4939,#5789,.T.);
#5789 = SURFACE_CURVE('',#5790,(#5794,#5801),.PCURVE_S1.);
#5790 = LINE('',#5791,#5792);
#5791 = CARTESIAN_POINT('',(-4.7,-6.3,8.75));
#5792 = VECTOR('',#5793,1.);
#5793 = DIRECTION('',(1.,0.,0.));
#5794 = PCURVE('',#4979,#5795);
#5795 = DEFINITIONAL_REPRESENTATION('',(#5796),#5800);
#5796 = LINE('',#5797,#5798);
#5797 = CARTESIAN_POINT('',(0.,0.));
#5798 = VECTOR('',#5799,1.);
#5799 = DIRECTION('',(0.,1.));
#5800 = ( GEOMETRIC_REPRESENTATION_CONTEXT(2) 
PARAMETRIC_REPRESENTATION_CONTEXT() REPRESENTATION_CONTEXT('2D SPACE',''
  ) );
#5801 = PCURVE('',#4953,#5802);
#5802 = DEFINITIONAL_REPRESENTATION('',(#5803),#5807);
#5803 = LINE('',#5804,#5805);
#5804 = CARTESIAN_POINT('',(0.,0.));
#5805 = VECTOR('',#5806,1.);
#5806 = DIRECTION('',(1.,0.));
#5807 = ( GEOMETRIC_REPRESENTATION_CONTEXT(2) 
PARAMETRIC_REPRESENTATION_CONTEXT() REPRESENTATION_CONTEXT('2D SPACE',''
  ) );
#5808 = ORIENTED_EDGE('',*,*,#5386,.T.);
#5809 = ORIENTED_EDGE('',*,*,#5763,.T.);
#5810 = ORIENTED_EDGE('',*,*,#4964,.F.);
#5811 = ADVANCED_FACE('',(#5812),#5029,.F.);
#5812 = FACE_BOUND('',#5813,.F.);
#5813 = EDGE_LOOP('',(#5814,#5835,#5836,#5837));
#5814 = ORIENTED_EDGE('',*,*,#5815,.F.);
#5815 = EDGE_CURVE('',#5364,#4937,#5816,.T.);
#5816 = SURFACE_CURVE('',#5817,(#5821,#5828),.PCURVE_S1.);
#5817 = LINE('',#5818,#5819);
#5818 = CARTESIAN_POINT('',(-4.7,6.3,8.75));
#5819 = VECTOR('',#5820,1.);
#5820 = DIRECTION('',(1.,0.,0.));
#5821 = PCURVE('',#5029,#5822);
#5822 = DEFINITIONAL_REPRESENTATION('',(#5823),#5827);
#5823 = LINE('',#5824,#5825);
#5824 = CARTESIAN_POINT('',(0.,0.));
#5825 = VECTOR('',#5826,1.);
#5826 = DIRECTION('',(0.,1.));
#5827 = ( GEOMETRIC_REPRESENTATION_CONTEXT(2) 
PARAMETRIC_REPRESENTATION_CONTEXT() REPRESENTATION_CONTEXT('2D SPACE',''
  ) );
#5828 = PCURVE('',#4953,#5829);
#5829 = DEFINITIONAL_REPRESENTATION('',(#5830),#5834);
#5830 = LINE('',#5831,#5832);
#5831 = CARTESIAN_POINT('',(0.,12.6));
#5832 = VECTOR('',#5833,1.);
#5833 = DIRECTION('',(1.,0.));
#5834 = ( GEOMETRIC_REPRESENTATION_CONTEXT(2) 
PARAMETRIC_REPRESENTATION_CONTEXT() REPRESENTATION_CONTEXT('2D SPACE',''
  ) );
#5835 = ORIENTED_EDGE('',*,*,#5428,.T.);
#5836 = ORIENTED_EDGE('',*,*,#5741,.T.);
#5837 = ORIENTED_EDGE('',*,*,#5016,.F.);
#5838 = ADVANCED_FACE('',(#5839),#4953,.T.);
#5839 = FACE_BOUND('',#5840,.T.);
#5840 = EDGE_LOOP('',(#5841,#5842,#5843,#5844));
#5841 = ORIENTED_EDGE('',*,*,#5815,.F.);
#5842 = ORIENTED_EDGE('',*,*,#5363,.T.);
#5843 = ORIENTED_EDGE('',*,*,#5788,.T.);
#5844 = ORIENTED_EDGE('',*,*,#4936,.F.);
#5845 = ADVANCED_FACE('',(#5846),#4922,.F.);
#5846 = FACE_BOUND('',#5847,.T.);
#5847 = EDGE_LOOP('',(#5848,#5849,#5870,#5871));
#5848 = ORIENTED_EDGE('',*,*,#5333,.T.);
#5849 = ORIENTED_EDGE('',*,*,#5850,.T.);
#5850 = EDGE_CURVE('',#5334,#4902,#5851,.T.);
#5851 = SEAM_CURVE('',#5852,(#5856,#5863),.PCURVE_S1.);
#5852 = LINE('',#5853,#5854);
#5853 = CARTESIAN_POINT('',(-3.,1.1,7.1));
#5854 = VECTOR('',#5855,1.);
#5855 = DIRECTION('',(1.,0.,0.));
#5856 = PCURVE('',#4922,#5857);
#5857 = DEFINITIONAL_REPRESENTATION('',(#5858),#5862);
#5858 = LINE('',#5859,#5860);
#5859 = CARTESIAN_POINT('',(-6.28318530718,0.));
#5860 = VECTOR('',#5861,1.);
#5861 = DIRECTION('',(-0.,-1.));
#5862 = ( GEOMETRIC_REPRESENTATION_CONTEXT(2) 
PARAMETRIC_REPRESENTATION_CONTEXT() REPRESENTATION_CONTEXT('2D SPACE',''
  ) );
#5863 = PCURVE('',#4922,#5864);
#5864 = DEFINITIONAL_REPRESENTATION('',(#5865),#5869);
#5865 = LINE('',#5866,#5867);
#5866 = CARTESIAN_POINT('',(-0.,0.));
#5867 = VECTOR('',#5868,1.);
#5868 = DIRECTION('',(-0.,-1.));
#5869 = ( GEOMETRIC_REPRESENTATION_CONTEXT(2) 
PARAMETRIC_REPRESENTATION_CONTEXT() REPRESENTATION_CONTEXT('2D SPACE',''
  ) );
#5870 = ORIENTED_EDGE('',*,*,#4901,.F.);
#5871 = ORIENTED_EDGE('',*,*,#5850,.F.);
#5872 = ADVANCED_FACE('',(#5873),#4808,.F.);
#5873 = FACE_BOUND('',#5874,.F.);
#5874 = EDGE_LOOP('',(#5875,#5905,#5924,#5925));
#5875 = ORIENTED_EDGE('',*,*,#5876,.F.);
#5876 = EDGE_CURVE('',#5877,#5879,#5881,.T.);
#5877 = VERTEX_POINT('',#5878);
#5878 = CARTESIAN_POINT('',(1.,7.5,3.));
#5879 = VERTEX_POINT('',#5880);
#5880 = CARTESIAN_POINT('',(1.,7.5,8.));
#5881 = SURFACE_CURVE('',#5882,(#5886,#5893),.PCURVE_S1.);
#5882 = LINE('',#5883,#5884);
#5883 = CARTESIAN_POINT('',(1.,7.5,2.));
#5884 = VECTOR('',#5885,1.);
#5885 = DIRECTION('',(0.,0.,1.));
#5886 = PCURVE('',#4808,#5887);
#5887 = DEFINITIONAL_REPRESENTATION('',(#5888),#5892);
#5888 = LINE('',#5889,#5890);
#5889 = CARTESIAN_POINT('',(0.,8.));
#5890 = VECTOR('',#5891,1.);
#5891 = DIRECTION('',(1.,0.));
#5892 = ( GEOMETRIC_REPRESENTATION_CONTEXT(2) 
PARAMETRIC_REPRESENTATION_CONTEXT() REPRESENTATION_CONTEXT('2D SPACE',''
  ) );
#5893 = PCURVE('',#5894,#5899);
#5894 = PLANE('',#5895);
#5895 = AXIS2_PLACEMENT_3D('',#5896,#5897,#5898);
#5896 = CARTESIAN_POINT('',(1.,7.5,2.));
#5897 = DIRECTION('',(1.,0.,0.));
#5898 = DIRECTION('',(0.,0.,1.));
#5899 = DEFINITIONAL_REPRESENTATION('',(#5900),#5904);
#5900 = LINE('',#5901,#5902);
#5901 = CARTESIAN_POINT('',(0.,0.));
#5902 = VECTOR('',#5903,1.);
#5903 = DIRECTION('',(1.,0.));
#5904 = ( GEOMETRIC_REPRESENTATION_CONTEXT(2) 
PARAMETRIC_REPRESENTATION_CONTEXT() REPRESENTATION_CONTEXT('2D SPACE',''
  ) );
#5905 = ORIENTED_EDGE('',*,*,#5906,.T.);
#5906 = EDGE_CURVE('',#5877,#4773,#5907,.T.);
#5907 = SURFACE_CURVE('',#5908,(#5912,#5918),.PCURVE_S1.);
#5908 = LINE('',#5909,#5910);
#5909 = CARTESIAN_POINT('',(-21.,7.5,3.));
#5910 = VECTOR('',#5911,1.);
#5911 = DIRECTION('',(-1.,0.,0.));
#5912 = PCURVE('',#4808,#5913);
#5913 = DEFINITIONAL_REPRESENTATION('',(#5914),#5917);
#5914 = B_SPLINE_CURVE_WITH_KNOTS('',1,(#5915,#5916),.UNSPECIFIED.,.F.,
  .F.,(2,2),(-22.,-14.),.PIECEWISE_BEZIER_KNOTS.);
#5915 = CARTESIAN_POINT('',(1.,8.));
#5916 = CARTESIAN_POINT('',(1.,0.));
#5917 = ( GEOMETRIC_REPRESENTATION_CONTEXT(2) 
PARAMETRIC_REPRESENTATION_CONTEXT() REPRESENTATION_CONTEXT('2D SPACE',''
  ) );
#5918 = PCURVE('',#102,#5919);
#5919 = DEFINITIONAL_REPRESENTATION('',(#5920),#5923);
#5920 = B_SPLINE_CURVE_WITH_KNOTS('',1,(#5921,#5922),.UNSPECIFIED.,.F.,
  .F.,(2,2),(-22.,-14.),.PIECEWISE_BEZIER_KNOTS.);
#5921 = CARTESIAN_POINT('',(36.,39.5));
#5922 = CARTESIAN_POINT('',(28.,39.5));
#5923 = ( GEOMETRIC_REPRESENTATION_CONTEXT(2) 
PARAMETRIC_REPRESENTATION_CONTEXT() REPRESENTATION_CONTEXT('2D SPACE',''
  ) );
#5924 = ORIENTED_EDGE('',*,*,#4793,.T.);
#5925 = ORIENTED_EDGE('',*,*,#5926,.T.);
#5926 = EDGE_CURVE('',#4794,#5879,#5927,.T.);
#5927 = SURFACE_CURVE('',#5928,(#5932,#5939),.PCURVE_S1.);
#5928 = LINE('',#5929,#5930);
#5929 = CARTESIAN_POINT('',(-7.,7.5,8.));
#5930 = VECTOR('',#5931,1.);
#5931 = DIRECTION('',(1.,0.,0.));
#5932 = PCURVE('',#4808,#5933);
#5933 = DEFINITIONAL_REPRESENTATION('',(#5934),#5938);
#5934 = LINE('',#5935,#5936);
#5935 = CARTESIAN_POINT('',(6.,0.));
#5936 = VECTOR('',#5937,1.);
#5937 = DIRECTION('',(0.,1.));
#5938 = ( GEOMETRIC_REPRESENTATION_CONTEXT(2) 
PARAMETRIC_REPRESENTATION_CONTEXT() REPRESENTATION_CONTEXT('2D SPACE',''
  ) );
#5939 = PCURVE('',#4834,#5940);
#5940 = DEFINITIONAL_REPRESENTATION('',(#5941),#5945);
#5941 = LINE('',#5942,#5943);
#5942 = CARTESIAN_POINT('',(0.,0.));
#5943 = VECTOR('',#5944,1.);
#5944 = DIRECTION('',(1.,0.));
#5945 = ( GEOMETRIC_REPRESENTATION_CONTEXT(2) 
PARAMETRIC_REPRESENTATION_CONTEXT() REPRESENTATION_CONTEXT('2D SPACE',''
  ) );
#5946 = ADVANCED_FACE('',(#5947),#5894,.T.);
#5947 = FACE_BOUND('',#5948,.T.);
#5948 = EDGE_LOOP('',(#5949,#5950,#5971,#5994));
#5949 = ORIENTED_EDGE('',*,*,#5876,.F.);
#5950 = ORIENTED_EDGE('',*,*,#5951,.T.);
#5951 = EDGE_CURVE('',#5877,#5952,#5954,.T.);
#5952 = VERTEX_POINT('',#5953);
#5953 = CARTESIAN_POINT('',(1.,10.5,3.));
#5954 = SURFACE_CURVE('',#5955,(#5959,#5965),.PCURVE_S1.);
#5955 = LINE('',#5956,#5957);
#5956 = CARTESIAN_POINT('',(1.,-12.25,3.));
#5957 = VECTOR('',#5958,1.);
#5958 = DIRECTION('',(0.,1.,0.));
#5959 = PCURVE('',#5894,#5960);
#5960 = DEFINITIONAL_REPRESENTATION('',(#5961),#5964);
#5961 = B_SPLINE_CURVE_WITH_KNOTS('',1,(#5962,#5963),.UNSPECIFIED.,.F.,
  .F.,(2,2),(19.75,22.75),.PIECEWISE_BEZIER_KNOTS.);
#5962 = CARTESIAN_POINT('',(1.,0.));
#5963 = CARTESIAN_POINT('',(1.,-3.));
#5964 = ( GEOMETRIC_REPRESENTATION_CONTEXT(2) 
PARAMETRIC_REPRESENTATION_CONTEXT() REPRESENTATION_CONTEXT('2D SPACE',''
  ) );
#5965 = PCURVE('',#102,#5966);
#5966 = DEFINITIONAL_REPRESENTATION('',(#5967),#5970);
#5967 = B_SPLINE_CURVE_WITH_KNOTS('',1,(#5968,#5969),.UNSPECIFIED.,.F.,
  .F.,(2,2),(19.75,22.75),.PIECEWISE_BEZIER_KNOTS.);
#5968 = CARTESIAN_POINT('',(36.,39.5));
#5969 = CARTESIAN_POINT('',(36.,42.5));
#5970 = ( GEOMETRIC_REPRESENTATION_CONTEXT(2) 
PARAMETRIC_REPRESENTATION_CONTEXT() REPRESENTATION_CONTEXT('2D SPACE',''
  ) );
#5971 = ORIENTED_EDGE('',*,*,#5972,.T.);
#5972 = EDGE_CURVE('',#5952,#5973,#5975,.T.);
#5973 = VERTEX_POINT('',#5974);
#5974 = CARTESIAN_POINT('',(1.,10.5,8.));
#5975 = SURFACE_CURVE('',#5976,(#5980,#5987),.PCURVE_S1.);
#5976 = LINE('',#5977,#5978);
#5977 = CARTESIAN_POINT('',(1.,10.5,2.));
#5978 = VECTOR('',#5979,1.);
#5979 = DIRECTION('',(0.,0.,1.));
#5980 = PCURVE('',#5894,#5981);
#5981 = DEFINITIONAL_REPRESENTATION('',(#5982),#5986);
#5982 = LINE('',#5983,#5984);
#5983 = CARTESIAN_POINT('',(0.,-3.));
#5984 = VECTOR('',#5985,1.);
#5985 = DIRECTION('',(1.,0.));
#5986 = ( GEOMETRIC_REPRESENTATION_CONTEXT(2) 
PARAMETRIC_REPRESENTATION_CONTEXT() REPRESENTATION_CONTEXT('2D SPACE',''
  ) );
#5987 = PCURVE('',#4861,#5988);
#5988 = DEFINITIONAL_REPRESENTATION('',(#5989),#5993);
#5989 = LINE('',#5990,#5991);
#5990 = CARTESIAN_POINT('',(0.,8.));
#5991 = VECTOR('',#5992,1.);
#5992 = DIRECTION('',(1.,0.));
#5993 = ( GEOMETRIC_REPRESENTATION_CONTEXT(2) 
PARAMETRIC_REPRESENTATION_CONTEXT() REPRESENTATION_CONTEXT('2D SPACE',''
  ) );
#5994 = ORIENTED_EDGE('',*,*,#5995,.F.);
#5995 = EDGE_CURVE('',#5879,#5973,#5996,.T.);
#5996 = SURFACE_CURVE('',#5997,(#6001,#6008),.PCURVE_S1.);
#5997 = LINE('',#5998,#5999);
#5998 = CARTESIAN_POINT('',(1.,7.5,8.));
#5999 = VECTOR('',#6000,1.);
#6000 = DIRECTION('',(0.,1.,0.));
#6001 = PCURVE('',#5894,#6002);
#6002 = DEFINITIONAL_REPRESENTATION('',(#6003),#6007);
#6003 = LINE('',#6004,#6005);
#6004 = CARTESIAN_POINT('',(6.,0.));
#6005 = VECTOR('',#6006,1.);
#6006 = DIRECTION('',(0.,-1.));
#6007 = ( GEOMETRIC_REPRESENTATION_CONTEXT(2) 
PARAMETRIC_REPRESENTATION_CONTEXT() REPRESENTATION_CONTEXT('2D SPACE',''
  ) );
#6008 = PCURVE('',#4834,#6009);
#6009 = DEFINITIONAL_REPRESENTATION('',(#6010),#6014);
#6010 = LINE('',#6011,#6012);
#6011 = CARTESIAN_POINT('',(8.,0.));
#6012 = VECTOR('',#6013,1.);
#6013 = DIRECTION('',(0.,1.));
#6014 = ( GEOMETRIC_REPRESENTATION_CONTEXT(2) 
PARAMETRIC_REPRESENTATION_CONTEXT() REPRESENTATION_CONTEXT('2D SPACE',''
  ) );
#6015 = ADVANCED_FACE('',(#6016),#4834,.T.);
#6016 = FACE_BOUND('',#6017,.T.);
#6017 = EDGE_LOOP('',(#6018,#6039,#6040,#6041));
#6018 = ORIENTED_EDGE('',*,*,#6019,.F.);
#6019 = EDGE_CURVE('',#4820,#5973,#6020,.T.);
#6020 = SURFACE_CURVE('',#6021,(#6025,#6032),.PCURVE_S1.);
#6021 = LINE('',#6022,#6023);
#6022 = CARTESIAN_POINT('',(-7.,10.5,8.));
#6023 = VECTOR('',#6024,1.);
#6024 = DIRECTION('',(1.,0.,0.));
#6025 = PCURVE('',#4834,#6026);
#6026 = DEFINITIONAL_REPRESENTATION('',(#6027),#6031);
#6027 = LINE('',#6028,#6029);
#6028 = CARTESIAN_POINT('',(0.,3.));
#6029 = VECTOR('',#6030,1.);
#6030 = DIRECTION('',(1.,0.));
#6031 = ( GEOMETRIC_REPRESENTATION_CONTEXT(2) 
PARAMETRIC_REPRESENTATION_CONTEXT() REPRESENTATION_CONTEXT('2D SPACE',''
  ) );
#6032 = PCURVE('',#4861,#6033);
#6033 = DEFINITIONAL_REPRESENTATION('',(#6034),#6038);
#6034 = LINE('',#6035,#6036);
#6035 = CARTESIAN_POINT('',(6.,0.));
#6036 = VECTOR('',#6037,1.);
#6037 = DIRECTION('',(0.,1.));
#6038 = ( GEOMETRIC_REPRESENTATION_CONTEXT(2) 
PARAMETRIC_REPRESENTATION_CONTEXT() REPRESENTATION_CONTEXT('2D SPACE',''
  ) );
#6039 = ORIENTED_EDGE('',*,*,#4819,.T.);
#6040 = ORIENTED_EDGE('',*,*,#5926,.T.);
#6041 = ORIENTED_EDGE('',*,*,#5995,.T.);
#6042 = ADVANCED_FACE('',(#6043),#4861,.T.);
#6043 = FACE_BOUND('',#6044,.T.);
#6044 = EDGE_LOOP('',(#6045,#6046,#6067,#6068,#6069,#6070,#6091,#6092));
#6045 = ORIENTED_EDGE('',*,*,#5972,.F.);
#6046 = ORIENTED_EDGE('',*,*,#6047,.F.);
#6047 = EDGE_CURVE('',#5647,#5952,#6048,.T.);
#6048 = SURFACE_CURVE('',#6049,(#6053,#6060),.PCURVE_S1.);
#6049 = LINE('',#6050,#6051);
#6050 = CARTESIAN_POINT('',(-7.,10.5,3.));
#6051 = VECTOR('',#6052,1.);
#6052 = DIRECTION('',(1.,0.,0.));
#6053 = PCURVE('',#4861,#6054);
#6054 = DEFINITIONAL_REPRESENTATION('',(#6055),#6059);
#6055 = LINE('',#6056,#6057);
#6056 = CARTESIAN_POINT('',(1.,0.));
#6057 = VECTOR('',#6058,1.);
#6058 = DIRECTION('',(0.,1.));
#6059 = ( GEOMETRIC_REPRESENTATION_CONTEXT(2) 
PARAMETRIC_REPRESENTATION_CONTEXT() REPRESENTATION_CONTEXT('2D SPACE',''
  ) );
#6060 = PCURVE('',#102,#6061);
#6061 = DEFINITIONAL_REPRESENTATION('',(#6062),#6066);
#6062 = LINE('',#6063,#6064);
#6063 = CARTESIAN_POINT('',(28.,42.5));
#6064 = VECTOR('',#6065,1.);
#6065 = DIRECTION('',(1.,0.));
#6066 = ( GEOMETRIC_REPRESENTATION_CONTEXT(2) 
PARAMETRIC_REPRESENTATION_CONTEXT() REPRESENTATION_CONTEXT('2D SPACE',''
  ) );
#6067 = ORIENTED_EDGE('',*,*,#5667,.T.);
#6068 = ORIENTED_EDGE('',*,*,#5714,.T.);
#6069 = ORIENTED_EDGE('',*,*,#5287,.T.);
#6070 = ORIENTED_EDGE('',*,*,#6071,.T.);
#6071 = EDGE_CURVE('',#5288,#4846,#6072,.T.);
#6072 = SURFACE_CURVE('',#6073,(#6077,#6084),.PCURVE_S1.);
#6073 = LINE('',#6074,#6075);
#6074 = CARTESIAN_POINT('',(-2.2,10.5,39.65));
#6075 = VECTOR('',#6076,1.);
#6076 = DIRECTION('',(1.,0.,0.));
#6077 = PCURVE('',#4861,#6078);
#6078 = DEFINITIONAL_REPRESENTATION('',(#6079),#6083);
#6079 = LINE('',#6080,#6081);
#6080 = CARTESIAN_POINT('',(37.65,4.8));
#6081 = VECTOR('',#6082,1.);
#6082 = DIRECTION('',(0.,1.));
#6083 = ( GEOMETRIC_REPRESENTATION_CONTEXT(2) 
PARAMETRIC_REPRESENTATION_CONTEXT() REPRESENTATION_CONTEXT('2D SPACE',''
  ) );
#6084 = PCURVE('',#4887,#6085);
#6085 = DEFINITIONAL_REPRESENTATION('',(#6086),#6090);
#6086 = LINE('',#6087,#6088);
#6087 = CARTESIAN_POINT('',(0.,21.));
#6088 = VECTOR('',#6089,1.);
#6089 = DIRECTION('',(1.,0.));
#6090 = ( GEOMETRIC_REPRESENTATION_CONTEXT(2) 
PARAMETRIC_REPRESENTATION_CONTEXT() REPRESENTATION_CONTEXT('2D SPACE',''
  ) );
#6091 = ORIENTED_EDGE('',*,*,#4845,.F.);
#6092 = ORIENTED_EDGE('',*,*,#6019,.T.);
#6093 = ADVANCED_FACE('',(#6094),#4887,.T.);
#6094 = FACE_BOUND('',#6095,.T.);
#6095 = EDGE_LOOP('',(#6096,#6097,#6118,#6119));
#6096 = ORIENTED_EDGE('',*,*,#5310,.F.);
#6097 = ORIENTED_EDGE('',*,*,#6098,.T.);
#6098 = EDGE_CURVE('',#5140,#4730,#6099,.T.);
#6099 = SURFACE_CURVE('',#6100,(#6104,#6111),.PCURVE_S1.);
#6100 = LINE('',#6101,#6102);
#6101 = CARTESIAN_POINT('',(-2.2,-10.5,39.65));
#6102 = VECTOR('',#6103,1.);
#6103 = DIRECTION('',(1.,0.,0.));
#6104 = PCURVE('',#4887,#6105);
#6105 = DEFINITIONAL_REPRESENTATION('',(#6106),#6110);
#6106 = LINE('',#6107,#6108);
#6107 = CARTESIAN_POINT('',(0.,0.));
#6108 = VECTOR('',#6109,1.);
#6109 = DIRECTION('',(1.,0.));
#6110 = ( GEOMETRIC_REPRESENTATION_CONTEXT(2) 
PARAMETRIC_REPRESENTATION_CONTEXT() REPRESENTATION_CONTEXT('2D SPACE',''
  ) );
#6111 = PCURVE('',#4494,#6112);
#6112 = DEFINITIONAL_REPRESENTATION('',(#6113),#6117);
#6113 = LINE('',#6114,#6115);
#6114 = CARTESIAN_POINT('',(37.65,4.8));
#6115 = VECTOR('',#6116,1.);
#6116 = DIRECTION('',(0.,1.));
#6117 = ( GEOMETRIC_REPRESENTATION_CONTEXT(2) 
PARAMETRIC_REPRESENTATION_CONTEXT() REPRESENTATION_CONTEXT('2D SPACE',''
  ) );
#6118 = ORIENTED_EDGE('',*,*,#4873,.T.);
#6119 = ORIENTED_EDGE('',*,*,#6071,.F.);
#6120 = ADVANCED_FACE('',(#6121),#4640,.T.);
#6121 = FACE_BOUND('',#6122,.T.);
#6122 = EDGE_LOOP('',(#6123,#6124,#6125,#6146));
#6123 = ORIENTED_EDGE('',*,*,#4703,.F.);
#6124 = ORIENTED_EDGE('',*,*,#4752,.T.);
#6125 = ORIENTED_EDGE('',*,*,#6126,.T.);
#6126 = EDGE_CURVE('',#4728,#4533,#6127,.T.);
#6127 = SURFACE_CURVE('',#6128,(#6132,#6139),.PCURVE_S1.);
#6128 = LINE('',#6129,#6130);
#6129 = CARTESIAN_POINT('',(-7.,-10.5,8.));
#6130 = VECTOR('',#6131,1.);
#6131 = DIRECTION('',(1.,0.,0.));
#6132 = PCURVE('',#4640,#6133);
#6133 = DEFINITIONAL_REPRESENTATION('',(#6134),#6138);
#6134 = LINE('',#6135,#6136);
#6135 = CARTESIAN_POINT('',(0.,0.));
#6136 = VECTOR('',#6137,1.);
#6137 = DIRECTION('',(1.,0.));
#6138 = ( GEOMETRIC_REPRESENTATION_CONTEXT(2) 
PARAMETRIC_REPRESENTATION_CONTEXT() REPRESENTATION_CONTEXT('2D SPACE',''
  ) );
#6139 = PCURVE('',#4494,#6140);
#6140 = DEFINITIONAL_REPRESENTATION('',(#6141),#6145);
#6141 = LINE('',#6142,#6143);
#6142 = CARTESIAN_POINT('',(6.,0.));
#6143 = VECTOR('',#6144,1.);
#6144 = DIRECTION('',(0.,1.));
#6145 = ( GEOMETRIC_REPRESENTATION_CONTEXT(2) 
PARAMETRIC_REPRESENTATION_CONTEXT() REPRESENTATION_CONTEXT('2D SPACE',''
  ) );
#6146 = ORIENTED_EDGE('',*,*,#4626,.T.);
#6147 = ADVANCED_FACE('',(#6148),#4494,.F.);
#6148 = FACE_BOUND('',#6149,.F.);
#6149 = EDGE_LOOP('',(#6150,#6151,#6152,#6173,#6174,#6175,#6176,#6177));
#6150 = ORIENTED_EDGE('',*,*,#4532,.F.);
#6151 = ORIENTED_EDGE('',*,*,#4479,.F.);
#6152 = ORIENTED_EDGE('',*,*,#6153,.T.);
#6153 = EDGE_CURVE('',#4480,#5477,#6154,.T.);
#6154 = SURFACE_CURVE('',#6155,(#6159,#6166),.PCURVE_S1.);
#6155 = LINE('',#6156,#6157);
#6156 = CARTESIAN_POINT('',(-7.,-10.5,2.));
#6157 = VECTOR('',#6158,1.);
#6158 = DIRECTION('',(0.,0.,1.));
#6159 = PCURVE('',#4494,#6160);
#6160 = DEFINITIONAL_REPRESENTATION('',(#6161),#6165);
#6161 = LINE('',#6162,#6163);
#6162 = CARTESIAN_POINT('',(0.,0.));
#6163 = VECTOR('',#6164,1.);
#6164 = DIRECTION('',(1.,0.));
#6165 = ( GEOMETRIC_REPRESENTATION_CONTEXT(2) 
PARAMETRIC_REPRESENTATION_CONTEXT() REPRESENTATION_CONTEXT('2D SPACE',''
  ) );
#6166 = PCURVE('',#4518,#6167);
#6167 = DEFINITIONAL_REPRESENTATION('',(#6168),#6172);
#6168 = LINE('',#6169,#6170);
#6169 = CARTESIAN_POINT('',(0.,0.));
#6170 = VECTOR('',#6171,1.);
#6171 = DIRECTION('',(1.,0.));
#6172 = ( GEOMETRIC_REPRESENTATION_CONTEXT(2) 
PARAMETRIC_REPRESENTATION_CONTEXT() REPRESENTATION_CONTEXT('2D SPACE',''
  ) );
#6173 = ORIENTED_EDGE('',*,*,#5499,.T.);
#6174 = ORIENTED_EDGE('',*,*,#5137,.T.);
#6175 = ORIENTED_EDGE('',*,*,#6098,.T.);
#6176 = ORIENTED_EDGE('',*,*,#4727,.F.);
#6177 = ORIENTED_EDGE('',*,*,#6126,.T.);
#6178 = ADVANCED_FACE('',(#6179),#4518,.F.);
#6179 = FACE_BOUND('',#6180,.F.);
#6180 = EDGE_LOOP('',(#6181,#6182,#6183,#6204,#6223,#6224));
#6181 = ORIENTED_EDGE('',*,*,#6153,.F.);
#6182 = ORIENTED_EDGE('',*,*,#4505,.F.);
#6183 = ORIENTED_EDGE('',*,*,#6184,.F.);
#6184 = EDGE_CURVE('',#6185,#4381,#6187,.T.);
#6185 = VERTEX_POINT('',#6186);
#6186 = CARTESIAN_POINT('',(-7.,-9.3,3.));
#6187 = SURFACE_CURVE('',#6188,(#6192,#6198),.PCURVE_S1.);
#6188 = LINE('',#6189,#6190);
#6189 = CARTESIAN_POINT('',(-7.,-9.3,2.5));
#6190 = VECTOR('',#6191,1.);
#6191 = DIRECTION('',(0.,0.,1.));
#6192 = PCURVE('',#4518,#6193);
#6193 = DEFINITIONAL_REPRESENTATION('',(#6194),#6197);
#6194 = B_SPLINE_CURVE_WITH_KNOTS('',1,(#6195,#6196),.UNSPECIFIED.,.F.,
  .F.,(2,2),(0.5,2.5),.PIECEWISE_BEZIER_KNOTS.);
#6195 = CARTESIAN_POINT('',(1.,-1.2));
#6196 = CARTESIAN_POINT('',(3.,-1.2));
#6197 = ( GEOMETRIC_REPRESENTATION_CONTEXT(2) 
PARAMETRIC_REPRESENTATION_CONTEXT() REPRESENTATION_CONTEXT('2D SPACE',''
  ) );
#6198 = PCURVE('',#4396,#6199);
#6199 = DEFINITIONAL_REPRESENTATION('',(#6200),#6203);
#6200 = B_SPLINE_CURVE_WITH_KNOTS('',1,(#6201,#6202),.UNSPECIFIED.,.F.,
  .F.,(2,2),(0.5,2.5),.PIECEWISE_BEZIER_KNOTS.);
#6201 = CARTESIAN_POINT('',(0.,23.));
#6202 = CARTESIAN_POINT('',(2.,23.));
#6203 = ( GEOMETRIC_REPRESENTATION_CONTEXT(2) 
PARAMETRIC_REPRESENTATION_CONTEXT() REPRESENTATION_CONTEXT('2D SPACE',''
  ) );
#6204 = ORIENTED_EDGE('',*,*,#6205,.T.);
#6205 = EDGE_CURVE('',#6185,#5525,#6206,.T.);
#6206 = SURFACE_CURVE('',#6207,(#6211,#6217),.PCURVE_S1.);
#6207 = LINE('',#6208,#6209);
#6208 = CARTESIAN_POINT('',(-7.,-21.25,3.));
#6209 = VECTOR('',#6210,1.);
#6210 = DIRECTION('',(0.,1.,0.));
#6211 = PCURVE('',#4518,#6212);
#6212 = DEFINITIONAL_REPRESENTATION('',(#6213),#6216);
#6213 = B_SPLINE_CURVE_WITH_KNOTS('',1,(#6214,#6215),.UNSPECIFIED.,.F.,
  .F.,(2,2),(10.75,13.75),.PIECEWISE_BEZIER_KNOTS.);
#6214 = CARTESIAN_POINT('',(1.,0.));
#6215 = CARTESIAN_POINT('',(1.,-3.));
#6216 = ( GEOMETRIC_REPRESENTATION_CONTEXT(2) 
PARAMETRIC_REPRESENTATION_CONTEXT() REPRESENTATION_CONTEXT('2D SPACE',''
  ) );
#6217 = PCURVE('',#102,#6218);
#6218 = DEFINITIONAL_REPRESENTATION('',(#6219),#6222);
#6219 = B_SPLINE_CURVE_WITH_KNOTS('',1,(#6220,#6221),.UNSPECIFIED.,.F.,
  .F.,(2,2),(10.75,13.75),.PIECEWISE_BEZIER_KNOTS.);
#6220 = CARTESIAN_POINT('',(28.,21.5));
#6221 = CARTESIAN_POINT('',(28.,24.5));
#6222 = ( GEOMETRIC_REPRESENTATION_CONTEXT(2) 
PARAMETRIC_REPRESENTATION_CONTEXT() REPRESENTATION_CONTEXT('2D SPACE',''
  ) );
#6223 = ORIENTED_EDGE('',*,*,#5545,.T.);
#6224 = ORIENTED_EDGE('',*,*,#5476,.F.);
#6225 = ADVANCED_FACE('',(#6226),#4396,.T.);
#6226 = FACE_BOUND('',#6227,.T.);
#6227 = EDGE_LOOP('',(#6228,#6251,#6271,#6272));
#6228 = ORIENTED_EDGE('',*,*,#6229,.F.);
#6229 = EDGE_CURVE('',#6230,#6185,#6232,.T.);
#6230 = VERTEX_POINT('',#6231);
#6231 = CARTESIAN_POINT('',(-20.4,-9.3,3.));
#6232 = SURFACE_CURVE('',#6233,(#6237,#6244),.PCURVE_S1.);
#6233 = LINE('',#6234,#6235);
#6234 = CARTESIAN_POINT('',(-30.,-9.3,3.));
#6235 = VECTOR('',#6236,1.);
#6236 = DIRECTION('',(1.,0.,0.));
#6237 = PCURVE('',#4396,#6238);
#6238 = DEFINITIONAL_REPRESENTATION('',(#6239),#6243);
#6239 = LINE('',#6240,#6241);
#6240 = CARTESIAN_POINT('',(0.,0.));
#6241 = VECTOR('',#6242,1.);
#6242 = DIRECTION('',(0.,1.));
#6243 = ( GEOMETRIC_REPRESENTATION_CONTEXT(2) 
PARAMETRIC_REPRESENTATION_CONTEXT() REPRESENTATION_CONTEXT('2D SPACE',''
  ) );
#6244 = PCURVE('',#102,#6245);
#6245 = DEFINITIONAL_REPRESENTATION('',(#6246),#6250);
#6246 = LINE('',#6247,#6248);
#6247 = CARTESIAN_POINT('',(5.,22.7));
#6248 = VECTOR('',#6249,1.);
#6249 = DIRECTION('',(1.,0.));
#6250 = ( GEOMETRIC_REPRESENTATION_CONTEXT(2) 
PARAMETRIC_REPRESENTATION_CONTEXT() REPRESENTATION_CONTEXT('2D SPACE',''
  ) );
#6251 = ORIENTED_EDGE('',*,*,#6252,.F.);
#6252 = EDGE_CURVE('',#4379,#6230,#6253,.T.);
#6253 = SURFACE_CURVE('',#6254,(#6258,#6264),.PCURVE_S1.);
#6254 = LINE('',#6255,#6256);
#6255 = CARTESIAN_POINT('',(-20.4,-9.3,0.5));
#6256 = VECTOR('',#6257,1.);
#6257 = DIRECTION('',(0.,0.,-1.));
#6258 = PCURVE('',#4396,#6259);
#6259 = DEFINITIONAL_REPRESENTATION('',(#6260),#6263);
#6260 = B_SPLINE_CURVE_WITH_KNOTS('',1,(#6261,#6262),.UNSPECIFIED.,.F.,
  .F.,(2,2),(-4.5,-2.5),.PIECEWISE_BEZIER_KNOTS.);
#6261 = CARTESIAN_POINT('',(2.,9.6));
#6262 = CARTESIAN_POINT('',(0.,9.6));
#6263 = ( GEOMETRIC_REPRESENTATION_CONTEXT(2) 
PARAMETRIC_REPRESENTATION_CONTEXT() REPRESENTATION_CONTEXT('2D SPACE',''
  ) );
#6264 = PCURVE('',#322,#6265);
#6265 = DEFINITIONAL_REPRESENTATION('',(#6266),#6270);
#6266 = LINE('',#6267,#6268);
#6267 = CARTESIAN_POINT('',(2.5,-22.7));
#6268 = VECTOR('',#6269,1.);
#6269 = DIRECTION('',(-1.,0.));
#6270 = ( GEOMETRIC_REPRESENTATION_CONTEXT(2) 
PARAMETRIC_REPRESENTATION_CONTEXT() REPRESENTATION_CONTEXT('2D SPACE',''
  ) );
#6271 = ORIENTED_EDGE('',*,*,#4378,.T.);
#6272 = ORIENTED_EDGE('',*,*,#6184,.F.);
#6273 = ADVANCED_FACE('',(#6274),#3875,.T.);
#6274 = FACE_BOUND('',#6275,.T.);
#6275 = EDGE_LOOP('',(#6276,#6297,#6298,#6299));
#6276 = ORIENTED_EDGE('',*,*,#6277,.F.);
#6277 = EDGE_CURVE('',#4557,#3838,#6278,.T.);
#6278 = SURFACE_CURVE('',#6279,(#6283,#6290),.PCURVE_S1.);
#6279 = LINE('',#6280,#6281);
#6280 = CARTESIAN_POINT('',(-30.,-9.3,3.));
#6281 = VECTOR('',#6282,1.);
#6282 = DIRECTION('',(1.,0.,0.));
#6283 = PCURVE('',#3875,#6284);
#6284 = DEFINITIONAL_REPRESENTATION('',(#6285),#6289);
#6285 = LINE('',#6286,#6287);
#6286 = CARTESIAN_POINT('',(0.,0.));
#6287 = VECTOR('',#6288,1.);
#6288 = DIRECTION('',(0.,1.));
#6289 = ( GEOMETRIC_REPRESENTATION_CONTEXT(2) 
PARAMETRIC_REPRESENTATION_CONTEXT() REPRESENTATION_CONTEXT('2D SPACE',''
  ) );
#6290 = PCURVE('',#102,#6291);
#6291 = DEFINITIONAL_REPRESENTATION('',(#6292),#6296);
#6292 = LINE('',#6293,#6294);
#6293 = CARTESIAN_POINT('',(5.,22.7));
#6294 = VECTOR('',#6295,1.);
#6295 = DIRECTION('',(1.,0.));
#6296 = ( GEOMETRIC_REPRESENTATION_CONTEXT(2) 
PARAMETRIC_REPRESENTATION_CONTEXT() REPRESENTATION_CONTEXT('2D SPACE',''
  ) );
#6297 = ORIENTED_EDGE('',*,*,#4556,.T.);
#6298 = ORIENTED_EDGE('',*,*,#4430,.T.);
#6299 = ORIENTED_EDGE('',*,*,#3859,.T.);
#6300 = ADVANCED_FACE('',(#6301),#350,.F.);
#6301 = FACE_BOUND('',#6302,.F.);
#6302 = EDGE_LOOP('',(#6303,#6304,#6325,#6326));
#6303 = ORIENTED_EDGE('',*,*,#334,.F.);
#6304 = ORIENTED_EDGE('',*,*,#6305,.F.);
#6305 = EDGE_CURVE('',#4095,#307,#6306,.T.);
#6306 = SURFACE_CURVE('',#6307,(#6311,#6318),.PCURVE_S1.);
#6307 = LINE('',#6308,#6309);
#6308 = CARTESIAN_POINT('',(-20.4,-32.,3.));
#6309 = VECTOR('',#6310,1.);
#6310 = DIRECTION('',(0.,0.,-1.));
#6311 = PCURVE('',#350,#6312);
#6312 = DEFINITIONAL_REPRESENTATION('',(#6313),#6317);
#6313 = LINE('',#6314,#6315);
#6314 = CARTESIAN_POINT('',(3.,14.6));
#6315 = VECTOR('',#6316,1.);
#6316 = DIRECTION('',(-1.,0.));
#6317 = ( GEOMETRIC_REPRESENTATION_CONTEXT(2) 
PARAMETRIC_REPRESENTATION_CONTEXT() REPRESENTATION_CONTEXT('2D SPACE',''
  ) );
#6318 = PCURVE('',#322,#6319);
#6319 = DEFINITIONAL_REPRESENTATION('',(#6320),#6324);
#6320 = LINE('',#6321,#6322);
#6321 = CARTESIAN_POINT('',(5.,0.));
#6322 = VECTOR('',#6323,1.);
#6323 = DIRECTION('',(-1.,0.));
#6324 = ( GEOMETRIC_REPRESENTATION_CONTEXT(2) 
PARAMETRIC_REPRESENTATION_CONTEXT() REPRESENTATION_CONTEXT('2D SPACE',''
  ) );
#6325 = ORIENTED_EDGE('',*,*,#4094,.T.);
#6326 = ORIENTED_EDGE('',*,*,#3810,.T.);
#6327 = ADVANCED_FACE('',(#6328),#322,.F.);
#6328 = FACE_BOUND('',#6329,.F.);
#6329 = EDGE_LOOP('',(#6330,#6331,#6332,#6355,#6383,#6411,#6431,#6432,
    #6433,#6434,#6456,#6484,#6512,#6540,#6560,#6561,#6562,#6563));
#6330 = ORIENTED_EDGE('',*,*,#6305,.T.);
#6331 = ORIENTED_EDGE('',*,*,#306,.T.);
#6332 = ORIENTED_EDGE('',*,*,#6333,.T.);
#6333 = EDGE_CURVE('',#281,#6334,#6336,.T.);
#6334 = VERTEX_POINT('',#6335);
#6335 = CARTESIAN_POINT('',(-20.4,-8.5,1.1));
#6336 = SURFACE_CURVE('',#6337,(#6341,#6348),.PCURVE_S1.);
#6337 = LINE('',#6338,#6339);
#6338 = CARTESIAN_POINT('',(-20.4,-8.5,-1.E-01));
#6339 = VECTOR('',#6340,1.);
#6340 = DIRECTION('',(0.,0.,1.));
#6341 = PCURVE('',#322,#6342);
#6342 = DEFINITIONAL_REPRESENTATION('',(#6343),#6347);
#6343 = LINE('',#6344,#6345);
#6344 = CARTESIAN_POINT('',(1.9,-23.5));
#6345 = VECTOR('',#6346,1.);
#6346 = DIRECTION('',(1.,0.));
#6347 = ( GEOMETRIC_REPRESENTATION_CONTEXT(2) 
PARAMETRIC_REPRESENTATION_CONTEXT() REPRESENTATION_CONTEXT('2D SPACE',''
  ) );
#6348 = PCURVE('',#295,#6349);
#6349 = DEFINITIONAL_REPRESENTATION('',(#6350),#6354);
#6350 = LINE('',#6351,#6352);
#6351 = CARTESIAN_POINT('',(0.,3.2));
#6352 = VECTOR('',#6353,1.);
#6353 = DIRECTION('',(1.,0.));
#6354 = ( GEOMETRIC_REPRESENTATION_CONTEXT(2) 
PARAMETRIC_REPRESENTATION_CONTEXT() REPRESENTATION_CONTEXT('2D SPACE',''
  ) );
#6355 = ORIENTED_EDGE('',*,*,#6356,.F.);
#6356 = EDGE_CURVE('',#6357,#6334,#6359,.T.);
#6357 = VERTEX_POINT('',#6358);
#6358 = CARTESIAN_POINT('',(-20.4,-9.,1.1));
#6359 = SURFACE_CURVE('',#6360,(#6364,#6371),.PCURVE_S1.);
#6360 = LINE('',#6361,#6362);
#6361 = CARTESIAN_POINT('',(-20.4,-32.5,1.1));
#6362 = VECTOR('',#6363,1.);
#6363 = DIRECTION('',(0.,1.,0.));
#6364 = PCURVE('',#322,#6365);
#6365 = DEFINITIONAL_REPRESENTATION('',(#6366),#6370);
#6366 = LINE('',#6367,#6368);
#6367 = CARTESIAN_POINT('',(3.1,0.5));
#6368 = VECTOR('',#6369,1.);
#6369 = DIRECTION('',(0.,-1.));
#6370 = ( GEOMETRIC_REPRESENTATION_CONTEXT(2) 
PARAMETRIC_REPRESENTATION_CONTEXT() REPRESENTATION_CONTEXT('2D SPACE',''
  ) );
#6371 = PCURVE('',#6372,#6377);
#6372 = PLANE('',#6373);
#6373 = AXIS2_PLACEMENT_3D('',#6374,#6375,#6376);
#6374 = CARTESIAN_POINT('',(-23.6,-32.5,1.1));
#6375 = DIRECTION('',(0.,0.,1.));
#6376 = DIRECTION('',(1.,0.,0.));
#6377 = DEFINITIONAL_REPRESENTATION('',(#6378),#6382);
#6378 = LINE('',#6379,#6380);
#6379 = CARTESIAN_POINT('',(3.2,0.));
#6380 = VECTOR('',#6381,1.);
#6381 = DIRECTION('',(0.,1.));
#6382 = ( GEOMETRIC_REPRESENTATION_CONTEXT(2) 
PARAMETRIC_REPRESENTATION_CONTEXT() REPRESENTATION_CONTEXT('2D SPACE',''
  ) );
#6383 = ORIENTED_EDGE('',*,*,#6384,.T.);
#6384 = EDGE_CURVE('',#6357,#6385,#6387,.T.);
#6385 = VERTEX_POINT('',#6386);
#6386 = CARTESIAN_POINT('',(-20.4,-9.,3.));
#6387 = SURFACE_CURVE('',#6388,(#6392,#6399),.PCURVE_S1.);
#6388 = LINE('',#6389,#6390);
#6389 = CARTESIAN_POINT('',(-20.4,-9.,-2.));
#6390 = VECTOR('',#6391,1.);
#6391 = DIRECTION('',(0.,0.,1.));
#6392 = PCURVE('',#322,#6393);
#6393 = DEFINITIONAL_REPRESENTATION('',(#6394),#6398);
#6394 = LINE('',#6395,#6396);
#6395 = CARTESIAN_POINT('',(0.,-23.));
#6396 = VECTOR('',#6397,1.);
#6397 = DIRECTION('',(1.,0.));
#6398 = ( GEOMETRIC_REPRESENTATION_CONTEXT(2) 
PARAMETRIC_REPRESENTATION_CONTEXT() REPRESENTATION_CONTEXT('2D SPACE',''
  ) );
#6399 = PCURVE('',#6400,#6405);
#6400 = PLANE('',#6401);
#6401 = AXIS2_PLACEMENT_3D('',#6402,#6403,#6404);
#6402 = CARTESIAN_POINT('',(-23.6,-9.,-2.));
#6403 = DIRECTION('',(0.,1.,0.));
#6404 = DIRECTION('',(0.,0.,1.));
#6405 = DEFINITIONAL_REPRESENTATION('',(#6406),#6410);
#6406 = LINE('',#6407,#6408);
#6407 = CARTESIAN_POINT('',(0.,3.2));
#6408 = VECTOR('',#6409,1.);
#6409 = DIRECTION('',(1.,0.));
#6410 = ( GEOMETRIC_REPRESENTATION_CONTEXT(2) 
PARAMETRIC_REPRESENTATION_CONTEXT() REPRESENTATION_CONTEXT('2D SPACE',''
  ) );
#6411 = ORIENTED_EDGE('',*,*,#6412,.F.);
#6412 = EDGE_CURVE('',#6230,#6385,#6413,.T.);
#6413 = SURFACE_CURVE('',#6414,(#6418,#6425),.PCURVE_S1.);
#6414 = LINE('',#6415,#6416);
#6415 = CARTESIAN_POINT('',(-20.4,-21.5,3.));
#6416 = VECTOR('',#6417,1.);
#6417 = DIRECTION('',(0.,1.,0.));
#6418 = PCURVE('',#322,#6419);
#6419 = DEFINITIONAL_REPRESENTATION('',(#6420),#6424);
#6420 = LINE('',#6421,#6422);
#6421 = CARTESIAN_POINT('',(5.,-10.5));
#6422 = VECTOR('',#6423,1.);
#6423 = DIRECTION('',(0.,-1.));
#6424 = ( GEOMETRIC_REPRESENTATION_CONTEXT(2) 
PARAMETRIC_REPRESENTATION_CONTEXT() REPRESENTATION_CONTEXT('2D SPACE',''
  ) );
#6425 = PCURVE('',#102,#6426);
#6426 = DEFINITIONAL_REPRESENTATION('',(#6427),#6430);
#6427 = B_SPLINE_CURVE_WITH_KNOTS('',1,(#6428,#6429),.UNSPECIFIED.,.F.,
  .F.,(2,2),(10.5,12.5),.PIECEWISE_BEZIER_KNOTS.);
#6428 = CARTESIAN_POINT('',(14.6,21.));
#6429 = CARTESIAN_POINT('',(14.6,23.));
#6430 = ( GEOMETRIC_REPRESENTATION_CONTEXT(2) 
PARAMETRIC_REPRESENTATION_CONTEXT() REPRESENTATION_CONTEXT('2D SPACE',''
  ) );
#6431 = ORIENTED_EDGE('',*,*,#6252,.F.);
#6432 = ORIENTED_EDGE('',*,*,#4408,.F.);
#6433 = ORIENTED_EDGE('',*,*,#4331,.T.);
#6434 = ORIENTED_EDGE('',*,*,#6435,.F.);
#6435 = EDGE_CURVE('',#6436,#4309,#6438,.T.);
#6436 = VERTEX_POINT('',#6437);
#6437 = CARTESIAN_POINT('',(-20.4,-11.,3.));
#6438 = SURFACE_CURVE('',#6439,(#6443,#6450),.PCURVE_S1.);
#6439 = LINE('',#6440,#6441);
#6440 = CARTESIAN_POINT('',(-20.4,-21.5,3.));
#6441 = VECTOR('',#6442,1.);
#6442 = DIRECTION('',(0.,1.,0.));
#6443 = PCURVE('',#322,#6444);
#6444 = DEFINITIONAL_REPRESENTATION('',(#6445),#6449);
#6445 = LINE('',#6446,#6447);
#6446 = CARTESIAN_POINT('',(5.,-10.5));
#6447 = VECTOR('',#6448,1.);
#6448 = DIRECTION('',(0.,-1.));
#6449 = ( GEOMETRIC_REPRESENTATION_CONTEXT(2) 
PARAMETRIC_REPRESENTATION_CONTEXT() REPRESENTATION_CONTEXT('2D SPACE',''
  ) );
#6450 = PCURVE('',#102,#6451);
#6451 = DEFINITIONAL_REPRESENTATION('',(#6452),#6455);
#6452 = B_SPLINE_CURVE_WITH_KNOTS('',1,(#6453,#6454),.UNSPECIFIED.,.F.,
  .F.,(2,2),(10.5,12.5),.PIECEWISE_BEZIER_KNOTS.);
#6453 = CARTESIAN_POINT('',(14.6,21.));
#6454 = CARTESIAN_POINT('',(14.6,23.));
#6455 = ( GEOMETRIC_REPRESENTATION_CONTEXT(2) 
PARAMETRIC_REPRESENTATION_CONTEXT() REPRESENTATION_CONTEXT('2D SPACE',''
  ) );
#6456 = ORIENTED_EDGE('',*,*,#6457,.F.);
#6457 = EDGE_CURVE('',#6458,#6436,#6460,.T.);
#6458 = VERTEX_POINT('',#6459);
#6459 = CARTESIAN_POINT('',(-20.4,-11.,1.1));
#6460 = SURFACE_CURVE('',#6461,(#6465,#6472),.PCURVE_S1.);
#6461 = LINE('',#6462,#6463);
#6462 = CARTESIAN_POINT('',(-20.4,-11.,-2.));
#6463 = VECTOR('',#6464,1.);
#6464 = DIRECTION('',(0.,0.,1.));
#6465 = PCURVE('',#322,#6466);
#6466 = DEFINITIONAL_REPRESENTATION('',(#6467),#6471);
#6467 = LINE('',#6468,#6469);
#6468 = CARTESIAN_POINT('',(0.,-21.));
#6469 = VECTOR('',#6470,1.);
#6470 = DIRECTION('',(1.,0.));
#6471 = ( GEOMETRIC_REPRESENTATION_CONTEXT(2) 
PARAMETRIC_REPRESENTATION_CONTEXT() REPRESENTATION_CONTEXT('2D SPACE',''
  ) );
#6472 = PCURVE('',#6473,#6478);
#6473 = PLANE('',#6474);
#6474 = AXIS2_PLACEMENT_3D('',#6475,#6476,#6477);
#6475 = CARTESIAN_POINT('',(-23.6,-11.,-2.));
#6476 = DIRECTION('',(0.,1.,0.));
#6477 = DIRECTION('',(0.,0.,1.));
#6478 = DEFINITIONAL_REPRESENTATION('',(#6479),#6483);
#6479 = LINE('',#6480,#6481);
#6480 = CARTESIAN_POINT('',(0.,3.2));
#6481 = VECTOR('',#6482,1.);
#6482 = DIRECTION('',(1.,0.));
#6483 = ( GEOMETRIC_REPRESENTATION_CONTEXT(2) 
PARAMETRIC_REPRESENTATION_CONTEXT() REPRESENTATION_CONTEXT('2D SPACE',''
  ) );
#6484 = ORIENTED_EDGE('',*,*,#6485,.F.);
#6485 = EDGE_CURVE('',#6486,#6458,#6488,.T.);
#6486 = VERTEX_POINT('',#6487);
#6487 = CARTESIAN_POINT('',(-20.4,-30.,1.1));
#6488 = SURFACE_CURVE('',#6489,(#6493,#6500),.PCURVE_S1.);
#6489 = LINE('',#6490,#6491);
#6490 = CARTESIAN_POINT('',(-20.4,-32.5,1.1));
#6491 = VECTOR('',#6492,1.);
#6492 = DIRECTION('',(0.,1.,0.));
#6493 = PCURVE('',#322,#6494);
#6494 = DEFINITIONAL_REPRESENTATION('',(#6495),#6499);
#6495 = LINE('',#6496,#6497);
#6496 = CARTESIAN_POINT('',(3.1,0.5));
#6497 = VECTOR('',#6498,1.);
#6498 = DIRECTION('',(0.,-1.));
#6499 = ( GEOMETRIC_REPRESENTATION_CONTEXT(2) 
PARAMETRIC_REPRESENTATION_CONTEXT() REPRESENTATION_CONTEXT('2D SPACE',''
  ) );
#6500 = PCURVE('',#6501,#6506);
#6501 = PLANE('',#6502);
#6502 = AXIS2_PLACEMENT_3D('',#6503,#6504,#6505);
#6503 = CARTESIAN_POINT('',(-23.6,-32.5,1.1));
#6504 = DIRECTION('',(0.,0.,1.));
#6505 = DIRECTION('',(1.,0.,0.));
#6506 = DEFINITIONAL_REPRESENTATION('',(#6507),#6511);
#6507 = LINE('',#6508,#6509);
#6508 = CARTESIAN_POINT('',(3.2,0.));
#6509 = VECTOR('',#6510,1.);
#6510 = DIRECTION('',(0.,1.));
#6511 = ( GEOMETRIC_REPRESENTATION_CONTEXT(2) 
PARAMETRIC_REPRESENTATION_CONTEXT() REPRESENTATION_CONTEXT('2D SPACE',''
  ) );
#6512 = ORIENTED_EDGE('',*,*,#6513,.T.);
#6513 = EDGE_CURVE('',#6486,#6514,#6516,.T.);
#6514 = VERTEX_POINT('',#6515);
#6515 = CARTESIAN_POINT('',(-20.4,-30.,3.));
#6516 = SURFACE_CURVE('',#6517,(#6521,#6528),.PCURVE_S1.);
#6517 = LINE('',#6518,#6519);
#6518 = CARTESIAN_POINT('',(-20.4,-30.,-2.));
#6519 = VECTOR('',#6520,1.);
#6520 = DIRECTION('',(0.,0.,1.));
#6521 = PCURVE('',#322,#6522);
#6522 = DEFINITIONAL_REPRESENTATION('',(#6523),#6527);
#6523 = LINE('',#6524,#6525);
#6524 = CARTESIAN_POINT('',(0.,-2.));
#6525 = VECTOR('',#6526,1.);
#6526 = DIRECTION('',(1.,0.));
#6527 = ( GEOMETRIC_REPRESENTATION_CONTEXT(2) 
PARAMETRIC_REPRESENTATION_CONTEXT() REPRESENTATION_CONTEXT('2D SPACE',''
  ) );
#6528 = PCURVE('',#6529,#6534);
#6529 = PLANE('',#6530);
#6530 = AXIS2_PLACEMENT_3D('',#6531,#6532,#6533);
#6531 = CARTESIAN_POINT('',(-23.6,-30.,-2.));
#6532 = DIRECTION('',(0.,1.,0.));
#6533 = DIRECTION('',(0.,0.,1.));
#6534 = DEFINITIONAL_REPRESENTATION('',(#6535),#6539);
#6535 = LINE('',#6536,#6537);
#6536 = CARTESIAN_POINT('',(0.,3.2));
#6537 = VECTOR('',#6538,1.);
#6538 = DIRECTION('',(1.,0.));
#6539 = ( GEOMETRIC_REPRESENTATION_CONTEXT(2) 
PARAMETRIC_REPRESENTATION_CONTEXT() REPRESENTATION_CONTEXT('2D SPACE',''
  ) );
#6540 = ORIENTED_EDGE('',*,*,#6541,.F.);
#6541 = EDGE_CURVE('',#4261,#6514,#6542,.T.);
#6542 = SURFACE_CURVE('',#6543,(#6547,#6554),.PCURVE_S1.);
#6543 = LINE('',#6544,#6545);
#6544 = CARTESIAN_POINT('',(-20.4,-32.,3.));
#6545 = VECTOR('',#6546,1.);
#6546 = DIRECTION('',(0.,1.,0.));
#6547 = PCURVE('',#322,#6548);
#6548 = DEFINITIONAL_REPRESENTATION('',(#6549),#6553);
#6549 = LINE('',#6550,#6551);
#6550 = CARTESIAN_POINT('',(5.,0.));
#6551 = VECTOR('',#6552,1.);
#6552 = DIRECTION('',(0.,-1.));
#6553 = ( GEOMETRIC_REPRESENTATION_CONTEXT(2) 
PARAMETRIC_REPRESENTATION_CONTEXT() REPRESENTATION_CONTEXT('2D SPACE',''
  ) );
#6554 = PCURVE('',#102,#6555);
#6555 = DEFINITIONAL_REPRESENTATION('',(#6556),#6559);
#6556 = B_SPLINE_CURVE_WITH_KNOTS('',1,(#6557,#6558),.UNSPECIFIED.,.F.,
  .F.,(2,2),(0.,2.),.PIECEWISE_BEZIER_KNOTS.);
#6557 = CARTESIAN_POINT('',(14.6,0.));
#6558 = CARTESIAN_POINT('',(14.6,2.));
#6559 = ( GEOMETRIC_REPRESENTATION_CONTEXT(2) 
PARAMETRIC_REPRESENTATION_CONTEXT() REPRESENTATION_CONTEXT('2D SPACE',''
  ) );
#6560 = ORIENTED_EDGE('',*,*,#4283,.F.);
#6561 = ORIENTED_EDGE('',*,*,#4235,.F.);
#6562 = ORIENTED_EDGE('',*,*,#4165,.T.);
#6563 = ORIENTED_EDGE('',*,*,#4141,.F.);
#6564 = ADVANCED_FACE('',(#6565),#6529,.F.);
#6565 = FACE_BOUND('',#6566,.F.);
#6566 = EDGE_LOOP('',(#6567,#6568,#6589,#6612));
#6567 = ORIENTED_EDGE('',*,*,#6513,.F.);
#6568 = ORIENTED_EDGE('',*,*,#6569,.F.);
#6569 = EDGE_CURVE('',#6570,#6486,#6572,.T.);
#6570 = VERTEX_POINT('',#6571);
#6571 = CARTESIAN_POINT('',(-23.6,-30.,1.1));
#6572 = SURFACE_CURVE('',#6573,(#6577,#6583),.PCURVE_S1.);
#6573 = LINE('',#6574,#6575);
#6574 = CARTESIAN_POINT('',(-23.6,-30.,1.1));
#6575 = VECTOR('',#6576,1.);
#6576 = DIRECTION('',(1.,0.,0.));
#6577 = PCURVE('',#6529,#6578);
#6578 = DEFINITIONAL_REPRESENTATION('',(#6579),#6582);
#6579 = B_SPLINE_CURVE_WITH_KNOTS('',1,(#6580,#6581),.UNSPECIFIED.,.F.,
  .F.,(2,2),(0.,3.2),.PIECEWISE_BEZIER_KNOTS.);
#6580 = CARTESIAN_POINT('',(3.1,0.));
#6581 = CARTESIAN_POINT('',(3.1,3.2));
#6582 = ( GEOMETRIC_REPRESENTATION_CONTEXT(2) 
PARAMETRIC_REPRESENTATION_CONTEXT() REPRESENTATION_CONTEXT('2D SPACE',''
  ) );
#6583 = PCURVE('',#6501,#6584);
#6584 = DEFINITIONAL_REPRESENTATION('',(#6585),#6588);
#6585 = B_SPLINE_CURVE_WITH_KNOTS('',1,(#6586,#6587),.UNSPECIFIED.,.F.,
  .F.,(2,2),(0.,3.2),.PIECEWISE_BEZIER_KNOTS.);
#6586 = CARTESIAN_POINT('',(0.,2.5));
#6587 = CARTESIAN_POINT('',(3.2,2.5));
#6588 = ( GEOMETRIC_REPRESENTATION_CONTEXT(2) 
PARAMETRIC_REPRESENTATION_CONTEXT() REPRESENTATION_CONTEXT('2D SPACE',''
  ) );
#6589 = ORIENTED_EDGE('',*,*,#6590,.T.);
#6590 = EDGE_CURVE('',#6570,#6591,#6593,.T.);
#6591 = VERTEX_POINT('',#6592);
#6592 = CARTESIAN_POINT('',(-23.6,-30.,3.));
#6593 = SURFACE_CURVE('',#6594,(#6598,#6605),.PCURVE_S1.);
#6594 = LINE('',#6595,#6596);
#6595 = CARTESIAN_POINT('',(-23.6,-30.,-2.));
#6596 = VECTOR('',#6597,1.);
#6597 = DIRECTION('',(0.,0.,1.));
#6598 = PCURVE('',#6529,#6599);
#6599 = DEFINITIONAL_REPRESENTATION('',(#6600),#6604);
#6600 = LINE('',#6601,#6602);
#6601 = CARTESIAN_POINT('',(0.,0.));
#6602 = VECTOR('',#6603,1.);
#6603 = DIRECTION('',(1.,0.));
#6604 = ( GEOMETRIC_REPRESENTATION_CONTEXT(2) 
PARAMETRIC_REPRESENTATION_CONTEXT() REPRESENTATION_CONTEXT('2D SPACE',''
  ) );
#6605 = PCURVE('',#268,#6606);
#6606 = DEFINITIONAL_REPRESENTATION('',(#6607),#6611);
#6607 = LINE('',#6608,#6609);
#6608 = CARTESIAN_POINT('',(0.,-2.));
#6609 = VECTOR('',#6610,1.);
#6610 = DIRECTION('',(1.,0.));
#6611 = ( GEOMETRIC_REPRESENTATION_CONTEXT(2) 
PARAMETRIC_REPRESENTATION_CONTEXT() REPRESENTATION_CONTEXT('2D SPACE',''
  ) );
#6612 = ORIENTED_EDGE('',*,*,#6613,.F.);
#6613 = EDGE_CURVE('',#6514,#6591,#6614,.T.);
#6614 = SURFACE_CURVE('',#6615,(#6619,#6625),.PCURVE_S1.);
#6615 = LINE('',#6616,#6617);
#6616 = CARTESIAN_POINT('',(-29.3,-30.,3.));
#6617 = VECTOR('',#6618,1.);
#6618 = DIRECTION('',(-1.,0.,0.));
#6619 = PCURVE('',#6529,#6620);
#6620 = DEFINITIONAL_REPRESENTATION('',(#6621),#6624);
#6621 = B_SPLINE_CURVE_WITH_KNOTS('',1,(#6622,#6623),.UNSPECIFIED.,.F.,
  .F.,(2,2),(-8.9,-5.7),.PIECEWISE_BEZIER_KNOTS.);
#6622 = CARTESIAN_POINT('',(5.,3.2));
#6623 = CARTESIAN_POINT('',(5.,0.));
#6624 = ( GEOMETRIC_REPRESENTATION_CONTEXT(2) 
PARAMETRIC_REPRESENTATION_CONTEXT() REPRESENTATION_CONTEXT('2D SPACE',''
  ) );
#6625 = PCURVE('',#102,#6626);
#6626 = DEFINITIONAL_REPRESENTATION('',(#6627),#6630);
#6627 = B_SPLINE_CURVE_WITH_KNOTS('',1,(#6628,#6629),.UNSPECIFIED.,.F.,
  .F.,(2,2),(-8.9,-5.7),.PIECEWISE_BEZIER_KNOTS.);
#6628 = CARTESIAN_POINT('',(14.6,2.));
#6629 = CARTESIAN_POINT('',(11.4,2.));
#6630 = ( GEOMETRIC_REPRESENTATION_CONTEXT(2) 
PARAMETRIC_REPRESENTATION_CONTEXT() REPRESENTATION_CONTEXT('2D SPACE',''
  ) );
#6631 = ADVANCED_FACE('',(#6632),#6501,.F.);
#6632 = FACE_BOUND('',#6633,.F.);
#6633 = EDGE_LOOP('',(#6634,#6657,#6658,#6659));
#6634 = ORIENTED_EDGE('',*,*,#6635,.F.);
#6635 = EDGE_CURVE('',#6570,#6636,#6638,.T.);
#6636 = VERTEX_POINT('',#6637);
#6637 = CARTESIAN_POINT('',(-23.6,-11.,1.1));
#6638 = SURFACE_CURVE('',#6639,(#6643,#6650),.PCURVE_S1.);
#6639 = LINE('',#6640,#6641);
#6640 = CARTESIAN_POINT('',(-23.6,-32.5,1.1));
#6641 = VECTOR('',#6642,1.);
#6642 = DIRECTION('',(0.,1.,0.));
#6643 = PCURVE('',#6501,#6644);
#6644 = DEFINITIONAL_REPRESENTATION('',(#6645),#6649);
#6645 = LINE('',#6646,#6647);
#6646 = CARTESIAN_POINT('',(0.,0.));
#6647 = VECTOR('',#6648,1.);
#6648 = DIRECTION('',(0.,1.));
#6649 = ( GEOMETRIC_REPRESENTATION_CONTEXT(2) 
PARAMETRIC_REPRESENTATION_CONTEXT() REPRESENTATION_CONTEXT('2D SPACE',''
  ) );
#6650 = PCURVE('',#268,#6651);
#6651 = DEFINITIONAL_REPRESENTATION('',(#6652),#6656);
#6652 = LINE('',#6653,#6654);
#6653 = CARTESIAN_POINT('',(3.1,0.5));
#6654 = VECTOR('',#6655,1.);
#6655 = DIRECTION('',(0.,-1.));
#6656 = ( GEOMETRIC_REPRESENTATION_CONTEXT(2) 
PARAMETRIC_REPRESENTATION_CONTEXT() REPRESENTATION_CONTEXT('2D SPACE',''
  ) );
#6657 = ORIENTED_EDGE('',*,*,#6569,.T.);
#6658 = ORIENTED_EDGE('',*,*,#6485,.T.);
#6659 = ORIENTED_EDGE('',*,*,#6660,.F.);
#6660 = EDGE_CURVE('',#6636,#6458,#6661,.T.);
#6661 = SURFACE_CURVE('',#6662,(#6666,#6672),.PCURVE_S1.);
#6662 = LINE('',#6663,#6664);
#6663 = CARTESIAN_POINT('',(-23.6,-11.,1.1));
#6664 = VECTOR('',#6665,1.);
#6665 = DIRECTION('',(1.,0.,0.));
#6666 = PCURVE('',#6501,#6667);
#6667 = DEFINITIONAL_REPRESENTATION('',(#6668),#6671);
#6668 = B_SPLINE_CURVE_WITH_KNOTS('',1,(#6669,#6670),.UNSPECIFIED.,.F.,
  .F.,(2,2),(0.,3.2),.PIECEWISE_BEZIER_KNOTS.);
#6669 = CARTESIAN_POINT('',(0.,21.5));
#6670 = CARTESIAN_POINT('',(3.2,21.5));
#6671 = ( GEOMETRIC_REPRESENTATION_CONTEXT(2) 
PARAMETRIC_REPRESENTATION_CONTEXT() REPRESENTATION_CONTEXT('2D SPACE',''
  ) );
#6672 = PCURVE('',#6473,#6673);
#6673 = DEFINITIONAL_REPRESENTATION('',(#6674),#6677);
#6674 = B_SPLINE_CURVE_WITH_KNOTS('',1,(#6675,#6676),.UNSPECIFIED.,.F.,
  .F.,(2,2),(0.,3.2),.PIECEWISE_BEZIER_KNOTS.);
#6675 = CARTESIAN_POINT('',(3.1,0.));
#6676 = CARTESIAN_POINT('',(3.1,3.2));
#6677 = ( GEOMETRIC_REPRESENTATION_CONTEXT(2) 
PARAMETRIC_REPRESENTATION_CONTEXT() REPRESENTATION_CONTEXT('2D SPACE',''
  ) );
#6678 = ADVANCED_FACE('',(#6679),#6473,.T.);
#6679 = FACE_BOUND('',#6680,.T.);
#6680 = EDGE_LOOP('',(#6681,#6682,#6683,#6706));
#6681 = ORIENTED_EDGE('',*,*,#6457,.F.);
#6682 = ORIENTED_EDGE('',*,*,#6660,.F.);
#6683 = ORIENTED_EDGE('',*,*,#6684,.T.);
#6684 = EDGE_CURVE('',#6636,#6685,#6687,.T.);
#6685 = VERTEX_POINT('',#6686);
#6686 = CARTESIAN_POINT('',(-23.6,-11.,3.));
#6687 = SURFACE_CURVE('',#6688,(#6692,#6699),.PCURVE_S1.);
#6688 = LINE('',#6689,#6690);
#6689 = CARTESIAN_POINT('',(-23.6,-11.,-2.));
#6690 = VECTOR('',#6691,1.);
#6691 = DIRECTION('',(0.,0.,1.));
#6692 = PCURVE('',#6473,#6693);
#6693 = DEFINITIONAL_REPRESENTATION('',(#6694),#6698);
#6694 = LINE('',#6695,#6696);
#6695 = CARTESIAN_POINT('',(0.,0.));
#6696 = VECTOR('',#6697,1.);
#6697 = DIRECTION('',(1.,0.));
#6698 = ( GEOMETRIC_REPRESENTATION_CONTEXT(2) 
PARAMETRIC_REPRESENTATION_CONTEXT() REPRESENTATION_CONTEXT('2D SPACE',''
  ) );
#6699 = PCURVE('',#268,#6700);
#6700 = DEFINITIONAL_REPRESENTATION('',(#6701),#6705);
#6701 = LINE('',#6702,#6703);
#6702 = CARTESIAN_POINT('',(0.,-21.));
#6703 = VECTOR('',#6704,1.);
#6704 = DIRECTION('',(1.,0.));
#6705 = ( GEOMETRIC_REPRESENTATION_CONTEXT(2) 
PARAMETRIC_REPRESENTATION_CONTEXT() REPRESENTATION_CONTEXT('2D SPACE',''
  ) );
#6706 = ORIENTED_EDGE('',*,*,#6707,.F.);
#6707 = EDGE_CURVE('',#6436,#6685,#6708,.T.);
#6708 = SURFACE_CURVE('',#6709,(#6713,#6719),.PCURVE_S1.);
#6709 = LINE('',#6710,#6711);
#6710 = CARTESIAN_POINT('',(-29.3,-11.,3.));
#6711 = VECTOR('',#6712,1.);
#6712 = DIRECTION('',(-1.,0.,0.));
#6713 = PCURVE('',#6473,#6714);
#6714 = DEFINITIONAL_REPRESENTATION('',(#6715),#6718);
#6715 = B_SPLINE_CURVE_WITH_KNOTS('',1,(#6716,#6717),.UNSPECIFIED.,.F.,
  .F.,(2,2),(-8.9,-5.7),.PIECEWISE_BEZIER_KNOTS.);
#6716 = CARTESIAN_POINT('',(5.,3.2));
#6717 = CARTESIAN_POINT('',(5.,0.));
#6718 = ( GEOMETRIC_REPRESENTATION_CONTEXT(2) 
PARAMETRIC_REPRESENTATION_CONTEXT() REPRESENTATION_CONTEXT('2D SPACE',''
  ) );
#6719 = PCURVE('',#102,#6720);
#6720 = DEFINITIONAL_REPRESENTATION('',(#6721),#6724);
#6721 = B_SPLINE_CURVE_WITH_KNOTS('',1,(#6722,#6723),.UNSPECIFIED.,.F.,
  .F.,(2,2),(-8.9,-5.7),.PIECEWISE_BEZIER_KNOTS.);
#6722 = CARTESIAN_POINT('',(14.6,21.));
#6723 = CARTESIAN_POINT('',(11.4,21.));
#6724 = ( GEOMETRIC_REPRESENTATION_CONTEXT(2) 
PARAMETRIC_REPRESENTATION_CONTEXT() REPRESENTATION_CONTEXT('2D SPACE',''
  ) );
#6725 = ADVANCED_FACE('',(#6726),#6400,.F.);
#6726 = FACE_BOUND('',#6727,.F.);
#6727 = EDGE_LOOP('',(#6728,#6729,#6750,#6773));
#6728 = ORIENTED_EDGE('',*,*,#6384,.F.);
#6729 = ORIENTED_EDGE('',*,*,#6730,.F.);
#6730 = EDGE_CURVE('',#6731,#6357,#6733,.T.);
#6731 = VERTEX_POINT('',#6732);
#6732 = CARTESIAN_POINT('',(-23.6,-9.,1.1));
#6733 = SURFACE_CURVE('',#6734,(#6738,#6744),.PCURVE_S1.);
#6734 = LINE('',#6735,#6736);
#6735 = CARTESIAN_POINT('',(-23.6,-9.,1.1));
#6736 = VECTOR('',#6737,1.);
#6737 = DIRECTION('',(1.,0.,0.));
#6738 = PCURVE('',#6400,#6739);
#6739 = DEFINITIONAL_REPRESENTATION('',(#6740),#6743);
#6740 = B_SPLINE_CURVE_WITH_KNOTS('',1,(#6741,#6742),.UNSPECIFIED.,.F.,
  .F.,(2,2),(0.,3.2),.PIECEWISE_BEZIER_KNOTS.);
#6741 = CARTESIAN_POINT('',(3.1,0.));
#6742 = CARTESIAN_POINT('',(3.1,3.2));
#6743 = ( GEOMETRIC_REPRESENTATION_CONTEXT(2) 
PARAMETRIC_REPRESENTATION_CONTEXT() REPRESENTATION_CONTEXT('2D SPACE',''
  ) );
#6744 = PCURVE('',#6372,#6745);
#6745 = DEFINITIONAL_REPRESENTATION('',(#6746),#6749);
#6746 = B_SPLINE_CURVE_WITH_KNOTS('',1,(#6747,#6748),.UNSPECIFIED.,.F.,
  .F.,(2,2),(0.,3.2),.PIECEWISE_BEZIER_KNOTS.);
#6747 = CARTESIAN_POINT('',(0.,23.5));
#6748 = CARTESIAN_POINT('',(3.2,23.5));
#6749 = ( GEOMETRIC_REPRESENTATION_CONTEXT(2) 
PARAMETRIC_REPRESENTATION_CONTEXT() REPRESENTATION_CONTEXT('2D SPACE',''
  ) );
#6750 = ORIENTED_EDGE('',*,*,#6751,.T.);
#6751 = EDGE_CURVE('',#6731,#6752,#6754,.T.);
#6752 = VERTEX_POINT('',#6753);
#6753 = CARTESIAN_POINT('',(-23.6,-9.,3.));
#6754 = SURFACE_CURVE('',#6755,(#6759,#6766),.PCURVE_S1.);
#6755 = LINE('',#6756,#6757);
#6756 = CARTESIAN_POINT('',(-23.6,-9.,-2.));
#6757 = VECTOR('',#6758,1.);
#6758 = DIRECTION('',(0.,0.,1.));
#6759 = PCURVE('',#6400,#6760);
#6760 = DEFINITIONAL_REPRESENTATION('',(#6761),#6765);
#6761 = LINE('',#6762,#6763);
#6762 = CARTESIAN_POINT('',(0.,0.));
#6763 = VECTOR('',#6764,1.);
#6764 = DIRECTION('',(1.,0.));
#6765 = ( GEOMETRIC_REPRESENTATION_CONTEXT(2) 
PARAMETRIC_REPRESENTATION_CONTEXT() REPRESENTATION_CONTEXT('2D SPACE',''
  ) );
#6766 = PCURVE('',#268,#6767);
#6767 = DEFINITIONAL_REPRESENTATION('',(#6768),#6772);
#6768 = LINE('',#6769,#6770);
#6769 = CARTESIAN_POINT('',(0.,-23.));
#6770 = VECTOR('',#6771,1.);
#6771 = DIRECTION('',(1.,0.));
#6772 = ( GEOMETRIC_REPRESENTATION_CONTEXT(2) 
PARAMETRIC_REPRESENTATION_CONTEXT() REPRESENTATION_CONTEXT('2D SPACE',''
  ) );
#6773 = ORIENTED_EDGE('',*,*,#6774,.F.);
#6774 = EDGE_CURVE('',#6385,#6752,#6775,.T.);
#6775 = SURFACE_CURVE('',#6776,(#6780,#6786),.PCURVE_S1.);
#6776 = LINE('',#6777,#6778);
#6777 = CARTESIAN_POINT('',(-29.3,-9.,3.));
#6778 = VECTOR('',#6779,1.);
#6779 = DIRECTION('',(-1.,0.,0.));
#6780 = PCURVE('',#6400,#6781);
#6781 = DEFINITIONAL_REPRESENTATION('',(#6782),#6785);
#6782 = B_SPLINE_CURVE_WITH_KNOTS('',1,(#6783,#6784),.UNSPECIFIED.,.F.,
  .F.,(2,2),(-8.9,-5.7),.PIECEWISE_BEZIER_KNOTS.);
#6783 = CARTESIAN_POINT('',(5.,3.2));
#6784 = CARTESIAN_POINT('',(5.,0.));
#6785 = ( GEOMETRIC_REPRESENTATION_CONTEXT(2) 
PARAMETRIC_REPRESENTATION_CONTEXT() REPRESENTATION_CONTEXT('2D SPACE',''
  ) );
#6786 = PCURVE('',#102,#6787);
#6787 = DEFINITIONAL_REPRESENTATION('',(#6788),#6791);
#6788 = B_SPLINE_CURVE_WITH_KNOTS('',1,(#6789,#6790),.UNSPECIFIED.,.F.,
  .F.,(2,2),(-8.9,-5.7),.PIECEWISE_BEZIER_KNOTS.);
#6789 = CARTESIAN_POINT('',(14.6,23.));
#6790 = CARTESIAN_POINT('',(11.4,23.));
#6791 = ( GEOMETRIC_REPRESENTATION_CONTEXT(2) 
PARAMETRIC_REPRESENTATION_CONTEXT() REPRESENTATION_CONTEXT('2D SPACE',''
  ) );
#6792 = ADVANCED_FACE('',(#6793),#6372,.F.);
#6793 = FACE_BOUND('',#6794,.F.);
#6794 = EDGE_LOOP('',(#6795,#6818,#6819,#6820));
#6795 = ORIENTED_EDGE('',*,*,#6796,.F.);
#6796 = EDGE_CURVE('',#6731,#6797,#6799,.T.);
#6797 = VERTEX_POINT('',#6798);
#6798 = CARTESIAN_POINT('',(-23.6,-8.5,1.1));
#6799 = SURFACE_CURVE('',#6800,(#6804,#6811),.PCURVE_S1.);
#6800 = LINE('',#6801,#6802);
#6801 = CARTESIAN_POINT('',(-23.6,-32.5,1.1));
#6802 = VECTOR('',#6803,1.);
#6803 = DIRECTION('',(0.,1.,0.));
#6804 = PCURVE('',#6372,#6805);
#6805 = DEFINITIONAL_REPRESENTATION('',(#6806),#6810);
#6806 = LINE('',#6807,#6808);
#6807 = CARTESIAN_POINT('',(0.,0.));
#6808 = VECTOR('',#6809,1.);
#6809 = DIRECTION('',(0.,1.));
#6810 = ( GEOMETRIC_REPRESENTATION_CONTEXT(2) 
PARAMETRIC_REPRESENTATION_CONTEXT() REPRESENTATION_CONTEXT('2D SPACE',''
  ) );
#6811 = PCURVE('',#268,#6812);
#6812 = DEFINITIONAL_REPRESENTATION('',(#6813),#6817);
#6813 = LINE('',#6814,#6815);
#6814 = CARTESIAN_POINT('',(3.1,0.5));
#6815 = VECTOR('',#6816,1.);
#6816 = DIRECTION('',(0.,-1.));
#6817 = ( GEOMETRIC_REPRESENTATION_CONTEXT(2) 
PARAMETRIC_REPRESENTATION_CONTEXT() REPRESENTATION_CONTEXT('2D SPACE',''
  ) );
#6818 = ORIENTED_EDGE('',*,*,#6730,.T.);
#6819 = ORIENTED_EDGE('',*,*,#6356,.T.);
#6820 = ORIENTED_EDGE('',*,*,#6821,.F.);
#6821 = EDGE_CURVE('',#6797,#6334,#6822,.T.);
#6822 = SURFACE_CURVE('',#6823,(#6827,#6834),.PCURVE_S1.);
#6823 = LINE('',#6824,#6825);
#6824 = CARTESIAN_POINT('',(-23.6,-8.5,1.1));
#6825 = VECTOR('',#6826,1.);
#6826 = DIRECTION('',(1.,0.,0.));
#6827 = PCURVE('',#6372,#6828);
#6828 = DEFINITIONAL_REPRESENTATION('',(#6829),#6833);
#6829 = LINE('',#6830,#6831);
#6830 = CARTESIAN_POINT('',(0.,24.));
#6831 = VECTOR('',#6832,1.);
#6832 = DIRECTION('',(1.,0.));
#6833 = ( GEOMETRIC_REPRESENTATION_CONTEXT(2) 
PARAMETRIC_REPRESENTATION_CONTEXT() REPRESENTATION_CONTEXT('2D SPACE',''
  ) );
#6834 = PCURVE('',#295,#6835);
#6835 = DEFINITIONAL_REPRESENTATION('',(#6836),#6840);
#6836 = LINE('',#6837,#6838);
#6837 = CARTESIAN_POINT('',(1.2,0.));
#6838 = VECTOR('',#6839,1.);
#6839 = DIRECTION('',(0.,1.));
#6840 = ( GEOMETRIC_REPRESENTATION_CONTEXT(2) 
PARAMETRIC_REPRESENTATION_CONTEXT() REPRESENTATION_CONTEXT('2D SPACE',''
  ) );
#6841 = ADVANCED_FACE('',(#6842),#295,.F.);
#6842 = FACE_BOUND('',#6843,.F.);
#6843 = EDGE_LOOP('',(#6844,#6845,#6846,#6867));
#6844 = ORIENTED_EDGE('',*,*,#6333,.F.);
#6845 = ORIENTED_EDGE('',*,*,#280,.T.);
#6846 = ORIENTED_EDGE('',*,*,#6847,.T.);
#6847 = EDGE_CURVE('',#253,#6797,#6848,.T.);
#6848 = SURFACE_CURVE('',#6849,(#6853,#6860),.PCURVE_S1.);
#6849 = LINE('',#6850,#6851);
#6850 = CARTESIAN_POINT('',(-23.6,-8.5,-1.E-01));
#6851 = VECTOR('',#6852,1.);
#6852 = DIRECTION('',(0.,0.,1.));
#6853 = PCURVE('',#295,#6854);
#6854 = DEFINITIONAL_REPRESENTATION('',(#6855),#6859);
#6855 = LINE('',#6856,#6857);
#6856 = CARTESIAN_POINT('',(0.,0.));
#6857 = VECTOR('',#6858,1.);
#6858 = DIRECTION('',(1.,0.));
#6859 = ( GEOMETRIC_REPRESENTATION_CONTEXT(2) 
PARAMETRIC_REPRESENTATION_CONTEXT() REPRESENTATION_CONTEXT('2D SPACE',''
  ) );
#6860 = PCURVE('',#268,#6861);
#6861 = DEFINITIONAL_REPRESENTATION('',(#6862),#6866);
#6862 = LINE('',#6863,#6864);
#6863 = CARTESIAN_POINT('',(1.9,-23.5));
#6864 = VECTOR('',#6865,1.);
#6865 = DIRECTION('',(1.,0.));
#6866 = ( GEOMETRIC_REPRESENTATION_CONTEXT(2) 
PARAMETRIC_REPRESENTATION_CONTEXT() REPRESENTATION_CONTEXT('2D SPACE',''
  ) );
#6867 = ORIENTED_EDGE('',*,*,#6821,.T.);
#6868 = ADVANCED_FACE('',(#6869),#268,.T.);
#6869 = FACE_BOUND('',#6870,.T.);
#6870 = EDGE_LOOP('',(#6871,#6894,#6895,#6896,#6897,#6898,#6920,#6947,
    #6974,#7001,#7021,#7022,#7023,#7024,#7046,#7073,#7100,#7127));
#6871 = ORIENTED_EDGE('',*,*,#6872,.F.);
#6872 = EDGE_CURVE('',#225,#6873,#6875,.T.);
#6873 = VERTEX_POINT('',#6874);
#6874 = CARTESIAN_POINT('',(-23.6,-32.,3.));
#6875 = SURFACE_CURVE('',#6876,(#6880,#6887),.PCURVE_S1.);
#6876 = LINE('',#6877,#6878);
#6877 = CARTESIAN_POINT('',(-23.6,-32.,0.));
#6878 = VECTOR('',#6879,1.);
#6879 = DIRECTION('',(0.,0.,1.));
#6880 = PCURVE('',#268,#6881);
#6881 = DEFINITIONAL_REPRESENTATION('',(#6882),#6886);
#6882 = LINE('',#6883,#6884);
#6883 = CARTESIAN_POINT('',(2.,0.));
#6884 = VECTOR('',#6885,1.);
#6885 = DIRECTION('',(1.,0.));
#6886 = ( GEOMETRIC_REPRESENTATION_CONTEXT(2) 
PARAMETRIC_REPRESENTATION_CONTEXT() REPRESENTATION_CONTEXT('2D SPACE',''
  ) );
#6887 = PCURVE('',#240,#6888);
#6888 = DEFINITIONAL_REPRESENTATION('',(#6889),#6893);
#6889 = LINE('',#6890,#6891);
#6890 = CARTESIAN_POINT('',(0.,11.4));
#6891 = VECTOR('',#6892,1.);
#6892 = DIRECTION('',(1.,0.));
#6893 = ( GEOMETRIC_REPRESENTATION_CONTEXT(2) 
PARAMETRIC_REPRESENTATION_CONTEXT() REPRESENTATION_CONTEXT('2D SPACE',''
  ) );
#6894 = ORIENTED_EDGE('',*,*,#252,.F.);
#6895 = ORIENTED_EDGE('',*,*,#6847,.T.);
#6896 = ORIENTED_EDGE('',*,*,#6796,.F.);
#6897 = ORIENTED_EDGE('',*,*,#6751,.T.);
#6898 = ORIENTED_EDGE('',*,*,#6899,.F.);
#6899 = EDGE_CURVE('',#6900,#6752,#6902,.T.);
#6900 = VERTEX_POINT('',#6901);
#6901 = CARTESIAN_POINT('',(-23.6,-9.3,3.));
#6902 = SURFACE_CURVE('',#6903,(#6907,#6914),.PCURVE_S1.);
#6903 = LINE('',#6904,#6905);
#6904 = CARTESIAN_POINT('',(-23.6,-21.5,3.));
#6905 = VECTOR('',#6906,1.);
#6906 = DIRECTION('',(0.,1.,0.));
#6907 = PCURVE('',#268,#6908);
#6908 = DEFINITIONAL_REPRESENTATION('',(#6909),#6913);
#6909 = LINE('',#6910,#6911);
#6910 = CARTESIAN_POINT('',(5.,-10.5));
#6911 = VECTOR('',#6912,1.);
#6912 = DIRECTION('',(0.,-1.));
#6913 = ( GEOMETRIC_REPRESENTATION_CONTEXT(2) 
PARAMETRIC_REPRESENTATION_CONTEXT() REPRESENTATION_CONTEXT('2D SPACE',''
  ) );
#6914 = PCURVE('',#102,#6915);
#6915 = DEFINITIONAL_REPRESENTATION('',(#6916),#6919);
#6916 = B_SPLINE_CURVE_WITH_KNOTS('',1,(#6917,#6918),.UNSPECIFIED.,.F.,
  .F.,(2,2),(10.5,12.5),.PIECEWISE_BEZIER_KNOTS.);
#6917 = CARTESIAN_POINT('',(11.4,21.));
#6918 = CARTESIAN_POINT('',(11.4,23.));
#6919 = ( GEOMETRIC_REPRESENTATION_CONTEXT(2) 
PARAMETRIC_REPRESENTATION_CONTEXT() REPRESENTATION_CONTEXT('2D SPACE',''
  ) );
#6920 = ORIENTED_EDGE('',*,*,#6921,.F.);
#6921 = EDGE_CURVE('',#6922,#6900,#6924,.T.);
#6922 = VERTEX_POINT('',#6923);
#6923 = CARTESIAN_POINT('',(-23.6,-9.3,5.));
#6924 = SURFACE_CURVE('',#6925,(#6929,#6936),.PCURVE_S1.);
#6925 = LINE('',#6926,#6927);
#6926 = CARTESIAN_POINT('',(-23.6,-9.3,0.5));
#6927 = VECTOR('',#6928,1.);
#6928 = DIRECTION('',(0.,0.,-1.));
#6929 = PCURVE('',#268,#6930);
#6930 = DEFINITIONAL_REPRESENTATION('',(#6931),#6935);
#6931 = LINE('',#6932,#6933);
#6932 = CARTESIAN_POINT('',(2.5,-22.7));
#6933 = VECTOR('',#6934,1.);
#6934 = DIRECTION('',(-1.,0.));
#6935 = ( GEOMETRIC_REPRESENTATION_CONTEXT(2) 
PARAMETRIC_REPRESENTATION_CONTEXT() REPRESENTATION_CONTEXT('2D SPACE',''
  ) );
#6936 = PCURVE('',#6937,#6942);
#6937 = PLANE('',#6938);
#6938 = AXIS2_PLACEMENT_3D('',#6939,#6940,#6941);
#6939 = CARTESIAN_POINT('',(-30.,-9.3,3.));
#6940 = DIRECTION('',(0.,1.,0.));
#6941 = DIRECTION('',(0.,0.,1.));
#6942 = DEFINITIONAL_REPRESENTATION('',(#6943),#6946);
#6943 = B_SPLINE_CURVE_WITH_KNOTS('',1,(#6944,#6945),.UNSPECIFIED.,.F.,
  .F.,(2,2),(-4.5,-2.5),.PIECEWISE_BEZIER_KNOTS.);
#6944 = CARTESIAN_POINT('',(2.,6.4));
#6945 = CARTESIAN_POINT('',(0.,6.4));
#6946 = ( GEOMETRIC_REPRESENTATION_CONTEXT(2) 
PARAMETRIC_REPRESENTATION_CONTEXT() REPRESENTATION_CONTEXT('2D SPACE',''
  ) );
#6947 = ORIENTED_EDGE('',*,*,#6948,.F.);
#6948 = EDGE_CURVE('',#6949,#6922,#6951,.T.);
#6949 = VERTEX_POINT('',#6950);
#6950 = CARTESIAN_POINT('',(-23.6,-10.7,5.));
#6951 = SURFACE_CURVE('',#6952,(#6956,#6963),.PCURVE_S1.);
#6952 = LINE('',#6953,#6954);
#6953 = CARTESIAN_POINT('',(-23.6,-10.85,5.));
#6954 = VECTOR('',#6955,1.);
#6955 = DIRECTION('',(0.,1.,0.));
#6956 = PCURVE('',#268,#6957);
#6957 = DEFINITIONAL_REPRESENTATION('',(#6958),#6962);
#6958 = LINE('',#6959,#6960);
#6959 = CARTESIAN_POINT('',(7.,-21.15));
#6960 = VECTOR('',#6961,1.);
#6961 = DIRECTION('',(0.,-1.));
#6962 = ( GEOMETRIC_REPRESENTATION_CONTEXT(2) 
PARAMETRIC_REPRESENTATION_CONTEXT() REPRESENTATION_CONTEXT('2D SPACE',''
  ) );
#6963 = PCURVE('',#6964,#6969);
#6964 = PLANE('',#6965);
#6965 = AXIS2_PLACEMENT_3D('',#6966,#6967,#6968);
#6966 = CARTESIAN_POINT('',(-30.,-10.7,5.));
#6967 = DIRECTION('',(0.,0.,1.));
#6968 = DIRECTION('',(1.,0.,0.));
#6969 = DEFINITIONAL_REPRESENTATION('',(#6970),#6973);
#6970 = B_SPLINE_CURVE_WITH_KNOTS('',1,(#6971,#6972),.UNSPECIFIED.,.F.,
  .F.,(2,2),(0.15,1.55),.PIECEWISE_BEZIER_KNOTS.);
#6971 = CARTESIAN_POINT('',(6.4,0.));
#6972 = CARTESIAN_POINT('',(6.4,1.4));
#6973 = ( GEOMETRIC_REPRESENTATION_CONTEXT(2) 
PARAMETRIC_REPRESENTATION_CONTEXT() REPRESENTATION_CONTEXT('2D SPACE',''
  ) );
#6974 = ORIENTED_EDGE('',*,*,#6975,.T.);
#6975 = EDGE_CURVE('',#6949,#6976,#6978,.T.);
#6976 = VERTEX_POINT('',#6977);
#6977 = CARTESIAN_POINT('',(-23.6,-10.7,3.));
#6978 = SURFACE_CURVE('',#6979,(#6983,#6990),.PCURVE_S1.);
#6979 = LINE('',#6980,#6981);
#6980 = CARTESIAN_POINT('',(-23.6,-10.7,0.5));
#6981 = VECTOR('',#6982,1.);
#6982 = DIRECTION('',(0.,0.,-1.));
#6983 = PCURVE('',#268,#6984);
#6984 = DEFINITIONAL_REPRESENTATION('',(#6985),#6989);
#6985 = LINE('',#6986,#6987);
#6986 = CARTESIAN_POINT('',(2.5,-21.3));
#6987 = VECTOR('',#6988,1.);
#6988 = DIRECTION('',(-1.,0.));
#6989 = ( GEOMETRIC_REPRESENTATION_CONTEXT(2) 
PARAMETRIC_REPRESENTATION_CONTEXT() REPRESENTATION_CONTEXT('2D SPACE',''
  ) );
#6990 = PCURVE('',#6991,#6996);
#6991 = PLANE('',#6992);
#6992 = AXIS2_PLACEMENT_3D('',#6993,#6994,#6995);
#6993 = CARTESIAN_POINT('',(-30.,-10.7,3.));
#6994 = DIRECTION('',(0.,1.,0.));
#6995 = DIRECTION('',(0.,0.,1.));
#6996 = DEFINITIONAL_REPRESENTATION('',(#6997),#7000);
#6997 = B_SPLINE_CURVE_WITH_KNOTS('',1,(#6998,#6999),.UNSPECIFIED.,.F.,
  .F.,(2,2),(-4.5,-2.5),.PIECEWISE_BEZIER_KNOTS.);
#6998 = CARTESIAN_POINT('',(2.,6.4));
#6999 = CARTESIAN_POINT('',(0.,6.4));
#7000 = ( GEOMETRIC_REPRESENTATION_CONTEXT(2) 
PARAMETRIC_REPRESENTATION_CONTEXT() REPRESENTATION_CONTEXT('2D SPACE',''
  ) );
#7001 = ORIENTED_EDGE('',*,*,#7002,.F.);
#7002 = EDGE_CURVE('',#6685,#6976,#7003,.T.);
#7003 = SURFACE_CURVE('',#7004,(#7008,#7015),.PCURVE_S1.);
#7004 = LINE('',#7005,#7006);
#7005 = CARTESIAN_POINT('',(-23.6,-21.5,3.));
#7006 = VECTOR('',#7007,1.);
#7007 = DIRECTION('',(0.,1.,0.));
#7008 = PCURVE('',#268,#7009);
#7009 = DEFINITIONAL_REPRESENTATION('',(#7010),#7014);
#7010 = LINE('',#7011,#7012);
#7011 = CARTESIAN_POINT('',(5.,-10.5));
#7012 = VECTOR('',#7013,1.);
#7013 = DIRECTION('',(0.,-1.));
#7014 = ( GEOMETRIC_REPRESENTATION_CONTEXT(2) 
PARAMETRIC_REPRESENTATION_CONTEXT() REPRESENTATION_CONTEXT('2D SPACE',''
  ) );
#7015 = PCURVE('',#102,#7016);
#7016 = DEFINITIONAL_REPRESENTATION('',(#7017),#7020);
#7017 = B_SPLINE_CURVE_WITH_KNOTS('',1,(#7018,#7019),.UNSPECIFIED.,.F.,
  .F.,(2,2),(10.5,12.5),.PIECEWISE_BEZIER_KNOTS.);
#7018 = CARTESIAN_POINT('',(11.4,21.));
#7019 = CARTESIAN_POINT('',(11.4,23.));
#7020 = ( GEOMETRIC_REPRESENTATION_CONTEXT(2) 
PARAMETRIC_REPRESENTATION_CONTEXT() REPRESENTATION_CONTEXT('2D SPACE',''
  ) );
#7021 = ORIENTED_EDGE('',*,*,#6684,.F.);
#7022 = ORIENTED_EDGE('',*,*,#6635,.F.);
#7023 = ORIENTED_EDGE('',*,*,#6590,.T.);
#7024 = ORIENTED_EDGE('',*,*,#7025,.F.);
#7025 = EDGE_CURVE('',#7026,#6591,#7028,.T.);
#7026 = VERTEX_POINT('',#7027);
#7027 = CARTESIAN_POINT('',(-23.6,-30.3,3.));
#7028 = SURFACE_CURVE('',#7029,(#7033,#7040),.PCURVE_S1.);
#7029 = LINE('',#7030,#7031);
#7030 = CARTESIAN_POINT('',(-23.6,-32.,3.));
#7031 = VECTOR('',#7032,1.);
#7032 = DIRECTION('',(0.,1.,0.));
#7033 = PCURVE('',#268,#7034);
#7034 = DEFINITIONAL_REPRESENTATION('',(#7035),#7039);
#7035 = LINE('',#7036,#7037);
#7036 = CARTESIAN_POINT('',(5.,0.));
#7037 = VECTOR('',#7038,1.);
#7038 = DIRECTION('',(0.,-1.));
#7039 = ( GEOMETRIC_REPRESENTATION_CONTEXT(2) 
PARAMETRIC_REPRESENTATION_CONTEXT() REPRESENTATION_CONTEXT('2D SPACE',''
  ) );
#7040 = PCURVE('',#102,#7041);
#7041 = DEFINITIONAL_REPRESENTATION('',(#7042),#7045);
#7042 = B_SPLINE_CURVE_WITH_KNOTS('',1,(#7043,#7044),.UNSPECIFIED.,.F.,
  .F.,(2,2),(0.,2.),.PIECEWISE_BEZIER_KNOTS.);
#7043 = CARTESIAN_POINT('',(11.4,0.));
#7044 = CARTESIAN_POINT('',(11.4,2.));
#7045 = ( GEOMETRIC_REPRESENTATION_CONTEXT(2) 
PARAMETRIC_REPRESENTATION_CONTEXT() REPRESENTATION_CONTEXT('2D SPACE',''
  ) );
#7046 = ORIENTED_EDGE('',*,*,#7047,.F.);
#7047 = EDGE_CURVE('',#7048,#7026,#7050,.T.);
#7048 = VERTEX_POINT('',#7049);
#7049 = CARTESIAN_POINT('',(-23.6,-30.3,5.));
#7050 = SURFACE_CURVE('',#7051,(#7055,#7062),.PCURVE_S1.);
#7051 = LINE('',#7052,#7053);
#7052 = CARTESIAN_POINT('',(-23.6,-30.3,0.5));
#7053 = VECTOR('',#7054,1.);
#7054 = DIRECTION('',(0.,0.,-1.));
#7055 = PCURVE('',#268,#7056);
#7056 = DEFINITIONAL_REPRESENTATION('',(#7057),#7061);
#7057 = LINE('',#7058,#7059);
#7058 = CARTESIAN_POINT('',(2.5,-1.7));
#7059 = VECTOR('',#7060,1.);
#7060 = DIRECTION('',(-1.,0.));
#7061 = ( GEOMETRIC_REPRESENTATION_CONTEXT(2) 
PARAMETRIC_REPRESENTATION_CONTEXT() REPRESENTATION_CONTEXT('2D SPACE',''
  ) );
#7062 = PCURVE('',#7063,#7068);
#7063 = PLANE('',#7064);
#7064 = AXIS2_PLACEMENT_3D('',#7065,#7066,#7067);
#7065 = CARTESIAN_POINT('',(-30.,-30.3,3.));
#7066 = DIRECTION('',(0.,1.,0.));
#7067 = DIRECTION('',(0.,0.,1.));
#7068 = DEFINITIONAL_REPRESENTATION('',(#7069),#7072);
#7069 = B_SPLINE_CURVE_WITH_KNOTS('',1,(#7070,#7071),.UNSPECIFIED.,.F.,
  .F.,(2,2),(-4.5,-2.5),.PIECEWISE_BEZIER_KNOTS.);
#7070 = CARTESIAN_POINT('',(2.,6.4));
#7071 = CARTESIAN_POINT('',(0.,6.4));
#7072 = ( GEOMETRIC_REPRESENTATION_CONTEXT(2) 
PARAMETRIC_REPRESENTATION_CONTEXT() REPRESENTATION_CONTEXT('2D SPACE',''
  ) );
#7073 = ORIENTED_EDGE('',*,*,#7074,.F.);
#7074 = EDGE_CURVE('',#7075,#7048,#7077,.T.);
#7075 = VERTEX_POINT('',#7076);
#7076 = CARTESIAN_POINT('',(-23.6,-31.7,5.));
#7077 = SURFACE_CURVE('',#7078,(#7082,#7089),.PCURVE_S1.);
#7078 = LINE('',#7079,#7080);
#7079 = CARTESIAN_POINT('',(-23.6,-31.85,5.));
#7080 = VECTOR('',#7081,1.);
#7081 = DIRECTION('',(0.,1.,0.));
#7082 = PCURVE('',#268,#7083);
#7083 = DEFINITIONAL_REPRESENTATION('',(#7084),#7088);
#7084 = LINE('',#7085,#7086);
#7085 = CARTESIAN_POINT('',(7.,-0.15));
#7086 = VECTOR('',#7087,1.);
#7087 = DIRECTION('',(0.,-1.));
#7088 = ( GEOMETRIC_REPRESENTATION_CONTEXT(2) 
PARAMETRIC_REPRESENTATION_CONTEXT() REPRESENTATION_CONTEXT('2D SPACE',''
  ) );
#7089 = PCURVE('',#7090,#7095);
#7090 = PLANE('',#7091);
#7091 = AXIS2_PLACEMENT_3D('',#7092,#7093,#7094);
#7092 = CARTESIAN_POINT('',(-30.,-31.7,5.));
#7093 = DIRECTION('',(0.,0.,1.));
#7094 = DIRECTION('',(1.,0.,0.));
#7095 = DEFINITIONAL_REPRESENTATION('',(#7096),#7099);
#7096 = B_SPLINE_CURVE_WITH_KNOTS('',1,(#7097,#7098),.UNSPECIFIED.,.F.,
  .F.,(2,2),(0.15,1.55),.PIECEWISE_BEZIER_KNOTS.);
#7097 = CARTESIAN_POINT('',(6.4,0.));
#7098 = CARTESIAN_POINT('',(6.4,1.4));
#7099 = ( GEOMETRIC_REPRESENTATION_CONTEXT(2) 
PARAMETRIC_REPRESENTATION_CONTEXT() REPRESENTATION_CONTEXT('2D SPACE',''
  ) );
#7100 = ORIENTED_EDGE('',*,*,#7101,.T.);
#7101 = EDGE_CURVE('',#7075,#7102,#7104,.T.);
#7102 = VERTEX_POINT('',#7103);
#7103 = CARTESIAN_POINT('',(-23.6,-31.7,3.));
#7104 = SURFACE_CURVE('',#7105,(#7109,#7116),.PCURVE_S1.);
#7105 = LINE('',#7106,#7107);
#7106 = CARTESIAN_POINT('',(-23.6,-31.7,0.5));
#7107 = VECTOR('',#7108,1.);
#7108 = DIRECTION('',(0.,0.,-1.));
#7109 = PCURVE('',#268,#7110);
#7110 = DEFINITIONAL_REPRESENTATION('',(#7111),#7115);
#7111 = LINE('',#7112,#7113);
#7112 = CARTESIAN_POINT('',(2.5,-0.3));
#7113 = VECTOR('',#7114,1.);
#7114 = DIRECTION('',(-1.,0.));
#7115 = ( GEOMETRIC_REPRESENTATION_CONTEXT(2) 
PARAMETRIC_REPRESENTATION_CONTEXT() REPRESENTATION_CONTEXT('2D SPACE',''
  ) );
#7116 = PCURVE('',#7117,#7122);
#7117 = PLANE('',#7118);
#7118 = AXIS2_PLACEMENT_3D('',#7119,#7120,#7121);
#7119 = CARTESIAN_POINT('',(-30.,-31.7,3.));
#7120 = DIRECTION('',(0.,1.,0.));
#7121 = DIRECTION('',(0.,0.,1.));
#7122 = DEFINITIONAL_REPRESENTATION('',(#7123),#7126);
#7123 = B_SPLINE_CURVE_WITH_KNOTS('',1,(#7124,#7125),.UNSPECIFIED.,.F.,
  .F.,(2,2),(-4.5,-2.5),.PIECEWISE_BEZIER_KNOTS.);
#7124 = CARTESIAN_POINT('',(2.,6.4));
#7125 = CARTESIAN_POINT('',(0.,6.4));
#7126 = ( GEOMETRIC_REPRESENTATION_CONTEXT(2) 
PARAMETRIC_REPRESENTATION_CONTEXT() REPRESENTATION_CONTEXT('2D SPACE',''
  ) );
#7127 = ORIENTED_EDGE('',*,*,#7128,.F.);
#7128 = EDGE_CURVE('',#6873,#7102,#7129,.T.);
#7129 = SURFACE_CURVE('',#7130,(#7134,#7141),.PCURVE_S1.);
#7130 = LINE('',#7131,#7132);
#7131 = CARTESIAN_POINT('',(-23.6,-32.,3.));
#7132 = VECTOR('',#7133,1.);
#7133 = DIRECTION('',(0.,1.,0.));
#7134 = PCURVE('',#268,#7135);
#7135 = DEFINITIONAL_REPRESENTATION('',(#7136),#7140);
#7136 = LINE('',#7137,#7138);
#7137 = CARTESIAN_POINT('',(5.,0.));
#7138 = VECTOR('',#7139,1.);
#7139 = DIRECTION('',(0.,-1.));
#7140 = ( GEOMETRIC_REPRESENTATION_CONTEXT(2) 
PARAMETRIC_REPRESENTATION_CONTEXT() REPRESENTATION_CONTEXT('2D SPACE',''
  ) );
#7141 = PCURVE('',#102,#7142);
#7142 = DEFINITIONAL_REPRESENTATION('',(#7143),#7146);
#7143 = B_SPLINE_CURVE_WITH_KNOTS('',1,(#7144,#7145),.UNSPECIFIED.,.F.,
  .F.,(2,2),(0.,2.),.PIECEWISE_BEZIER_KNOTS.);
#7144 = CARTESIAN_POINT('',(11.4,0.));
#7145 = CARTESIAN_POINT('',(11.4,2.));
#7146 = ( GEOMETRIC_REPRESENTATION_CONTEXT(2) 
PARAMETRIC_REPRESENTATION_CONTEXT() REPRESENTATION_CONTEXT('2D SPACE',''
  ) );
#7147 = ADVANCED_FACE('',(#7148),#7117,.F.);
#7148 = FACE_BOUND('',#7149,.F.);
#7149 = EDGE_LOOP('',(#7150,#7173,#7201,#7222));
#7150 = ORIENTED_EDGE('',*,*,#7151,.F.);
#7151 = EDGE_CURVE('',#7152,#7102,#7154,.T.);
#7152 = VERTEX_POINT('',#7153);
#7153 = CARTESIAN_POINT('',(-30.,-31.7,3.));
#7154 = SURFACE_CURVE('',#7155,(#7159,#7166),.PCURVE_S1.);
#7155 = LINE('',#7156,#7157);
#7156 = CARTESIAN_POINT('',(-30.,-31.7,3.));
#7157 = VECTOR('',#7158,1.);
#7158 = DIRECTION('',(1.,0.,0.));
#7159 = PCURVE('',#7117,#7160);
#7160 = DEFINITIONAL_REPRESENTATION('',(#7161),#7165);
#7161 = LINE('',#7162,#7163);
#7162 = CARTESIAN_POINT('',(0.,0.));
#7163 = VECTOR('',#7164,1.);
#7164 = DIRECTION('',(0.,1.));
#7165 = ( GEOMETRIC_REPRESENTATION_CONTEXT(2) 
PARAMETRIC_REPRESENTATION_CONTEXT() REPRESENTATION_CONTEXT('2D SPACE',''
  ) );
#7166 = PCURVE('',#102,#7167);
#7167 = DEFINITIONAL_REPRESENTATION('',(#7168),#7172);
#7168 = LINE('',#7169,#7170);
#7169 = CARTESIAN_POINT('',(5.,0.3));
#7170 = VECTOR('',#7171,1.);
#7171 = DIRECTION('',(1.,0.));
#7172 = ( GEOMETRIC_REPRESENTATION_CONTEXT(2) 
PARAMETRIC_REPRESENTATION_CONTEXT() REPRESENTATION_CONTEXT('2D SPACE',''
  ) );
#7173 = ORIENTED_EDGE('',*,*,#7174,.T.);
#7174 = EDGE_CURVE('',#7152,#7175,#7177,.T.);
#7175 = VERTEX_POINT('',#7176);
#7176 = CARTESIAN_POINT('',(-30.,-31.7,5.));
#7177 = SURFACE_CURVE('',#7178,(#7182,#7189),.PCURVE_S1.);
#7178 = LINE('',#7179,#7180);
#7179 = CARTESIAN_POINT('',(-30.,-31.7,3.));
#7180 = VECTOR('',#7181,1.);
#7181 = DIRECTION('',(0.,0.,1.));
#7182 = PCURVE('',#7117,#7183);
#7183 = DEFINITIONAL_REPRESENTATION('',(#7184),#7188);
#7184 = LINE('',#7185,#7186);
#7185 = CARTESIAN_POINT('',(0.,0.));
#7186 = VECTOR('',#7187,1.);
#7187 = DIRECTION('',(1.,0.));
#7188 = ( GEOMETRIC_REPRESENTATION_CONTEXT(2) 
PARAMETRIC_REPRESENTATION_CONTEXT() REPRESENTATION_CONTEXT('2D SPACE',''
  ) );
#7189 = PCURVE('',#7190,#7195);
#7190 = PLANE('',#7191);
#7191 = AXIS2_PLACEMENT_3D('',#7192,#7193,#7194);
#7192 = CARTESIAN_POINT('',(-30.,-31.7,3.));
#7193 = DIRECTION('',(1.,0.,0.));
#7194 = DIRECTION('',(0.,0.,1.));
#7195 = DEFINITIONAL_REPRESENTATION('',(#7196),#7200);
#7196 = LINE('',#7197,#7198);
#7197 = CARTESIAN_POINT('',(0.,0.));
#7198 = VECTOR('',#7199,1.);
#7199 = DIRECTION('',(1.,0.));
#7200 = ( GEOMETRIC_REPRESENTATION_CONTEXT(2) 
PARAMETRIC_REPRESENTATION_CONTEXT() REPRESENTATION_CONTEXT('2D SPACE',''
  ) );
#7201 = ORIENTED_EDGE('',*,*,#7202,.T.);
#7202 = EDGE_CURVE('',#7175,#7075,#7203,.T.);
#7203 = SURFACE_CURVE('',#7204,(#7208,#7215),.PCURVE_S1.);
#7204 = LINE('',#7205,#7206);
#7205 = CARTESIAN_POINT('',(-30.,-31.7,5.));
#7206 = VECTOR('',#7207,1.);
#7207 = DIRECTION('',(1.,0.,0.));
#7208 = PCURVE('',#7117,#7209);
#7209 = DEFINITIONAL_REPRESENTATION('',(#7210),#7214);
#7210 = LINE('',#7211,#7212);
#7211 = CARTESIAN_POINT('',(2.,0.));
#7212 = VECTOR('',#7213,1.);
#7213 = DIRECTION('',(0.,1.));
#7214 = ( GEOMETRIC_REPRESENTATION_CONTEXT(2) 
PARAMETRIC_REPRESENTATION_CONTEXT() REPRESENTATION_CONTEXT('2D SPACE',''
  ) );
#7215 = PCURVE('',#7090,#7216);
#7216 = DEFINITIONAL_REPRESENTATION('',(#7217),#7221);
#7217 = LINE('',#7218,#7219);
#7218 = CARTESIAN_POINT('',(0.,0.));
#7219 = VECTOR('',#7220,1.);
#7220 = DIRECTION('',(1.,0.));
#7221 = ( GEOMETRIC_REPRESENTATION_CONTEXT(2) 
PARAMETRIC_REPRESENTATION_CONTEXT() REPRESENTATION_CONTEXT('2D SPACE',''
  ) );
#7222 = ORIENTED_EDGE('',*,*,#7101,.T.);
#7223 = ADVANCED_FACE('',(#7224),#7190,.F.);
#7224 = FACE_BOUND('',#7225,.F.);
#7225 = EDGE_LOOP('',(#7226,#7227,#7250,#7273));
#7226 = ORIENTED_EDGE('',*,*,#7174,.F.);
#7227 = ORIENTED_EDGE('',*,*,#7228,.T.);
#7228 = EDGE_CURVE('',#7152,#7229,#7231,.T.);
#7229 = VERTEX_POINT('',#7230);
#7230 = CARTESIAN_POINT('',(-30.,-30.3,3.));
#7231 = SURFACE_CURVE('',#7232,(#7236,#7243),.PCURVE_S1.);
#7232 = LINE('',#7233,#7234);
#7233 = CARTESIAN_POINT('',(-30.,-31.7,3.));
#7234 = VECTOR('',#7235,1.);
#7235 = DIRECTION('',(0.,1.,0.));
#7236 = PCURVE('',#7190,#7237);
#7237 = DEFINITIONAL_REPRESENTATION('',(#7238),#7242);
#7238 = LINE('',#7239,#7240);
#7239 = CARTESIAN_POINT('',(0.,0.));
#7240 = VECTOR('',#7241,1.);
#7241 = DIRECTION('',(0.,-1.));
#7242 = ( GEOMETRIC_REPRESENTATION_CONTEXT(2) 
PARAMETRIC_REPRESENTATION_CONTEXT() REPRESENTATION_CONTEXT('2D SPACE',''
  ) );
#7243 = PCURVE('',#102,#7244);
#7244 = DEFINITIONAL_REPRESENTATION('',(#7245),#7249);
#7245 = LINE('',#7246,#7247);
#7246 = CARTESIAN_POINT('',(5.,0.3));
#7247 = VECTOR('',#7248,1.);
#7248 = DIRECTION('',(0.,1.));
#7249 = ( GEOMETRIC_REPRESENTATION_CONTEXT(2) 
PARAMETRIC_REPRESENTATION_CONTEXT() REPRESENTATION_CONTEXT('2D SPACE',''
  ) );
#7250 = ORIENTED_EDGE('',*,*,#7251,.T.);
#7251 = EDGE_CURVE('',#7229,#7252,#7254,.T.);
#7252 = VERTEX_POINT('',#7253);
#7253 = CARTESIAN_POINT('',(-30.,-30.3,5.));
#7254 = SURFACE_CURVE('',#7255,(#7259,#7266),.PCURVE_S1.);
#7255 = LINE('',#7256,#7257);
#7256 = CARTESIAN_POINT('',(-30.,-30.3,3.));
#7257 = VECTOR('',#7258,1.);
#7258 = DIRECTION('',(0.,0.,1.));
#7259 = PCURVE('',#7190,#7260);
#7260 = DEFINITIONAL_REPRESENTATION('',(#7261),#7265);
#7261 = LINE('',#7262,#7263);
#7262 = CARTESIAN_POINT('',(0.,-1.4));
#7263 = VECTOR('',#7264,1.);
#7264 = DIRECTION('',(1.,0.));
#7265 = ( GEOMETRIC_REPRESENTATION_CONTEXT(2) 
PARAMETRIC_REPRESENTATION_CONTEXT() REPRESENTATION_CONTEXT('2D SPACE',''
  ) );
#7266 = PCURVE('',#7063,#7267);
#7267 = DEFINITIONAL_REPRESENTATION('',(#7268),#7272);
#7268 = LINE('',#7269,#7270);
#7269 = CARTESIAN_POINT('',(0.,0.));
#7270 = VECTOR('',#7271,1.);
#7271 = DIRECTION('',(1.,0.));
#7272 = ( GEOMETRIC_REPRESENTATION_CONTEXT(2) 
PARAMETRIC_REPRESENTATION_CONTEXT() REPRESENTATION_CONTEXT('2D SPACE',''
  ) );
#7273 = ORIENTED_EDGE('',*,*,#7274,.F.);
#7274 = EDGE_CURVE('',#7175,#7252,#7275,.T.);
#7275 = SURFACE_CURVE('',#7276,(#7280,#7287),.PCURVE_S1.);
#7276 = LINE('',#7277,#7278);
#7277 = CARTESIAN_POINT('',(-30.,-31.7,5.));
#7278 = VECTOR('',#7279,1.);
#7279 = DIRECTION('',(0.,1.,0.));
#7280 = PCURVE('',#7190,#7281);
#7281 = DEFINITIONAL_REPRESENTATION('',(#7282),#7286);
#7282 = LINE('',#7283,#7284);
#7283 = CARTESIAN_POINT('',(2.,0.));
#7284 = VECTOR('',#7285,1.);
#7285 = DIRECTION('',(0.,-1.));
#7286 = ( GEOMETRIC_REPRESENTATION_CONTEXT(2) 
PARAMETRIC_REPRESENTATION_CONTEXT() REPRESENTATION_CONTEXT('2D SPACE',''
  ) );
#7287 = PCURVE('',#7090,#7288);
#7288 = DEFINITIONAL_REPRESENTATION('',(#7289),#7293);
#7289 = LINE('',#7290,#7291);
#7290 = CARTESIAN_POINT('',(0.,0.));
#7291 = VECTOR('',#7292,1.);
#7292 = DIRECTION('',(0.,1.));
#7293 = ( GEOMETRIC_REPRESENTATION_CONTEXT(2) 
PARAMETRIC_REPRESENTATION_CONTEXT() REPRESENTATION_CONTEXT('2D SPACE',''
  ) );
#7294 = ADVANCED_FACE('',(#7295),#7090,.T.);
#7295 = FACE_BOUND('',#7296,.T.);
#7296 = EDGE_LOOP('',(#7297,#7318,#7319,#7320));
#7297 = ORIENTED_EDGE('',*,*,#7298,.F.);
#7298 = EDGE_CURVE('',#7252,#7048,#7299,.T.);
#7299 = SURFACE_CURVE('',#7300,(#7304,#7311),.PCURVE_S1.);
#7300 = LINE('',#7301,#7302);
#7301 = CARTESIAN_POINT('',(-30.,-30.3,5.));
#7302 = VECTOR('',#7303,1.);
#7303 = DIRECTION('',(1.,0.,0.));
#7304 = PCURVE('',#7090,#7305);
#7305 = DEFINITIONAL_REPRESENTATION('',(#7306),#7310);
#7306 = LINE('',#7307,#7308);
#7307 = CARTESIAN_POINT('',(0.,1.4));
#7308 = VECTOR('',#7309,1.);
#7309 = DIRECTION('',(1.,0.));
#7310 = ( GEOMETRIC_REPRESENTATION_CONTEXT(2) 
PARAMETRIC_REPRESENTATION_CONTEXT() REPRESENTATION_CONTEXT('2D SPACE',''
  ) );
#7311 = PCURVE('',#7063,#7312);
#7312 = DEFINITIONAL_REPRESENTATION('',(#7313),#7317);
#7313 = LINE('',#7314,#7315);
#7314 = CARTESIAN_POINT('',(2.,0.));
#7315 = VECTOR('',#7316,1.);
#7316 = DIRECTION('',(0.,1.));
#7317 = ( GEOMETRIC_REPRESENTATION_CONTEXT(2) 
PARAMETRIC_REPRESENTATION_CONTEXT() REPRESENTATION_CONTEXT('2D SPACE',''
  ) );
#7318 = ORIENTED_EDGE('',*,*,#7274,.F.);
#7319 = ORIENTED_EDGE('',*,*,#7202,.T.);
#7320 = ORIENTED_EDGE('',*,*,#7074,.T.);
#7321 = ADVANCED_FACE('',(#7322),#7063,.T.);
#7322 = FACE_BOUND('',#7323,.T.);
#7323 = EDGE_LOOP('',(#7324,#7345,#7346,#7347));
#7324 = ORIENTED_EDGE('',*,*,#7325,.F.);
#7325 = EDGE_CURVE('',#7229,#7026,#7326,.T.);
#7326 = SURFACE_CURVE('',#7327,(#7331,#7338),.PCURVE_S1.);
#7327 = LINE('',#7328,#7329);
#7328 = CARTESIAN_POINT('',(-30.,-30.3,3.));
#7329 = VECTOR('',#7330,1.);
#7330 = DIRECTION('',(1.,0.,0.));
#7331 = PCURVE('',#7063,#7332);
#7332 = DEFINITIONAL_REPRESENTATION('',(#7333),#7337);
#7333 = LINE('',#7334,#7335);
#7334 = CARTESIAN_POINT('',(0.,0.));
#7335 = VECTOR('',#7336,1.);
#7336 = DIRECTION('',(0.,1.));
#7337 = ( GEOMETRIC_REPRESENTATION_CONTEXT(2) 
PARAMETRIC_REPRESENTATION_CONTEXT() REPRESENTATION_CONTEXT('2D SPACE',''
  ) );
#7338 = PCURVE('',#102,#7339);
#7339 = DEFINITIONAL_REPRESENTATION('',(#7340),#7344);
#7340 = LINE('',#7341,#7342);
#7341 = CARTESIAN_POINT('',(5.,1.7));
#7342 = VECTOR('',#7343,1.);
#7343 = DIRECTION('',(1.,0.));
#7344 = ( GEOMETRIC_REPRESENTATION_CONTEXT(2) 
PARAMETRIC_REPRESENTATION_CONTEXT() REPRESENTATION_CONTEXT('2D SPACE',''
  ) );
#7345 = ORIENTED_EDGE('',*,*,#7251,.T.);
#7346 = ORIENTED_EDGE('',*,*,#7298,.T.);
#7347 = ORIENTED_EDGE('',*,*,#7047,.T.);
#7348 = ADVANCED_FACE('',(#7349),#6991,.F.);
#7349 = FACE_BOUND('',#7350,.F.);
#7350 = EDGE_LOOP('',(#7351,#7374,#7402,#7423));
#7351 = ORIENTED_EDGE('',*,*,#7352,.F.);
#7352 = EDGE_CURVE('',#7353,#6976,#7355,.T.);
#7353 = VERTEX_POINT('',#7354);
#7354 = CARTESIAN_POINT('',(-30.,-10.7,3.));
#7355 = SURFACE_CURVE('',#7356,(#7360,#7367),.PCURVE_S1.);
#7356 = LINE('',#7357,#7358);
#7357 = CARTESIAN_POINT('',(-30.,-10.7,3.));
#7358 = VECTOR('',#7359,1.);
#7359 = DIRECTION('',(1.,0.,0.));
#7360 = PCURVE('',#6991,#7361);
#7361 = DEFINITIONAL_REPRESENTATION('',(#7362),#7366);
#7362 = LINE('',#7363,#7364);
#7363 = CARTESIAN_POINT('',(0.,0.));
#7364 = VECTOR('',#7365,1.);
#7365 = DIRECTION('',(0.,1.));
#7366 = ( GEOMETRIC_REPRESENTATION_CONTEXT(2) 
PARAMETRIC_REPRESENTATION_CONTEXT() REPRESENTATION_CONTEXT('2D SPACE',''
  ) );
#7367 = PCURVE('',#102,#7368);
#7368 = DEFINITIONAL_REPRESENTATION('',(#7369),#7373);
#7369 = LINE('',#7370,#7371);
#7370 = CARTESIAN_POINT('',(5.,21.3));
#7371 = VECTOR('',#7372,1.);
#7372 = DIRECTION('',(1.,0.));
#7373 = ( GEOMETRIC_REPRESENTATION_CONTEXT(2) 
PARAMETRIC_REPRESENTATION_CONTEXT() REPRESENTATION_CONTEXT('2D SPACE',''
  ) );
#7374 = ORIENTED_EDGE('',*,*,#7375,.T.);
#7375 = EDGE_CURVE('',#7353,#7376,#7378,.T.);
#7376 = VERTEX_POINT('',#7377);
#7377 = CARTESIAN_POINT('',(-30.,-10.7,5.));
#7378 = SURFACE_CURVE('',#7379,(#7383,#7390),.PCURVE_S1.);
#7379 = LINE('',#7380,#7381);
#7380 = CARTESIAN_POINT('',(-30.,-10.7,3.));
#7381 = VECTOR('',#7382,1.);
#7382 = DIRECTION('',(0.,0.,1.));
#7383 = PCURVE('',#6991,#7384);
#7384 = DEFINITIONAL_REPRESENTATION('',(#7385),#7389);
#7385 = LINE('',#7386,#7387);
#7386 = CARTESIAN_POINT('',(0.,0.));
#7387 = VECTOR('',#7388,1.);
#7388 = DIRECTION('',(1.,0.));
#7389 = ( GEOMETRIC_REPRESENTATION_CONTEXT(2) 
PARAMETRIC_REPRESENTATION_CONTEXT() REPRESENTATION_CONTEXT('2D SPACE',''
  ) );
#7390 = PCURVE('',#7391,#7396);
#7391 = PLANE('',#7392);
#7392 = AXIS2_PLACEMENT_3D('',#7393,#7394,#7395);
#7393 = CARTESIAN_POINT('',(-30.,-10.7,3.));
#7394 = DIRECTION('',(1.,0.,0.));
#7395 = DIRECTION('',(0.,0.,1.));
#7396 = DEFINITIONAL_REPRESENTATION('',(#7397),#7401);
#7397 = LINE('',#7398,#7399);
#7398 = CARTESIAN_POINT('',(0.,0.));
#7399 = VECTOR('',#7400,1.);
#7400 = DIRECTION('',(1.,0.));
#7401 = ( GEOMETRIC_REPRESENTATION_CONTEXT(2) 
PARAMETRIC_REPRESENTATION_CONTEXT() REPRESENTATION_CONTEXT('2D SPACE',''
  ) );
#7402 = ORIENTED_EDGE('',*,*,#7403,.T.);
#7403 = EDGE_CURVE('',#7376,#6949,#7404,.T.);
#7404 = SURFACE_CURVE('',#7405,(#7409,#7416),.PCURVE_S1.);
#7405 = LINE('',#7406,#7407);
#7406 = CARTESIAN_POINT('',(-30.,-10.7,5.));
#7407 = VECTOR('',#7408,1.);
#7408 = DIRECTION('',(1.,0.,0.));
#7409 = PCURVE('',#6991,#7410);
#7410 = DEFINITIONAL_REPRESENTATION('',(#7411),#7415);
#7411 = LINE('',#7412,#7413);
#7412 = CARTESIAN_POINT('',(2.,0.));
#7413 = VECTOR('',#7414,1.);
#7414 = DIRECTION('',(0.,1.));
#7415 = ( GEOMETRIC_REPRESENTATION_CONTEXT(2) 
PARAMETRIC_REPRESENTATION_CONTEXT() REPRESENTATION_CONTEXT('2D SPACE',''
  ) );
#7416 = PCURVE('',#6964,#7417);
#7417 = DEFINITIONAL_REPRESENTATION('',(#7418),#7422);
#7418 = LINE('',#7419,#7420);
#7419 = CARTESIAN_POINT('',(0.,0.));
#7420 = VECTOR('',#7421,1.);
#7421 = DIRECTION('',(1.,0.));
#7422 = ( GEOMETRIC_REPRESENTATION_CONTEXT(2) 
PARAMETRIC_REPRESENTATION_CONTEXT() REPRESENTATION_CONTEXT('2D SPACE',''
  ) );
#7423 = ORIENTED_EDGE('',*,*,#6975,.T.);
#7424 = ADVANCED_FACE('',(#7425),#7391,.F.);
#7425 = FACE_BOUND('',#7426,.F.);
#7426 = EDGE_LOOP('',(#7427,#7428,#7451,#7474));
#7427 = ORIENTED_EDGE('',*,*,#7375,.F.);
#7428 = ORIENTED_EDGE('',*,*,#7429,.T.);
#7429 = EDGE_CURVE('',#7353,#7430,#7432,.T.);
#7430 = VERTEX_POINT('',#7431);
#7431 = CARTESIAN_POINT('',(-30.,-9.3,3.));
#7432 = SURFACE_CURVE('',#7433,(#7437,#7444),.PCURVE_S1.);
#7433 = LINE('',#7434,#7435);
#7434 = CARTESIAN_POINT('',(-30.,-10.7,3.));
#7435 = VECTOR('',#7436,1.);
#7436 = DIRECTION('',(0.,1.,0.));
#7437 = PCURVE('',#7391,#7438);
#7438 = DEFINITIONAL_REPRESENTATION('',(#7439),#7443);
#7439 = LINE('',#7440,#7441);
#7440 = CARTESIAN_POINT('',(0.,0.));
#7441 = VECTOR('',#7442,1.);
#7442 = DIRECTION('',(0.,-1.));
#7443 = ( GEOMETRIC_REPRESENTATION_CONTEXT(2) 
PARAMETRIC_REPRESENTATION_CONTEXT() REPRESENTATION_CONTEXT('2D SPACE',''
  ) );
#7444 = PCURVE('',#102,#7445);
#7445 = DEFINITIONAL_REPRESENTATION('',(#7446),#7450);
#7446 = LINE('',#7447,#7448);
#7447 = CARTESIAN_POINT('',(5.,21.3));
#7448 = VECTOR('',#7449,1.);
#7449 = DIRECTION('',(0.,1.));
#7450 = ( GEOMETRIC_REPRESENTATION_CONTEXT(2) 
PARAMETRIC_REPRESENTATION_CONTEXT() REPRESENTATION_CONTEXT('2D SPACE',''
  ) );
#7451 = ORIENTED_EDGE('',*,*,#7452,.T.);
#7452 = EDGE_CURVE('',#7430,#7453,#7455,.T.);
#7453 = VERTEX_POINT('',#7454);
#7454 = CARTESIAN_POINT('',(-30.,-9.3,5.));
#7455 = SURFACE_CURVE('',#7456,(#7460,#7467),.PCURVE_S1.);
#7456 = LINE('',#7457,#7458);
#7457 = CARTESIAN_POINT('',(-30.,-9.3,3.));
#7458 = VECTOR('',#7459,1.);
#7459 = DIRECTION('',(0.,0.,1.));
#7460 = PCURVE('',#7391,#7461);
#7461 = DEFINITIONAL_REPRESENTATION('',(#7462),#7466);
#7462 = LINE('',#7463,#7464);
#7463 = CARTESIAN_POINT('',(0.,-1.4));
#7464 = VECTOR('',#7465,1.);
#7465 = DIRECTION('',(1.,0.));
#7466 = ( GEOMETRIC_REPRESENTATION_CONTEXT(2) 
PARAMETRIC_REPRESENTATION_CONTEXT() REPRESENTATION_CONTEXT('2D SPACE',''
  ) );
#7467 = PCURVE('',#6937,#7468);
#7468 = DEFINITIONAL_REPRESENTATION('',(#7469),#7473);
#7469 = LINE('',#7470,#7471);
#7470 = CARTESIAN_POINT('',(0.,0.));
#7471 = VECTOR('',#7472,1.);
#7472 = DIRECTION('',(1.,0.));
#7473 = ( GEOMETRIC_REPRESENTATION_CONTEXT(2) 
PARAMETRIC_REPRESENTATION_CONTEXT() REPRESENTATION_CONTEXT('2D SPACE',''
  ) );
#7474 = ORIENTED_EDGE('',*,*,#7475,.F.);
#7475 = EDGE_CURVE('',#7376,#7453,#7476,.T.);
#7476 = SURFACE_CURVE('',#7477,(#7481,#7488),.PCURVE_S1.);
#7477 = LINE('',#7478,#7479);
#7478 = CARTESIAN_POINT('',(-30.,-10.7,5.));
#7479 = VECTOR('',#7480,1.);
#7480 = DIRECTION('',(0.,1.,0.));
#7481 = PCURVE('',#7391,#7482);
#7482 = DEFINITIONAL_REPRESENTATION('',(#7483),#7487);
#7483 = LINE('',#7484,#7485);
#7484 = CARTESIAN_POINT('',(2.,0.));
#7485 = VECTOR('',#7486,1.);
#7486 = DIRECTION('',(0.,-1.));
#7487 = ( GEOMETRIC_REPRESENTATION_CONTEXT(2) 
PARAMETRIC_REPRESENTATION_CONTEXT() REPRESENTATION_CONTEXT('2D SPACE',''
  ) );
#7488 = PCURVE('',#6964,#7489);
#7489 = DEFINITIONAL_REPRESENTATION('',(#7490),#7494);
#7490 = LINE('',#7491,#7492);
#7491 = CARTESIAN_POINT('',(0.,0.));
#7492 = VECTOR('',#7493,1.);
#7493 = DIRECTION('',(0.,1.));
#7494 = ( GEOMETRIC_REPRESENTATION_CONTEXT(2) 
PARAMETRIC_REPRESENTATION_CONTEXT() REPRESENTATION_CONTEXT('2D SPACE',''
  ) );
#7495 = ADVANCED_FACE('',(#7496),#6964,.T.);
#7496 = FACE_BOUND('',#7497,.T.);
#7497 = EDGE_LOOP('',(#7498,#7519,#7520,#7521));
#7498 = ORIENTED_EDGE('',*,*,#7499,.F.);
#7499 = EDGE_CURVE('',#7453,#6922,#7500,.T.);
#7500 = SURFACE_CURVE('',#7501,(#7505,#7512),.PCURVE_S1.);
#7501 = LINE('',#7502,#7503);
#7502 = CARTESIAN_POINT('',(-30.,-9.3,5.));
#7503 = VECTOR('',#7504,1.);
#7504 = DIRECTION('',(1.,0.,0.));
#7505 = PCURVE('',#6964,#7506);
#7506 = DEFINITIONAL_REPRESENTATION('',(#7507),#7511);
#7507 = LINE('',#7508,#7509);
#7508 = CARTESIAN_POINT('',(0.,1.4));
#7509 = VECTOR('',#7510,1.);
#7510 = DIRECTION('',(1.,0.));
#7511 = ( GEOMETRIC_REPRESENTATION_CONTEXT(2) 
PARAMETRIC_REPRESENTATION_CONTEXT() REPRESENTATION_CONTEXT('2D SPACE',''
  ) );
#7512 = PCURVE('',#6937,#7513);
#7513 = DEFINITIONAL_REPRESENTATION('',(#7514),#7518);
#7514 = LINE('',#7515,#7516);
#7515 = CARTESIAN_POINT('',(2.,0.));
#7516 = VECTOR('',#7517,1.);
#7517 = DIRECTION('',(0.,1.));
#7518 = ( GEOMETRIC_REPRESENTATION_CONTEXT(2) 
PARAMETRIC_REPRESENTATION_CONTEXT() REPRESENTATION_CONTEXT('2D SPACE',''
  ) );
#7519 = ORIENTED_EDGE('',*,*,#7475,.F.);
#7520 = ORIENTED_EDGE('',*,*,#7403,.T.);
#7521 = ORIENTED_EDGE('',*,*,#6948,.T.);
#7522 = ADVANCED_FACE('',(#7523),#6937,.T.);
#7523 = FACE_BOUND('',#7524,.T.);
#7524 = EDGE_LOOP('',(#7525,#7546,#7547,#7548));
#7525 = ORIENTED_EDGE('',*,*,#7526,.F.);
#7526 = EDGE_CURVE('',#7430,#6900,#7527,.T.);
#7527 = SURFACE_CURVE('',#7528,(#7532,#7539),.PCURVE_S1.);
#7528 = LINE('',#7529,#7530);
#7529 = CARTESIAN_POINT('',(-30.,-9.3,3.));
#7530 = VECTOR('',#7531,1.);
#7531 = DIRECTION('',(1.,0.,0.));
#7532 = PCURVE('',#6937,#7533);
#7533 = DEFINITIONAL_REPRESENTATION('',(#7534),#7538);
#7534 = LINE('',#7535,#7536);
#7535 = CARTESIAN_POINT('',(0.,0.));
#7536 = VECTOR('',#7537,1.);
#7537 = DIRECTION('',(0.,1.));
#7538 = ( GEOMETRIC_REPRESENTATION_CONTEXT(2) 
PARAMETRIC_REPRESENTATION_CONTEXT() REPRESENTATION_CONTEXT('2D SPACE',''
  ) );
#7539 = PCURVE('',#102,#7540);
#7540 = DEFINITIONAL_REPRESENTATION('',(#7541),#7545);
#7541 = LINE('',#7542,#7543);
#7542 = CARTESIAN_POINT('',(5.,22.7));
#7543 = VECTOR('',#7544,1.);
#7544 = DIRECTION('',(1.,0.));
#7545 = ( GEOMETRIC_REPRESENTATION_CONTEXT(2) 
PARAMETRIC_REPRESENTATION_CONTEXT() REPRESENTATION_CONTEXT('2D SPACE',''
  ) );
#7546 = ORIENTED_EDGE('',*,*,#7452,.T.);
#7547 = ORIENTED_EDGE('',*,*,#7499,.T.);
#7548 = ORIENTED_EDGE('',*,*,#6921,.T.);
#7549 = ADVANCED_FACE('',(#7550),#240,.F.);
#7550 = FACE_BOUND('',#7551,.F.);
#7551 = EDGE_LOOP('',(#7552,#7553,#7576,#7597));
#7552 = ORIENTED_EDGE('',*,*,#224,.F.);
#7553 = ORIENTED_EDGE('',*,*,#7554,.T.);
#7554 = EDGE_CURVE('',#201,#7555,#7557,.T.);
#7555 = VERTEX_POINT('',#7556);
#7556 = CARTESIAN_POINT('',(-30.,-32.,3.));
#7557 = SURFACE_CURVE('',#7558,(#7562,#7569),.PCURVE_S1.);
#7558 = LINE('',#7559,#7560);
#7559 = CARTESIAN_POINT('',(-30.,-32.,0.));
#7560 = VECTOR('',#7561,1.);
#7561 = DIRECTION('',(0.,0.,1.));
#7562 = PCURVE('',#240,#7563);
#7563 = DEFINITIONAL_REPRESENTATION('',(#7564),#7568);
#7564 = LINE('',#7565,#7566);
#7565 = CARTESIAN_POINT('',(0.,5.));
#7566 = VECTOR('',#7567,1.);
#7567 = DIRECTION('',(1.,0.));
#7568 = ( GEOMETRIC_REPRESENTATION_CONTEXT(2) 
PARAMETRIC_REPRESENTATION_CONTEXT() REPRESENTATION_CONTEXT('2D SPACE',''
  ) );
#7569 = PCURVE('',#130,#7570);
#7570 = DEFINITIONAL_REPRESENTATION('',(#7571),#7575);
#7571 = LINE('',#7572,#7573);
#7572 = CARTESIAN_POINT('',(1.570796326795,0.));
#7573 = VECTOR('',#7574,1.);
#7574 = DIRECTION('',(0.,1.));
#7575 = ( GEOMETRIC_REPRESENTATION_CONTEXT(2) 
PARAMETRIC_REPRESENTATION_CONTEXT() REPRESENTATION_CONTEXT('2D SPACE',''
  ) );
#7576 = ORIENTED_EDGE('',*,*,#7577,.T.);
#7577 = EDGE_CURVE('',#7555,#6873,#7578,.T.);
#7578 = SURFACE_CURVE('',#7579,(#7583,#7590),.PCURVE_S1.);
#7579 = LINE('',#7580,#7581);
#7580 = CARTESIAN_POINT('',(-35.,-32.,3.));
#7581 = VECTOR('',#7582,1.);
#7582 = DIRECTION('',(1.,0.,0.));
#7583 = PCURVE('',#240,#7584);
#7584 = DEFINITIONAL_REPRESENTATION('',(#7585),#7589);
#7585 = LINE('',#7586,#7587);
#7586 = CARTESIAN_POINT('',(3.,0.));
#7587 = VECTOR('',#7588,1.);
#7588 = DIRECTION('',(0.,1.));
#7589 = ( GEOMETRIC_REPRESENTATION_CONTEXT(2) 
PARAMETRIC_REPRESENTATION_CONTEXT() REPRESENTATION_CONTEXT('2D SPACE',''
  ) );
#7590 = PCURVE('',#102,#7591);
#7591 = DEFINITIONAL_REPRESENTATION('',(#7592),#7596);
#7592 = LINE('',#7593,#7594);
#7593 = CARTESIAN_POINT('',(0.,0.));
#7594 = VECTOR('',#7595,1.);
#7595 = DIRECTION('',(1.,0.));
#7596 = ( GEOMETRIC_REPRESENTATION_CONTEXT(2) 
PARAMETRIC_REPRESENTATION_CONTEXT() REPRESENTATION_CONTEXT('2D SPACE',''
  ) );
#7597 = ORIENTED_EDGE('',*,*,#6872,.F.);
#7598 = ADVANCED_FACE('',(#7599),#184,.T.);
#7599 = FACE_BOUND('',#7600,.F.);
#7600 = EDGE_LOOP('',(#7601,#7602,#7603,#7629));
#7601 = ORIENTED_EDGE('',*,*,#590,.T.);
#7602 = ORIENTED_EDGE('',*,*,#2416,.T.);
#7603 = ORIENTED_EDGE('',*,*,#7604,.F.);
#7604 = EDGE_CURVE('',#82,#2417,#7605,.T.);
#7605 = SURFACE_CURVE('',#7606,(#7611,#7618),.PCURVE_S1.);
#7606 = CIRCLE('',#7607,5.);
#7607 = AXIS2_PLACEMENT_3D('',#7608,#7609,#7610);
#7608 = CARTESIAN_POINT('',(-30.,27.,3.));
#7609 = DIRECTION('',(-0.,-0.,-1.));
#7610 = DIRECTION('',(0.,-1.,0.));
#7611 = PCURVE('',#184,#7612);
#7612 = DEFINITIONAL_REPRESENTATION('',(#7613),#7617);
#7613 = LINE('',#7614,#7615);
#7614 = CARTESIAN_POINT('',(1.570796326795,3.));
#7615 = VECTOR('',#7616,1.);
#7616 = DIRECTION('',(-1.,0.));
#7617 = ( GEOMETRIC_REPRESENTATION_CONTEXT(2) 
PARAMETRIC_REPRESENTATION_CONTEXT() REPRESENTATION_CONTEXT('2D SPACE',''
  ) );
#7618 = PCURVE('',#102,#7619);
#7619 = DEFINITIONAL_REPRESENTATION('',(#7620),#7628);
#7620 = ( BOUNDED_CURVE() B_SPLINE_CURVE(2,(#7621,#7622,#7623,#7624,
#7625,#7626,#7627),.UNSPECIFIED.,.T.,.F.) B_SPLINE_CURVE_WITH_KNOTS((1,2
    ,2,2,2,1),(-2.094395102393,0.,2.094395102393,4.188790204786,
6.28318530718,8.377580409573),.UNSPECIFIED.) CURVE() 
GEOMETRIC_REPRESENTATION_ITEM() RATIONAL_B_SPLINE_CURVE((1.,0.5,1.,0.5,
1.,0.5,1.)) REPRESENTATION_ITEM('') );
#7621 = CARTESIAN_POINT('',(5.,54.));
#7622 = CARTESIAN_POINT('',(-3.660254037844,54.));
#7623 = CARTESIAN_POINT('',(0.669872981078,61.5));
#7624 = CARTESIAN_POINT('',(5.,69.));
#7625 = CARTESIAN_POINT('',(9.330127018922,61.5));
#7626 = CARTESIAN_POINT('',(13.660254037844,54.));
#7627 = CARTESIAN_POINT('',(5.,54.));
#7628 = ( GEOMETRIC_REPRESENTATION_CONTEXT(2) 
PARAMETRIC_REPRESENTATION_CONTEXT() REPRESENTATION_CONTEXT('2D SPACE',''
  ) );
#7629 = ORIENTED_EDGE('',*,*,#170,.F.);
#7630 = ADVANCED_FACE('',(#7631),#130,.T.);
#7631 = FACE_BOUND('',#7632,.T.);
#7632 = EDGE_LOOP('',(#7633,#7634,#7635,#7657));
#7633 = ORIENTED_EDGE('',*,*,#200,.T.);
#7634 = ORIENTED_EDGE('',*,*,#7554,.T.);
#7635 = ORIENTED_EDGE('',*,*,#7636,.F.);
#7636 = EDGE_CURVE('',#80,#7555,#7637,.T.);
#7637 = SURFACE_CURVE('',#7638,(#7643,#7650),.PCURVE_S1.);
#7638 = CIRCLE('',#7639,5.);
#7639 = AXIS2_PLACEMENT_3D('',#7640,#7641,#7642);
#7640 = CARTESIAN_POINT('',(-30.,-27.,3.));
#7641 = DIRECTION('',(0.,0.,1.));
#7642 = DIRECTION('',(0.,-1.,0.));
#7643 = PCURVE('',#130,#7644);
#7644 = DEFINITIONAL_REPRESENTATION('',(#7645),#7649);
#7645 = LINE('',#7646,#7647);
#7646 = CARTESIAN_POINT('',(-4.712388980385,3.));
#7647 = VECTOR('',#7648,1.);
#7648 = DIRECTION('',(1.,0.));
#7649 = ( GEOMETRIC_REPRESENTATION_CONTEXT(2) 
PARAMETRIC_REPRESENTATION_CONTEXT() REPRESENTATION_CONTEXT('2D SPACE',''
  ) );
#7650 = PCURVE('',#102,#7651);
#7651 = DEFINITIONAL_REPRESENTATION('',(#7652),#7656);
#7652 = CIRCLE('',#7653,5.);
#7653 = AXIS2_PLACEMENT_2D('',#7654,#7655);
#7654 = CARTESIAN_POINT('',(5.,5.));
#7655 = DIRECTION('',(0.,-1.));
#7656 = ( GEOMETRIC_REPRESENTATION_CONTEXT(2) 
PARAMETRIC_REPRESENTATION_CONTEXT() REPRESENTATION_CONTEXT('2D SPACE',''
  ) );
#7657 = ORIENTED_EDGE('',*,*,#114,.F.);
#7658 = ADVANCED_FACE('',(#7659,#7685,#7719,#7725,#7731,#7737),#102,.T.
  );
#7659 = FACE_BOUND('',#7660,.T.);
#7660 = EDGE_LOOP('',(#7661,#7662,#7663,#7664,#7665,#7666,#7667,#7668,
    #7669,#7670,#7671,#7672,#7673,#7674,#7675,#7676,#7677,#7678,#7679,
    #7680,#7681,#7682,#7683,#7684));
#7661 = ORIENTED_EDGE('',*,*,#79,.F.);
#7662 = ORIENTED_EDGE('',*,*,#7636,.T.);
#7663 = ORIENTED_EDGE('',*,*,#7577,.T.);
#7664 = ORIENTED_EDGE('',*,*,#7128,.T.);
#7665 = ORIENTED_EDGE('',*,*,#7151,.F.);
#7666 = ORIENTED_EDGE('',*,*,#7228,.T.);
#7667 = ORIENTED_EDGE('',*,*,#7325,.T.);
#7668 = ORIENTED_EDGE('',*,*,#7025,.T.);
#7669 = ORIENTED_EDGE('',*,*,#6613,.F.);
#7670 = ORIENTED_EDGE('',*,*,#6541,.F.);
#7671 = ORIENTED_EDGE('',*,*,#4260,.T.);
#7672 = ORIENTED_EDGE('',*,*,#3963,.T.);
#7673 = ORIENTED_EDGE('',*,*,#3350,.F.);
#7674 = ORIENTED_EDGE('',*,*,#2978,.F.);
#7675 = ORIENTED_EDGE('',*,*,#3278,.T.);
#7676 = ORIENTED_EDGE('',*,*,#3181,.F.);
#7677 = ORIENTED_EDGE('',*,*,#3104,.F.);
#7678 = ORIENTED_EDGE('',*,*,#3081,.F.);
#7679 = ORIENTED_EDGE('',*,*,#2663,.T.);
#7680 = ORIENTED_EDGE('',*,*,#2609,.F.);
#7681 = ORIENTED_EDGE('',*,*,#2536,.T.);
#7682 = ORIENTED_EDGE('',*,*,#2488,.T.);
#7683 = ORIENTED_EDGE('',*,*,#2439,.F.);
#7684 = ORIENTED_EDGE('',*,*,#7604,.F.);
#7685 = FACE_BOUND('',#7686,.T.);
#7686 = EDGE_LOOP('',(#7687,#7688,#7689,#7690,#7691,#7692,#7693,#7694,
    #7695,#7696,#7697,#7698,#7699,#7700,#7701,#7702,#7703,#7704,#7705,
    #7706,#7707,#7708,#7709,#7710,#7711,#7712,#7713,#7714,#7715,#7716,
    #7717,#7718));
#7687 = ORIENTED_EDGE('',*,*,#4577,.F.);
#7688 = ORIENTED_EDGE('',*,*,#6277,.T.);
#7689 = ORIENTED_EDGE('',*,*,#3837,.T.);
#7690 = ORIENTED_EDGE('',*,*,#3712,.F.);
#7691 = ORIENTED_EDGE('',*,*,#2769,.F.);
#7692 = ORIENTED_EDGE('',*,*,#3640,.T.);
#7693 = ORIENTED_EDGE('',*,*,#3543,.F.);
#7694 = ORIENTED_EDGE('',*,*,#3466,.F.);
#7695 = ORIENTED_EDGE('',*,*,#2872,.F.);
#7696 = ORIENTED_EDGE('',*,*,#3444,.T.);
#7697 = ORIENTED_EDGE('',*,*,#3940,.T.);
#7698 = ORIENTED_EDGE('',*,*,#4308,.F.);
#7699 = ORIENTED_EDGE('',*,*,#6435,.F.);
#7700 = ORIENTED_EDGE('',*,*,#6707,.T.);
#7701 = ORIENTED_EDGE('',*,*,#7002,.T.);
#7702 = ORIENTED_EDGE('',*,*,#7352,.F.);
#7703 = ORIENTED_EDGE('',*,*,#7429,.T.);
#7704 = ORIENTED_EDGE('',*,*,#7526,.T.);
#7705 = ORIENTED_EDGE('',*,*,#6899,.T.);
#7706 = ORIENTED_EDGE('',*,*,#6774,.F.);
#7707 = ORIENTED_EDGE('',*,*,#6412,.F.);
#7708 = ORIENTED_EDGE('',*,*,#6229,.T.);
#7709 = ORIENTED_EDGE('',*,*,#6205,.T.);
#7710 = ORIENTED_EDGE('',*,*,#5524,.F.);
#7711 = ORIENTED_EDGE('',*,*,#5214,.T.);
#7712 = ORIENTED_EDGE('',*,*,#5571,.T.);
#7713 = ORIENTED_EDGE('',*,*,#5646,.T.);
#7714 = ORIENTED_EDGE('',*,*,#6047,.T.);
#7715 = ORIENTED_EDGE('',*,*,#5951,.F.);
#7716 = ORIENTED_EDGE('',*,*,#5906,.T.);
#7717 = ORIENTED_EDGE('',*,*,#4772,.F.);
#7718 = ORIENTED_EDGE('',*,*,#4656,.F.);
#7719 = FACE_BOUND('',#7720,.T.);
#7720 = EDGE_LOOP('',(#7721,#7722,#7723,#7724));
#7721 = ORIENTED_EDGE('',*,*,#1498,.T.);
#7722 = ORIENTED_EDGE('',*,*,#1104,.T.);
#7723 = ORIENTED_EDGE('',*,*,#1172,.F.);
#7724 = ORIENTED_EDGE('',*,*,#1597,.F.);
#7725 = FACE_BOUND('',#7726,.T.);
#7726 = EDGE_LOOP('',(#7727,#7728,#7729,#7730));
#7727 = ORIENTED_EDGE('',*,*,#2286,.T.);
#7728 = ORIENTED_EDGE('',*,*,#1892,.T.);
#7729 = ORIENTED_EDGE('',*,*,#1960,.F.);
#7730 = ORIENTED_EDGE('',*,*,#2385,.F.);
#7731 = FACE_BOUND('',#7732,.T.);
#7732 = EDGE_LOOP('',(#7733,#7734,#7735,#7736));
#7733 = ORIENTED_EDGE('',*,*,#2054,.T.);
#7734 = ORIENTED_EDGE('',*,*,#1786,.T.);
#7735 = ORIENTED_EDGE('',*,*,#2121,.F.);
#7736 = ORIENTED_EDGE('',*,*,#2362,.F.);
#7737 = FACE_BOUND('',#7738,.T.);
#7738 = EDGE_LOOP('',(#7739,#7740,#7741,#7742));
#7739 = ORIENTED_EDGE('',*,*,#1266,.T.);
#7740 = ORIENTED_EDGE('',*,*,#998,.T.);
#7741 = ORIENTED_EDGE('',*,*,#1333,.F.);
#7742 = ORIENTED_EDGE('',*,*,#1574,.F.);
#7743 = ( GEOMETRIC_REPRESENTATION_CONTEXT(3) 
GLOBAL_UNCERTAINTY_ASSIGNED_CONTEXT((#7747)) 
GLOBAL_UNIT_ASSIGNED_CONTEXT((#7744,#7745,#7746)) REPRESENTATION_CONTEXT
('Context #1','3D Context with UNIT and UNCERTAINTY') );
#7744 = ( LENGTH_UNIT() NAMED_UNIT(*) SI_UNIT(.MILLI.,.METRE.) );
#7745 = ( NAMED_UNIT(*) PLANE_ANGLE_UNIT() SI_UNIT($,.RADIAN.) );
#7746 = ( NAMED_UNIT(*) SI_UNIT($,.STERADIAN.) SOLID_ANGLE_UNIT() );
#7747 = UNCERTAINTY_MEASURE_WITH_UNIT(LENGTH_MEASURE(1.E-07),#7744,
  'distance_accuracy_value','confusion accuracy');
#7748 = CONTEXT_DEPENDENT_SHAPE_REPRESENTATION(#7749,#7751);
#7749 = ( REPRESENTATION_RELATIONSHIP('','',#72,#10) 
REPRESENTATION_RELATIONSHIP_WITH_TRANSFORMATION(#7750) 
SHAPE_REPRESENTATION_RELATIONSHIP() );
#7750 = ITEM_DEFINED_TRANSFORMATION('','',#11,#15);
#7751 = PRODUCT_DEFINITION_SHAPE('Placement','Placement of an item',
  #7752);
#7752 = NEXT_ASSEMBLY_USAGE_OCCURRENCE('1','base','',#5,#67,$);
#7753 = PRODUCT_RELATED_PRODUCT_CATEGORY('part',$,(#69));
#7754 = SHAPE_DEFINITION_REPRESENTATION(#7755,#7761);
#7755 = PRODUCT_DEFINITION_SHAPE('','',#7756);
#7756 = PRODUCT_DEFINITION('design','',#7757,#7760);
#7757 = PRODUCT_DEFINITION_FORMATION('','',#7758);
#7758 = PRODUCT('middle_link','middle_link','',(#7759));
#7759 = PRODUCT_CONTEXT('',#2,'mechanical');
#7760 = PRODUCT_DEFINITION_CONTEXT('part definition',#2,'design');
#7761 = ADVANCED_BREP_SHAPE_REPRESENTATION('',(#11,#7762),#10928);
#7762 = MANIFOLD_SOLID_BREP('',#7763);
#7763 = CLOSED_SHELL('',(#7764,#7886,#8591,#8640,#9119,#9146,#9153,#9200
    ,#9227,#9254,#9261,#9288,#9335,#9362,#9389,#9396,#9443,#9470,#9497,
    #9504,#9551,#9578,#9605,#9612,#9688,#9843,#9892,#9966,#10057,#10088,
    #10203,#10459,#10532,#10583,#10759,#10786,#10793,#10840,#10867,
    #10894,#10901));
#7764 = ADVANCED_FACE('',(#7765),#7780,.T.);
#7765 = FACE_BOUND('',#7766,.F.);
#7766 = EDGE_LOOP('',(#7767,#7803,#7829,#7862));
#7767 = ORIENTED_EDGE('',*,*,#7768,.F.);
#7768 = EDGE_CURVE('',#7769,#7771,#7773,.T.);
#7769 = VERTEX_POINT('',#7770);
#7770 = CARTESIAN_POINT('',(16.5,-6.,37.392304845413));
#7771 = VERTEX_POINT('',#7772);
#7772 = CARTESIAN_POINT('',(16.5,6.,37.392304845414));
#7773 = SURFACE_CURVE('',#7774,(#7779,#7791),.PCURVE_S1.);
#7774 = CIRCLE('',#7775,12.);
#7775 = AXIS2_PLACEMENT_3D('',#7776,#7777,#7778);
#7776 = CARTESIAN_POINT('',(16.5,0.,27.));
#7777 = DIRECTION('',(1.,0.,0.));
#7778 = DIRECTION('',(0.,-0.5,0.866025403784));
#7779 = PCURVE('',#7780,#7785);
#7780 = CYLINDRICAL_SURFACE('',#7781,12.);
#7781 = AXIS2_PLACEMENT_3D('',#7782,#7783,#7784);
#7782 = CARTESIAN_POINT('',(16.5,0.,27.));
#7783 = DIRECTION('',(-1.,-0.,-0.));
#7784 = DIRECTION('',(0.,1.,0.));
#7785 = DEFINITIONAL_REPRESENTATION('',(#7786),#7790);
#7786 = LINE('',#7787,#7788);
#7787 = CARTESIAN_POINT('',(-2.094395102393,0.));
#7788 = VECTOR('',#7789,1.);
#7789 = DIRECTION('',(-1.,0.));
#7790 = ( GEOMETRIC_REPRESENTATION_CONTEXT(2) 
PARAMETRIC_REPRESENTATION_CONTEXT() REPRESENTATION_CONTEXT('2D SPACE',''
  ) );
#7791 = PCURVE('',#7792,#7797);
#7792 = PLANE('',#7793);
#7793 = AXIS2_PLACEMENT_3D('',#7794,#7795,#7796);
#7794 = CARTESIAN_POINT('',(16.5,-6.837200662697E-16,27.));
#7795 = DIRECTION('',(1.,0.,0.));
#7796 = DIRECTION('',(-0.,0.,1.));
#7797 = DEFINITIONAL_REPRESENTATION('',(#7798),#7802);
#7798 = CIRCLE('',#7799,12.);
#7799 = AXIS2_PLACEMENT_2D('',#7800,#7801);
#7800 = CARTESIAN_POINT('',(0.,-6.837200662697E-16));
#7801 = DIRECTION('',(0.866025403784,0.5));
#7802 = ( GEOMETRIC_REPRESENTATION_CONTEXT(2) 
PARAMETRIC_REPRESENTATION_CONTEXT() REPRESENTATION_CONTEXT('2D SPACE',''
  ) );
#7803 = ORIENTED_EDGE('',*,*,#7804,.F.);
#7804 = EDGE_CURVE('',#7805,#7769,#7807,.T.);
#7805 = VERTEX_POINT('',#7806);
#7806 = CARTESIAN_POINT('',(19.,-6.,37.392304845413));
#7807 = SURFACE_CURVE('',#7808,(#7812,#7818),.PCURVE_S1.);
#7808 = LINE('',#7809,#7810);
#7809 = CARTESIAN_POINT('',(16.5,-6.,37.392304845413));
#7810 = VECTOR('',#7811,1.);
#7811 = DIRECTION('',(-1.,-0.,-0.));
#7812 = PCURVE('',#7780,#7813);
#7813 = DEFINITIONAL_REPRESENTATION('',(#7814),#7817);
#7814 = B_SPLINE_CURVE_WITH_KNOTS('',1,(#7815,#7816),.UNSPECIFIED.,.F.,
  .F.,(2,2),(-2.5,-0.),.PIECEWISE_BEZIER_KNOTS.);
#7815 = CARTESIAN_POINT('',(-2.094395102393,-2.5));
#7816 = CARTESIAN_POINT('',(-2.094395102393,0.));
#7817 = ( GEOMETRIC_REPRESENTATION_CONTEXT(2) 
PARAMETRIC_REPRESENTATION_CONTEXT() REPRESENTATION_CONTEXT('2D SPACE',''
  ) );
#7818 = PCURVE('',#7819,#7824);
#7819 = PLANE('',#7820);
#7820 = AXIS2_PLACEMENT_3D('',#7821,#7822,#7823);
#7821 = CARTESIAN_POINT('',(16.5,-6.,35.));
#7822 = DIRECTION('',(0.,1.,0.));
#7823 = DIRECTION('',(0.,0.,1.));
#7824 = DEFINITIONAL_REPRESENTATION('',(#7825),#7828);
#7825 = B_SPLINE_CURVE_WITH_KNOTS('',1,(#7826,#7827),.UNSPECIFIED.,.F.,
  .F.,(2,2),(-2.5000006,5.999999999062E-07),.PIECEWISE_BEZIER_KNOTS.);
#7826 = CARTESIAN_POINT('',(2.392304845413,2.5000006));
#7827 = CARTESIAN_POINT('',(2.392304845413,-5.999999999062E-07));
#7828 = ( GEOMETRIC_REPRESENTATION_CONTEXT(2) 
PARAMETRIC_REPRESENTATION_CONTEXT() REPRESENTATION_CONTEXT('2D SPACE',''
  ) );
#7829 = ORIENTED_EDGE('',*,*,#7830,.F.);
#7830 = EDGE_CURVE('',#7831,#7805,#7833,.T.);
#7831 = VERTEX_POINT('',#7832);
#7832 = CARTESIAN_POINT('',(19.,6.,37.392304845414));
#7833 = SURFACE_CURVE('',#7834,(#7839,#7846),.PCURVE_S1.);
#7834 = CIRCLE('',#7835,12.);
#7835 = AXIS2_PLACEMENT_3D('',#7836,#7837,#7838);
#7836 = CARTESIAN_POINT('',(19.,0.,27.));
#7837 = DIRECTION('',(-1.,0.,0.));
#7838 = DIRECTION('',(0.,0.5,0.866025403784));
#7839 = PCURVE('',#7780,#7840);
#7840 = DEFINITIONAL_REPRESENTATION('',(#7841),#7845);
#7841 = LINE('',#7842,#7843);
#7842 = CARTESIAN_POINT('',(-7.330382858376,-2.5));
#7843 = VECTOR('',#7844,1.);
#7844 = DIRECTION('',(1.,-0.));
#7845 = ( GEOMETRIC_REPRESENTATION_CONTEXT(2) 
PARAMETRIC_REPRESENTATION_CONTEXT() REPRESENTATION_CONTEXT('2D SPACE',''
  ) );
#7846 = PCURVE('',#7847,#7852);
#7847 = PLANE('',#7848);
#7848 = AXIS2_PLACEMENT_3D('',#7849,#7850,#7851);
#7849 = CARTESIAN_POINT('',(19.,-6.837200662697E-16,27.));
#7850 = DIRECTION('',(1.,0.,0.));
#7851 = DIRECTION('',(-0.,0.,1.));
#7852 = DEFINITIONAL_REPRESENTATION('',(#7853),#7861);
#7853 = ( BOUNDED_CURVE() B_SPLINE_CURVE(2,(#7854,#7855,#7856,#7857,
#7858,#7859,#7860),.UNSPECIFIED.,.T.,.F.) B_SPLINE_CURVE_WITH_KNOTS((1,2
    ,2,2,2,1),(-2.094395102393,0.,2.094395102393,4.188790204786,
6.28318530718,8.377580409573),.UNSPECIFIED.) CURVE() 
GEOMETRIC_REPRESENTATION_ITEM() RATIONAL_B_SPLINE_CURVE((1.,0.5,1.,0.5,
1.,0.5,1.)) REPRESENTATION_ITEM('') );
#7854 = CARTESIAN_POINT('',(10.392304845413,-6.));
#7855 = CARTESIAN_POINT('',(8.846257060213E-13,-24.));
#7856 = CARTESIAN_POINT('',(-10.39230484541,-6.));
#7857 = CARTESIAN_POINT('',(-20.78460969082,11.999999999999));
#7858 = CARTESIAN_POINT('',(-4.46927963458E-13,12.));
#7859 = CARTESIAN_POINT('',(20.784609690826,12.000000000001));
#7860 = CARTESIAN_POINT('',(10.392304845413,-6.));
#7861 = ( GEOMETRIC_REPRESENTATION_CONTEXT(2) 
PARAMETRIC_REPRESENTATION_CONTEXT() REPRESENTATION_CONTEXT('2D SPACE',''
  ) );
#7862 = ORIENTED_EDGE('',*,*,#7863,.T.);
#7863 = EDGE_CURVE('',#7831,#7771,#7864,.T.);
#7864 = SURFACE_CURVE('',#7865,(#7869,#7875),.PCURVE_S1.);
#7865 = LINE('',#7866,#7867);
#7866 = CARTESIAN_POINT('',(16.5,6.,37.392304845413));
#7867 = VECTOR('',#7868,1.);
#7868 = DIRECTION('',(-1.,-0.,-0.));
#7869 = PCURVE('',#7780,#7870);
#7870 = DEFINITIONAL_REPRESENTATION('',(#7871),#7874);
#7871 = B_SPLINE_CURVE_WITH_KNOTS('',1,(#7872,#7873),.UNSPECIFIED.,.F.,
  .F.,(2,2),(-2.5,0.),.PIECEWISE_BEZIER_KNOTS.);
#7872 = CARTESIAN_POINT('',(-7.330382858376,-2.5));
#7873 = CARTESIAN_POINT('',(-7.330382858376,0.));
#7874 = ( GEOMETRIC_REPRESENTATION_CONTEXT(2) 
PARAMETRIC_REPRESENTATION_CONTEXT() REPRESENTATION_CONTEXT('2D SPACE',''
  ) );
#7875 = PCURVE('',#7876,#7881);
#7876 = PLANE('',#7877);
#7877 = AXIS2_PLACEMENT_3D('',#7878,#7879,#7880);
#7878 = CARTESIAN_POINT('',(16.5,6.,35.));
#7879 = DIRECTION('',(0.,1.,0.));
#7880 = DIRECTION('',(0.,0.,1.));
#7881 = DEFINITIONAL_REPRESENTATION('',(#7882),#7885);
#7882 = B_SPLINE_CURVE_WITH_KNOTS('',1,(#7883,#7884),.UNSPECIFIED.,.F.,
  .F.,(2,2),(-2.5000006,5.999999999062E-07),.PIECEWISE_BEZIER_KNOTS.);
#7883 = CARTESIAN_POINT('',(2.392304845413,2.5000006));
#7884 = CARTESIAN_POINT('',(2.392304845413,-5.999999999062E-07));
#7885 = ( GEOMETRIC_REPRESENTATION_CONTEXT(2) 
PARAMETRIC_REPRESENTATION_CONTEXT() REPRESENTATION_CONTEXT('2D SPACE',''
  ) );
#7886 = ADVANCED_FACE('',(#7887,#7962,#8082,#8117,#8237,#8357,#8477),
  #7792,.F.);
#7887 = FACE_BOUND('',#7888,.F.);
#7888 = EDGE_LOOP('',(#7889,#7890,#7913,#7941));
#7889 = ORIENTED_EDGE('',*,*,#7768,.T.);
#7890 = ORIENTED_EDGE('',*,*,#7891,.T.);
#7891 = EDGE_CURVE('',#7771,#7892,#7894,.T.);
#7892 = VERTEX_POINT('',#7893);
#7893 = CARTESIAN_POINT('',(16.5,6.,72.));
#7894 = SURFACE_CURVE('',#7895,(#7899,#7906),.PCURVE_S1.);
#7895 = LINE('',#7896,#7897);
#7896 = CARTESIAN_POINT('',(16.5,6.,35.));
#7897 = VECTOR('',#7898,1.);
#7898 = DIRECTION('',(0.,0.,1.));
#7899 = PCURVE('',#7792,#7900);
#7900 = DEFINITIONAL_REPRESENTATION('',(#7901),#7905);
#7901 = LINE('',#7902,#7903);
#7902 = CARTESIAN_POINT('',(8.,-6.));
#7903 = VECTOR('',#7904,1.);
#7904 = DIRECTION('',(1.,0.));
#7905 = ( GEOMETRIC_REPRESENTATION_CONTEXT(2) 
PARAMETRIC_REPRESENTATION_CONTEXT() REPRESENTATION_CONTEXT('2D SPACE',''
  ) );
#7906 = PCURVE('',#7876,#7907);
#7907 = DEFINITIONAL_REPRESENTATION('',(#7908),#7912);
#7908 = LINE('',#7909,#7910);
#7909 = CARTESIAN_POINT('',(0.,0.));
#7910 = VECTOR('',#7911,1.);
#7911 = DIRECTION('',(1.,0.));
#7912 = ( GEOMETRIC_REPRESENTATION_CONTEXT(2) 
PARAMETRIC_REPRESENTATION_CONTEXT() REPRESENTATION_CONTEXT('2D SPACE',''
  ) );
#7913 = ORIENTED_EDGE('',*,*,#7914,.F.);
#7914 = EDGE_CURVE('',#7915,#7892,#7917,.T.);
#7915 = VERTEX_POINT('',#7916);
#7916 = CARTESIAN_POINT('',(16.5,-6.,72.));
#7917 = SURFACE_CURVE('',#7918,(#7922,#7929),.PCURVE_S1.);
#7918 = LINE('',#7919,#7920);
#7919 = CARTESIAN_POINT('',(16.5,-6.,72.));
#7920 = VECTOR('',#7921,1.);
#7921 = DIRECTION('',(0.,1.,0.));
#7922 = PCURVE('',#7792,#7923);
#7923 = DEFINITIONAL_REPRESENTATION('',(#7924),#7928);
#7924 = LINE('',#7925,#7926);
#7925 = CARTESIAN_POINT('',(45.,6.));
#7926 = VECTOR('',#7927,1.);
#7927 = DIRECTION('',(0.,-1.));
#7928 = ( GEOMETRIC_REPRESENTATION_CONTEXT(2) 
PARAMETRIC_REPRESENTATION_CONTEXT() REPRESENTATION_CONTEXT('2D SPACE',''
  ) );
#7929 = PCURVE('',#7930,#7935);
#7930 = PLANE('',#7931);
#7931 = AXIS2_PLACEMENT_3D('',#7932,#7933,#7934);
#7932 = CARTESIAN_POINT('',(16.5,-6.,72.));
#7933 = DIRECTION('',(0.,0.,1.));
#7934 = DIRECTION('',(1.,0.,0.));
#7935 = DEFINITIONAL_REPRESENTATION('',(#7936),#7940);
#7936 = LINE('',#7937,#7938);
#7937 = CARTESIAN_POINT('',(0.,0.));
#7938 = VECTOR('',#7939,1.);
#7939 = DIRECTION('',(0.,1.));
#7940 = ( GEOMETRIC_REPRESENTATION_CONTEXT(2) 
PARAMETRIC_REPRESENTATION_CONTEXT() REPRESENTATION_CONTEXT('2D SPACE',''
  ) );
#7941 = ORIENTED_EDGE('',*,*,#7942,.F.);
#7942 = EDGE_CURVE('',#7769,#7915,#7943,.T.);
#7943 = SURFACE_CURVE('',#7944,(#7948,#7955),.PCURVE_S1.);
#7944 = LINE('',#7945,#7946);
#7945 = CARTESIAN_POINT('',(16.5,-6.,35.));
#7946 = VECTOR('',#7947,1.);
#7947 = DIRECTION('',(0.,0.,1.));
#7948 = PCURVE('',#7792,#7949);
#7949 = DEFINITIONAL_REPRESENTATION('',(#7950),#7954);
#7950 = LINE('',#7951,#7952);
#7951 = CARTESIAN_POINT('',(8.,6.));
#7952 = VECTOR('',#7953,1.);
#7953 = DIRECTION('',(1.,0.));
#7954 = ( GEOMETRIC_REPRESENTATION_CONTEXT(2) 
PARAMETRIC_REPRESENTATION_CONTEXT() REPRESENTATION_CONTEXT('2D SPACE',''
  ) );
#7955 = PCURVE('',#7819,#7956);
#7956 = DEFINITIONAL_REPRESENTATION('',(#7957),#7961);
#7957 = LINE('',#7958,#7959);
#7958 = CARTESIAN_POINT('',(0.,0.));
#7959 = VECTOR('',#7960,1.);
#7960 = DIRECTION('',(1.,0.));
#7961 = ( GEOMETRIC_REPRESENTATION_CONTEXT(2) 
PARAMETRIC_REPRESENTATION_CONTEXT() REPRESENTATION_CONTEXT('2D SPACE',''
  ) );
#7962 = FACE_BOUND('',#7963,.F.);
#7963 = EDGE_LOOP('',(#7964,#7992,#8025,#8051));
#7964 = ORIENTED_EDGE('',*,*,#7965,.F.);
#7965 = EDGE_CURVE('',#7966,#7968,#7970,.T.);
#7966 = VERTEX_POINT('',#7967);
#7967 = CARTESIAN_POINT('',(16.5,8.9,28.1));
#7968 = VERTEX_POINT('',#7969);
#7969 = CARTESIAN_POINT('',(16.5,6.1,28.1));
#7970 = SURFACE_CURVE('',#7971,(#7975,#7981),.PCURVE_S1.);
#7971 = LINE('',#7972,#7973);
#7972 = CARTESIAN_POINT('',(16.5,3.05,28.1));
#7973 = VECTOR('',#7974,1.);
#7974 = DIRECTION('',(0.,-1.,3.330669073875E-16));
#7975 = PCURVE('',#7792,#7976);
#7976 = DEFINITIONAL_REPRESENTATION('',(#7977),#7980);
#7977 = B_SPLINE_CURVE_WITH_KNOTS('',1,(#7978,#7979),.UNSPECIFIED.,.F.,
  .F.,(2,2),(-5.85,-3.05),.PIECEWISE_BEZIER_KNOTS.);
#7978 = CARTESIAN_POINT('',(1.1,-8.9));
#7979 = CARTESIAN_POINT('',(1.1,-6.1));
#7980 = ( GEOMETRIC_REPRESENTATION_CONTEXT(2) 
PARAMETRIC_REPRESENTATION_CONTEXT() REPRESENTATION_CONTEXT('2D SPACE',''
  ) );
#7981 = PCURVE('',#7982,#7987);
#7982 = PLANE('',#7983);
#7983 = AXIS2_PLACEMENT_3D('',#7984,#7985,#7986);
#7984 = CARTESIAN_POINT('',(15.5,6.1,28.1));
#7985 = DIRECTION('',(0.,3.330669073875E-16,1.));
#7986 = DIRECTION('',(0.,1.,-3.330669073875E-16));
#7987 = DEFINITIONAL_REPRESENTATION('',(#7988),#7991);
#7988 = B_SPLINE_CURVE_WITH_KNOTS('',1,(#7989,#7990),.UNSPECIFIED.,.F.,
  .F.,(2,2),(-5.85,-3.05),.PIECEWISE_BEZIER_KNOTS.);
#7989 = CARTESIAN_POINT('',(2.8,-1.));
#7990 = CARTESIAN_POINT('',(0.,-1.));
#7991 = ( GEOMETRIC_REPRESENTATION_CONTEXT(2) 
PARAMETRIC_REPRESENTATION_CONTEXT() REPRESENTATION_CONTEXT('2D SPACE',''
  ) );
#7992 = ORIENTED_EDGE('',*,*,#7993,.T.);
#7993 = EDGE_CURVE('',#7966,#7994,#7996,.T.);
#7994 = VERTEX_POINT('',#7995);
#7995 = CARTESIAN_POINT('',(16.5,8.9,25.9));
#7996 = SURFACE_CURVE('',#7997,(#8002,#8013),.PCURVE_S1.);
#7997 = CIRCLE('',#7998,1.1);
#7998 = AXIS2_PLACEMENT_3D('',#7999,#8000,#8001);
#7999 = CARTESIAN_POINT('',(16.5,8.9,27.));
#8000 = DIRECTION('',(-1.,0.,0.));
#8001 = DIRECTION('',(0.,3.330669073875E-16,1.));
#8002 = PCURVE('',#7792,#8003);
#8003 = DEFINITIONAL_REPRESENTATION('',(#8004),#8012);
#8004 = ( BOUNDED_CURVE() B_SPLINE_CURVE(2,(#8005,#8006,#8007,#8008,
#8009,#8010,#8011),.UNSPECIFIED.,.T.,.F.) B_SPLINE_CURVE_WITH_KNOTS((1,2
    ,2,2,2,1),(-2.094395102393,0.,2.094395102393,4.188790204786,
6.28318530718,8.377580409573),.UNSPECIFIED.) CURVE() 
GEOMETRIC_REPRESENTATION_ITEM() RATIONAL_B_SPLINE_CURVE((1.,0.5,1.,0.5,
1.,0.5,1.)) REPRESENTATION_ITEM('') );
#8005 = CARTESIAN_POINT('',(1.1,-8.9));
#8006 = CARTESIAN_POINT('',(1.1,-10.80525588832));
#8007 = CARTESIAN_POINT('',(-0.55,-9.852627944163));
#8008 = CARTESIAN_POINT('',(-2.2,-8.9));
#8009 = CARTESIAN_POINT('',(-0.55,-7.947372055837));
#8010 = CARTESIAN_POINT('',(1.1,-6.994744111674));
#8011 = CARTESIAN_POINT('',(1.1,-8.9));
#8012 = ( GEOMETRIC_REPRESENTATION_CONTEXT(2) 
PARAMETRIC_REPRESENTATION_CONTEXT() REPRESENTATION_CONTEXT('2D SPACE',''
  ) );
#8013 = PCURVE('',#8014,#8019);
#8014 = CYLINDRICAL_SURFACE('',#8015,1.1);
#8015 = AXIS2_PLACEMENT_3D('',#8016,#8017,#8018);
#8016 = CARTESIAN_POINT('',(15.5,8.9,27.));
#8017 = DIRECTION('',(-1.,0.,-0.));
#8018 = DIRECTION('',(0.,3.330669073875E-16,1.));
#8019 = DEFINITIONAL_REPRESENTATION('',(#8020),#8024);
#8020 = LINE('',#8021,#8022);
#8021 = CARTESIAN_POINT('',(0.,-1.));
#8022 = VECTOR('',#8023,1.);
#8023 = DIRECTION('',(1.,0.));
#8024 = ( GEOMETRIC_REPRESENTATION_CONTEXT(2) 
PARAMETRIC_REPRESENTATION_CONTEXT() REPRESENTATION_CONTEXT('2D SPACE',''
  ) );
#8025 = ORIENTED_EDGE('',*,*,#8026,.F.);
#8026 = EDGE_CURVE('',#8027,#7994,#8029,.T.);
#8027 = VERTEX_POINT('',#8028);
#8028 = CARTESIAN_POINT('',(16.5,6.1,25.9));
#8029 = SURFACE_CURVE('',#8030,(#8034,#8040),.PCURVE_S1.);
#8030 = LINE('',#8031,#8032);
#8031 = CARTESIAN_POINT('',(16.5,4.45,25.9));
#8032 = VECTOR('',#8033,1.);
#8033 = DIRECTION('',(0.,1.,-3.330669073875E-16));
#8034 = PCURVE('',#7792,#8035);
#8035 = DEFINITIONAL_REPRESENTATION('',(#8036),#8039);
#8036 = B_SPLINE_CURVE_WITH_KNOTS('',1,(#8037,#8038),.UNSPECIFIED.,.F.,
  .F.,(2,2),(1.65,4.45),.PIECEWISE_BEZIER_KNOTS.);
#8037 = CARTESIAN_POINT('',(-1.1,-6.1));
#8038 = CARTESIAN_POINT('',(-1.1,-8.9));
#8039 = ( GEOMETRIC_REPRESENTATION_CONTEXT(2) 
PARAMETRIC_REPRESENTATION_CONTEXT() REPRESENTATION_CONTEXT('2D SPACE',''
  ) );
#8040 = PCURVE('',#8041,#8046);
#8041 = PLANE('',#8042);
#8042 = AXIS2_PLACEMENT_3D('',#8043,#8044,#8045);
#8043 = CARTESIAN_POINT('',(15.5,8.9,25.9));
#8044 = DIRECTION('',(0.,-3.330669073875E-16,-1.));
#8045 = DIRECTION('',(0.,-1.,3.330669073875E-16));
#8046 = DEFINITIONAL_REPRESENTATION('',(#8047),#8050);
#8047 = B_SPLINE_CURVE_WITH_KNOTS('',1,(#8048,#8049),.UNSPECIFIED.,.F.,
  .F.,(2,2),(1.65,4.45),.PIECEWISE_BEZIER_KNOTS.);
#8048 = CARTESIAN_POINT('',(2.8,-1.));
#8049 = CARTESIAN_POINT('',(0.,-1.));
#8050 = ( GEOMETRIC_REPRESENTATION_CONTEXT(2) 
PARAMETRIC_REPRESENTATION_CONTEXT() REPRESENTATION_CONTEXT('2D SPACE',''
  ) );
#8051 = ORIENTED_EDGE('',*,*,#8052,.T.);
#8052 = EDGE_CURVE('',#8027,#7968,#8053,.T.);
#8053 = SURFACE_CURVE('',#8054,(#8059,#8070),.PCURVE_S1.);
#8054 = CIRCLE('',#8055,1.1);
#8055 = AXIS2_PLACEMENT_3D('',#8056,#8057,#8058);
#8056 = CARTESIAN_POINT('',(16.5,6.1,27.));
#8057 = DIRECTION('',(-1.,-0.,0.));
#8058 = DIRECTION('',(0.,-3.330669073875E-16,-1.));
#8059 = PCURVE('',#7792,#8060);
#8060 = DEFINITIONAL_REPRESENTATION('',(#8061),#8069);
#8061 = ( BOUNDED_CURVE() B_SPLINE_CURVE(2,(#8062,#8063,#8064,#8065,
#8066,#8067,#8068),.UNSPECIFIED.,.T.,.F.) B_SPLINE_CURVE_WITH_KNOTS((1,2
    ,2,2,2,1),(-2.094395102393,0.,2.094395102393,4.188790204786,
6.28318530718,8.377580409573),.UNSPECIFIED.) CURVE() 
GEOMETRIC_REPRESENTATION_ITEM() RATIONAL_B_SPLINE_CURVE((1.,0.5,1.,0.5,
1.,0.5,1.)) REPRESENTATION_ITEM('') );
#8062 = CARTESIAN_POINT('',(-1.1,-6.1));
#8063 = CARTESIAN_POINT('',(-1.1,-4.194744111674));
#8064 = CARTESIAN_POINT('',(0.55,-5.147372055837));
#8065 = CARTESIAN_POINT('',(2.2,-6.1));
#8066 = CARTESIAN_POINT('',(0.55,-7.052627944163));
#8067 = CARTESIAN_POINT('',(-1.1,-8.005255888326));
#8068 = CARTESIAN_POINT('',(-1.1,-6.1));
#8069 = ( GEOMETRIC_REPRESENTATION_CONTEXT(2) 
PARAMETRIC_REPRESENTATION_CONTEXT() REPRESENTATION_CONTEXT('2D SPACE',''
  ) );
#8070 = PCURVE('',#8071,#8076);
#8071 = CYLINDRICAL_SURFACE('',#8072,1.1);
#8072 = AXIS2_PLACEMENT_3D('',#8073,#8074,#8075);
#8073 = CARTESIAN_POINT('',(15.5,6.1,27.));
#8074 = DIRECTION('',(-1.,-0.,0.));
#8075 = DIRECTION('',(0.,-3.330669073875E-16,-1.));
#8076 = DEFINITIONAL_REPRESENTATION('',(#8077),#8081);
#8077 = LINE('',#8078,#8079);
#8078 = CARTESIAN_POINT('',(0.,-1.));
#8079 = VECTOR('',#8080,1.);
#8080 = DIRECTION('',(1.,0.));
#8081 = ( GEOMETRIC_REPRESENTATION_CONTEXT(2) 
PARAMETRIC_REPRESENTATION_CONTEXT() REPRESENTATION_CONTEXT('2D SPACE',''
  ) );
#8082 = FACE_BOUND('',#8083,.F.);
#8083 = EDGE_LOOP('',(#8084));
#8084 = ORIENTED_EDGE('',*,*,#8085,.T.);
#8085 = EDGE_CURVE('',#8086,#8086,#8088,.T.);
#8086 = VERTEX_POINT('',#8087);
#8087 = CARTESIAN_POINT('',(16.5,3.4,27.));
#8088 = SURFACE_CURVE('',#8089,(#8094,#8105),.PCURVE_S1.);
#8089 = CIRCLE('',#8090,3.4);
#8090 = AXIS2_PLACEMENT_3D('',#8091,#8092,#8093);
#8091 = CARTESIAN_POINT('',(16.5,0.,27.));
#8092 = DIRECTION('',(-1.,0.,0.));
#8093 = DIRECTION('',(0.,1.,0.));
#8094 = PCURVE('',#7792,#8095);
#8095 = DEFINITIONAL_REPRESENTATION('',(#8096),#8104);
#8096 = ( BOUNDED_CURVE() B_SPLINE_CURVE(2,(#8097,#8098,#8099,#8100,
#8101,#8102,#8103),.UNSPECIFIED.,.T.,.F.) B_SPLINE_CURVE_WITH_KNOTS((1,2
    ,2,2,2,1),(-2.094395102393,0.,2.094395102393,4.188790204786,
6.28318530718,8.377580409573),.UNSPECIFIED.) CURVE() 
GEOMETRIC_REPRESENTATION_ITEM() RATIONAL_B_SPLINE_CURVE((1.,0.5,1.,0.5,
1.,0.5,1.)) REPRESENTATION_ITEM('') );
#8097 = CARTESIAN_POINT('',(0.,-3.4));
#8098 = CARTESIAN_POINT('',(-5.888972745734,-3.4));
#8099 = CARTESIAN_POINT('',(-2.944486372867,1.7));
#8100 = CARTESIAN_POINT('',(-8.327598234202E-16,6.8));
#8101 = CARTESIAN_POINT('',(2.944486372867,1.7));
#8102 = CARTESIAN_POINT('',(5.888972745734,-3.4));
#8103 = CARTESIAN_POINT('',(0.,-3.4));
#8104 = ( GEOMETRIC_REPRESENTATION_CONTEXT(2) 
PARAMETRIC_REPRESENTATION_CONTEXT() REPRESENTATION_CONTEXT('2D SPACE',''
  ) );
#8105 = PCURVE('',#8106,#8111);
#8106 = CYLINDRICAL_SURFACE('',#8107,3.4);
#8107 = AXIS2_PLACEMENT_3D('',#8108,#8109,#8110);
#8108 = CARTESIAN_POINT('',(15.5,0.,27.));
#8109 = DIRECTION('',(-1.,-0.,-0.));
#8110 = DIRECTION('',(0.,1.,0.));
#8111 = DEFINITIONAL_REPRESENTATION('',(#8112),#8116);
#8112 = LINE('',#8113,#8114);
#8113 = CARTESIAN_POINT('',(-6.28318530718,-1.));
#8114 = VECTOR('',#8115,1.);
#8115 = DIRECTION('',(1.,-0.));
#8116 = ( GEOMETRIC_REPRESENTATION_CONTEXT(2) 
PARAMETRIC_REPRESENTATION_CONTEXT() REPRESENTATION_CONTEXT('2D SPACE',''
  ) );
#8117 = FACE_BOUND('',#8118,.F.);
#8118 = EDGE_LOOP('',(#8119,#8147,#8180,#8206));
#8119 = ORIENTED_EDGE('',*,*,#8120,.F.);
#8120 = EDGE_CURVE('',#8121,#8123,#8125,.T.);
#8121 = VERTEX_POINT('',#8122);
#8122 = CARTESIAN_POINT('',(16.5,1.1,18.1));
#8123 = VERTEX_POINT('',#8124);
#8124 = CARTESIAN_POINT('',(16.5,1.1,20.9));
#8125 = SURFACE_CURVE('',#8126,(#8130,#8136),.PCURVE_S1.);
#8126 = LINE('',#8127,#8128);
#8127 = CARTESIAN_POINT('',(16.5,1.1,23.95));
#8128 = VECTOR('',#8129,1.);
#8129 = DIRECTION('',(-0.,2.334869823773E-16,1.));
#8130 = PCURVE('',#7792,#8131);
#8131 = DEFINITIONAL_REPRESENTATION('',(#8132),#8135);
#8132 = B_SPLINE_CURVE_WITH_KNOTS('',1,(#8133,#8134),.UNSPECIFIED.,.F.,
  .F.,(2,2),(-5.85,-3.05),.PIECEWISE_BEZIER_KNOTS.);
#8133 = CARTESIAN_POINT('',(-8.9,-1.1));
#8134 = CARTESIAN_POINT('',(-6.1,-1.1));
#8135 = ( GEOMETRIC_REPRESENTATION_CONTEXT(2) 
PARAMETRIC_REPRESENTATION_CONTEXT() REPRESENTATION_CONTEXT('2D SPACE',''
  ) );
#8136 = PCURVE('',#8137,#8142);
#8137 = PLANE('',#8138);
#8138 = AXIS2_PLACEMENT_3D('',#8139,#8140,#8141);
#8139 = CARTESIAN_POINT('',(15.5,1.1,20.9));
#8140 = DIRECTION('',(0.,1.,-2.334869823773E-16));
#8141 = DIRECTION('',(0.,-2.334869823773E-16,-1.));
#8142 = DEFINITIONAL_REPRESENTATION('',(#8143),#8146);
#8143 = B_SPLINE_CURVE_WITH_KNOTS('',1,(#8144,#8145),.UNSPECIFIED.,.F.,
  .F.,(2,2),(-5.85,-3.05),.PIECEWISE_BEZIER_KNOTS.);
#8144 = CARTESIAN_POINT('',(2.8,-1.));
#8145 = CARTESIAN_POINT('',(0.,-1.));
#8146 = ( GEOMETRIC_REPRESENTATION_CONTEXT(2) 
PARAMETRIC_REPRESENTATION_CONTEXT() REPRESENTATION_CONTEXT('2D SPACE',''
  ) );
#8147 = ORIENTED_EDGE('',*,*,#8148,.T.);
#8148 = EDGE_CURVE('',#8121,#8149,#8151,.T.);
#8149 = VERTEX_POINT('',#8150);
#8150 = CARTESIAN_POINT('',(16.5,-1.1,18.1));
#8151 = SURFACE_CURVE('',#8152,(#8157,#8168),.PCURVE_S1.);
#8152 = CIRCLE('',#8153,1.1);
#8153 = AXIS2_PLACEMENT_3D('',#8154,#8155,#8156);
#8154 = CARTESIAN_POINT('',(16.5,-1.245366874689E-15,18.1));
#8155 = DIRECTION('',(-1.,-0.,0.));
#8156 = DIRECTION('',(-0.,1.,-2.334869823773E-16));
#8157 = PCURVE('',#7792,#8158);
#8158 = DEFINITIONAL_REPRESENTATION('',(#8159),#8167);
#8159 = ( BOUNDED_CURVE() B_SPLINE_CURVE(2,(#8160,#8161,#8162,#8163,
#8164,#8165,#8166),.UNSPECIFIED.,.T.,.F.) B_SPLINE_CURVE_WITH_KNOTS((1,2
    ,2,2,2,1),(-2.094395102393,0.,2.094395102393,4.188790204786,
6.28318530718,8.377580409573),.UNSPECIFIED.) CURVE() 
GEOMETRIC_REPRESENTATION_ITEM() RATIONAL_B_SPLINE_CURVE((1.,0.5,1.,0.5,
1.,0.5,1.)) REPRESENTATION_ITEM('') );
#8160 = CARTESIAN_POINT('',(-8.9,-1.1));
#8161 = CARTESIAN_POINT('',(-10.80525588832,-1.1));
#8162 = CARTESIAN_POINT('',(-9.852627944163,0.55));
#8163 = CARTESIAN_POINT('',(-8.9,2.2));
#8164 = CARTESIAN_POINT('',(-7.947372055837,0.55));
#8165 = CARTESIAN_POINT('',(-6.994744111674,-1.1));
#8166 = CARTESIAN_POINT('',(-8.9,-1.1));
#8167 = ( GEOMETRIC_REPRESENTATION_CONTEXT(2) 
PARAMETRIC_REPRESENTATION_CONTEXT() REPRESENTATION_CONTEXT('2D SPACE',''
  ) );
#8168 = PCURVE('',#8169,#8174);
#8169 = CYLINDRICAL_SURFACE('',#8170,1.1);
#8170 = AXIS2_PLACEMENT_3D('',#8171,#8172,#8173);
#8171 = CARTESIAN_POINT('',(15.5,-1.245366874689E-15,18.1));
#8172 = DIRECTION('',(-1.,-0.,0.));
#8173 = DIRECTION('',(0.,1.,-2.334869823773E-16));
#8174 = DEFINITIONAL_REPRESENTATION('',(#8175),#8179);
#8175 = LINE('',#8176,#8177);
#8176 = CARTESIAN_POINT('',(0.,-1.));
#8177 = VECTOR('',#8178,1.);
#8178 = DIRECTION('',(1.,0.));
#8179 = ( GEOMETRIC_REPRESENTATION_CONTEXT(2) 
PARAMETRIC_REPRESENTATION_CONTEXT() REPRESENTATION_CONTEXT('2D SPACE',''
  ) );
#8180 = ORIENTED_EDGE('',*,*,#8181,.F.);
#8181 = EDGE_CURVE('',#8182,#8149,#8184,.T.);
#8182 = VERTEX_POINT('',#8183);
#8183 = CARTESIAN_POINT('',(16.5,-1.1,20.9));
#8184 = SURFACE_CURVE('',#8185,(#8189,#8195),.PCURVE_S1.);
#8185 = LINE('',#8186,#8187);
#8186 = CARTESIAN_POINT('',(16.5,-1.1,22.55));
#8187 = VECTOR('',#8188,1.);
#8188 = DIRECTION('',(0.,-2.334869823773E-16,-1.));
#8189 = PCURVE('',#7792,#8190);
#8190 = DEFINITIONAL_REPRESENTATION('',(#8191),#8194);
#8191 = B_SPLINE_CURVE_WITH_KNOTS('',1,(#8192,#8193),.UNSPECIFIED.,.F.,
  .F.,(2,2),(1.65,4.45),.PIECEWISE_BEZIER_KNOTS.);
#8192 = CARTESIAN_POINT('',(-6.1,1.1));
#8193 = CARTESIAN_POINT('',(-8.9,1.1));
#8194 = ( GEOMETRIC_REPRESENTATION_CONTEXT(2) 
PARAMETRIC_REPRESENTATION_CONTEXT() REPRESENTATION_CONTEXT('2D SPACE',''
  ) );
#8195 = PCURVE('',#8196,#8201);
#8196 = PLANE('',#8197);
#8197 = AXIS2_PLACEMENT_3D('',#8198,#8199,#8200);
#8198 = CARTESIAN_POINT('',(15.5,-1.1,18.1));
#8199 = DIRECTION('',(0.,-1.,2.334869823773E-16));
#8200 = DIRECTION('',(0.,2.334869823773E-16,1.));
#8201 = DEFINITIONAL_REPRESENTATION('',(#8202),#8205);
#8202 = B_SPLINE_CURVE_WITH_KNOTS('',1,(#8203,#8204),.UNSPECIFIED.,.F.,
  .F.,(2,2),(1.65,4.45),.PIECEWISE_BEZIER_KNOTS.);
#8203 = CARTESIAN_POINT('',(2.8,-1.));
#8204 = CARTESIAN_POINT('',(0.,-1.));
#8205 = ( GEOMETRIC_REPRESENTATION_CONTEXT(2) 
PARAMETRIC_REPRESENTATION_CONTEXT() REPRESENTATION_CONTEXT('2D SPACE',''
  ) );
#8206 = ORIENTED_EDGE('',*,*,#8207,.T.);
#8207 = EDGE_CURVE('',#8182,#8123,#8208,.T.);
#8208 = SURFACE_CURVE('',#8209,(#8214,#8225),.PCURVE_S1.);
#8209 = CIRCLE('',#8210,1.1);
#8210 = AXIS2_PLACEMENT_3D('',#8211,#8212,#8213);
#8211 = CARTESIAN_POINT('',(16.5,-5.916033240324E-16,20.9));
#8212 = DIRECTION('',(-1.,0.,0.));
#8213 = DIRECTION('',(0.,-1.,2.334869823773E-16));
#8214 = PCURVE('',#7792,#8215);
#8215 = DEFINITIONAL_REPRESENTATION('',(#8216),#8224);
#8216 = ( BOUNDED_CURVE() B_SPLINE_CURVE(2,(#8217,#8218,#8219,#8220,
#8221,#8222,#8223),.UNSPECIFIED.,.T.,.F.) B_SPLINE_CURVE_WITH_KNOTS((1,2
    ,2,2,2,1),(-2.094395102393,0.,2.094395102393,4.188790204786,
6.28318530718,8.377580409573),.UNSPECIFIED.) CURVE() 
GEOMETRIC_REPRESENTATION_ITEM() RATIONAL_B_SPLINE_CURVE((1.,0.5,1.,0.5,
1.,0.5,1.)) REPRESENTATION_ITEM('') );
#8217 = CARTESIAN_POINT('',(-6.1,1.1));
#8218 = CARTESIAN_POINT('',(-4.194744111674,1.1));
#8219 = CARTESIAN_POINT('',(-5.147372055837,-0.55));
#8220 = CARTESIAN_POINT('',(-6.1,-2.2));
#8221 = CARTESIAN_POINT('',(-7.052627944163,-0.55));
#8222 = CARTESIAN_POINT('',(-8.005255888326,1.1));
#8223 = CARTESIAN_POINT('',(-6.1,1.1));
#8224 = ( GEOMETRIC_REPRESENTATION_CONTEXT(2) 
PARAMETRIC_REPRESENTATION_CONTEXT() REPRESENTATION_CONTEXT('2D SPACE',''
  ) );
#8225 = PCURVE('',#8226,#8231);
#8226 = CYLINDRICAL_SURFACE('',#8227,1.1);
#8227 = AXIS2_PLACEMENT_3D('',#8228,#8229,#8230);
#8228 = CARTESIAN_POINT('',(15.5,-5.916033240324E-16,20.9));
#8229 = DIRECTION('',(-1.,0.,0.));
#8230 = DIRECTION('',(0.,-1.,2.334869823773E-16));
#8231 = DEFINITIONAL_REPRESENTATION('',(#8232),#8236);
#8232 = LINE('',#8233,#8234);
#8233 = CARTESIAN_POINT('',(0.,-1.));
#8234 = VECTOR('',#8235,1.);
#8235 = DIRECTION('',(1.,0.));
#8236 = ( GEOMETRIC_REPRESENTATION_CONTEXT(2) 
PARAMETRIC_REPRESENTATION_CONTEXT() REPRESENTATION_CONTEXT('2D SPACE',''
  ) );
#8237 = FACE_BOUND('',#8238,.F.);
#8238 = EDGE_LOOP('',(#8239,#8267,#8300,#8326));
#8239 = ORIENTED_EDGE('',*,*,#8240,.F.);
#8240 = EDGE_CURVE('',#8241,#8243,#8245,.T.);
#8241 = VERTEX_POINT('',#8242);
#8242 = CARTESIAN_POINT('',(16.5,-8.9,25.9));
#8243 = VERTEX_POINT('',#8244);
#8244 = CARTESIAN_POINT('',(16.5,-6.1,25.9));
#8245 = SURFACE_CURVE('',#8246,(#8250,#8256),.PCURVE_S1.);
#8246 = LINE('',#8247,#8248);
#8247 = CARTESIAN_POINT('',(16.5,-3.05,25.9));
#8248 = VECTOR('',#8249,1.);
#8249 = DIRECTION('',(0.,1.,-2.22044604925E-16));
#8250 = PCURVE('',#7792,#8251);
#8251 = DEFINITIONAL_REPRESENTATION('',(#8252),#8255);
#8252 = B_SPLINE_CURVE_WITH_KNOTS('',1,(#8253,#8254),.UNSPECIFIED.,.F.,
  .F.,(2,2),(-5.85,-3.05),.PIECEWISE_BEZIER_KNOTS.);
#8253 = CARTESIAN_POINT('',(-1.1,8.9));
#8254 = CARTESIAN_POINT('',(-1.1,6.1));
#8255 = ( GEOMETRIC_REPRESENTATION_CONTEXT(2) 
PARAMETRIC_REPRESENTATION_CONTEXT() REPRESENTATION_CONTEXT('2D SPACE',''
  ) );
#8256 = PCURVE('',#8257,#8262);
#8257 = PLANE('',#8258);
#8258 = AXIS2_PLACEMENT_3D('',#8259,#8260,#8261);
#8259 = CARTESIAN_POINT('',(15.5,-6.1,25.9));
#8260 = DIRECTION('',(0.,-2.22044604925E-16,-1.));
#8261 = DIRECTION('',(0.,-1.,2.22044604925E-16));
#8262 = DEFINITIONAL_REPRESENTATION('',(#8263),#8266);
#8263 = B_SPLINE_CURVE_WITH_KNOTS('',1,(#8264,#8265),.UNSPECIFIED.,.F.,
  .F.,(2,2),(-5.85,-3.05),.PIECEWISE_BEZIER_KNOTS.);
#8264 = CARTESIAN_POINT('',(2.8,-1.));
#8265 = CARTESIAN_POINT('',(0.,-1.));
#8266 = ( GEOMETRIC_REPRESENTATION_CONTEXT(2) 
PARAMETRIC_REPRESENTATION_CONTEXT() REPRESENTATION_CONTEXT('2D SPACE',''
  ) );
#8267 = ORIENTED_EDGE('',*,*,#8268,.T.);
#8268 = EDGE_CURVE('',#8241,#8269,#8271,.T.);
#8269 = VERTEX_POINT('',#8270);
#8270 = CARTESIAN_POINT('',(16.5,-8.9,28.1));
#8271 = SURFACE_CURVE('',#8272,(#8277,#8288),.PCURVE_S1.);
#8272 = CIRCLE('',#8273,1.1);
#8273 = AXIS2_PLACEMENT_3D('',#8274,#8275,#8276);
#8274 = CARTESIAN_POINT('',(16.5,-8.9,27.));
#8275 = DIRECTION('',(-1.,0.,0.));
#8276 = DIRECTION('',(-0.,-2.22044604925E-16,-1.));
#8277 = PCURVE('',#7792,#8278);
#8278 = DEFINITIONAL_REPRESENTATION('',(#8279),#8287);
#8279 = ( BOUNDED_CURVE() B_SPLINE_CURVE(2,(#8280,#8281,#8282,#8283,
#8284,#8285,#8286),.UNSPECIFIED.,.T.,.F.) B_SPLINE_CURVE_WITH_KNOTS((1,2
    ,2,2,2,1),(-2.094395102393,0.,2.094395102393,4.188790204786,
6.28318530718,8.377580409573),.UNSPECIFIED.) CURVE() 
GEOMETRIC_REPRESENTATION_ITEM() RATIONAL_B_SPLINE_CURVE((1.,0.5,1.,0.5,
1.,0.5,1.)) REPRESENTATION_ITEM('') );
#8280 = CARTESIAN_POINT('',(-1.1,8.9));
#8281 = CARTESIAN_POINT('',(-1.1,10.805255888326));
#8282 = CARTESIAN_POINT('',(0.55,9.852627944163));
#8283 = CARTESIAN_POINT('',(2.2,8.9));
#8284 = CARTESIAN_POINT('',(0.55,7.947372055837));
#8285 = CARTESIAN_POINT('',(-1.1,6.994744111674));
#8286 = CARTESIAN_POINT('',(-1.1,8.9));
#8287 = ( GEOMETRIC_REPRESENTATION_CONTEXT(2) 
PARAMETRIC_REPRESENTATION_CONTEXT() REPRESENTATION_CONTEXT('2D SPACE',''
  ) );
#8288 = PCURVE('',#8289,#8294);
#8289 = CYLINDRICAL_SURFACE('',#8290,1.1);
#8290 = AXIS2_PLACEMENT_3D('',#8291,#8292,#8293);
#8291 = CARTESIAN_POINT('',(15.5,-8.9,27.));
#8292 = DIRECTION('',(-1.,0.,0.));
#8293 = DIRECTION('',(0.,-2.22044604925E-16,-1.));
#8294 = DEFINITIONAL_REPRESENTATION('',(#8295),#8299);
#8295 = LINE('',#8296,#8297);
#8296 = CARTESIAN_POINT('',(0.,-1.));
#8297 = VECTOR('',#8298,1.);
#8298 = DIRECTION('',(1.,0.));
#8299 = ( GEOMETRIC_REPRESENTATION_CONTEXT(2) 
PARAMETRIC_REPRESENTATION_CONTEXT() REPRESENTATION_CONTEXT('2D SPACE',''
  ) );
#8300 = ORIENTED_EDGE('',*,*,#8301,.F.);
#8301 = EDGE_CURVE('',#8302,#8269,#8304,.T.);
#8302 = VERTEX_POINT('',#8303);
#8303 = CARTESIAN_POINT('',(16.5,-6.1,28.1));
#8304 = SURFACE_CURVE('',#8305,(#8309,#8315),.PCURVE_S1.);
#8305 = LINE('',#8306,#8307);
#8306 = CARTESIAN_POINT('',(16.5,-4.45,28.1));
#8307 = VECTOR('',#8308,1.);
#8308 = DIRECTION('',(0.,-1.,2.22044604925E-16));
#8309 = PCURVE('',#7792,#8310);
#8310 = DEFINITIONAL_REPRESENTATION('',(#8311),#8314);
#8311 = B_SPLINE_CURVE_WITH_KNOTS('',1,(#8312,#8313),.UNSPECIFIED.,.F.,
  .F.,(2,2),(1.65,4.45),.PIECEWISE_BEZIER_KNOTS.);
#8312 = CARTESIAN_POINT('',(1.1,6.1));
#8313 = CARTESIAN_POINT('',(1.1,8.9));
#8314 = ( GEOMETRIC_REPRESENTATION_CONTEXT(2) 
PARAMETRIC_REPRESENTATION_CONTEXT() REPRESENTATION_CONTEXT('2D SPACE',''
  ) );
#8315 = PCURVE('',#8316,#8321);
#8316 = PLANE('',#8317);
#8317 = AXIS2_PLACEMENT_3D('',#8318,#8319,#8320);
#8318 = CARTESIAN_POINT('',(15.5,-8.9,28.1));
#8319 = DIRECTION('',(0.,2.22044604925E-16,1.));
#8320 = DIRECTION('',(0.,1.,-2.22044604925E-16));
#8321 = DEFINITIONAL_REPRESENTATION('',(#8322),#8325);
#8322 = B_SPLINE_CURVE_WITH_KNOTS('',1,(#8323,#8324),.UNSPECIFIED.,.F.,
  .F.,(2,2),(1.65,4.45),.PIECEWISE_BEZIER_KNOTS.);
#8323 = CARTESIAN_POINT('',(2.8,-1.));
#8324 = CARTESIAN_POINT('',(0.,-1.));
#8325 = ( GEOMETRIC_REPRESENTATION_CONTEXT(2) 
PARAMETRIC_REPRESENTATION_CONTEXT() REPRESENTATION_CONTEXT('2D SPACE',''
  ) );
#8326 = ORIENTED_EDGE('',*,*,#8327,.T.);
#8327 = EDGE_CURVE('',#8302,#8243,#8328,.T.);
#8328 = SURFACE_CURVE('',#8329,(#8334,#8345),.PCURVE_S1.);
#8329 = CIRCLE('',#8330,1.1);
#8330 = AXIS2_PLACEMENT_3D('',#8331,#8332,#8333);
#8331 = CARTESIAN_POINT('',(16.5,-6.1,27.));
#8332 = DIRECTION('',(-1.,0.,0.));
#8333 = DIRECTION('',(0.,2.22044604925E-16,1.));
#8334 = PCURVE('',#7792,#8335);
#8335 = DEFINITIONAL_REPRESENTATION('',(#8336),#8344);
#8336 = ( BOUNDED_CURVE() B_SPLINE_CURVE(2,(#8337,#8338,#8339,#8340,
#8341,#8342,#8343),.UNSPECIFIED.,.T.,.F.) B_SPLINE_CURVE_WITH_KNOTS((1,2
    ,2,2,2,1),(-2.094395102393,0.,2.094395102393,4.188790204786,
6.28318530718,8.377580409573),.UNSPECIFIED.) CURVE() 
GEOMETRIC_REPRESENTATION_ITEM() RATIONAL_B_SPLINE_CURVE((1.,0.5,1.,0.5,
1.,0.5,1.)) REPRESENTATION_ITEM('') );
#8337 = CARTESIAN_POINT('',(1.1,6.1));
#8338 = CARTESIAN_POINT('',(1.1,4.194744111674));
#8339 = CARTESIAN_POINT('',(-0.55,5.147372055837));
#8340 = CARTESIAN_POINT('',(-2.2,6.1));
#8341 = CARTESIAN_POINT('',(-0.55,7.052627944163));
#8342 = CARTESIAN_POINT('',(1.1,8.005255888326));
#8343 = CARTESIAN_POINT('',(1.1,6.1));
#8344 = ( GEOMETRIC_REPRESENTATION_CONTEXT(2) 
PARAMETRIC_REPRESENTATION_CONTEXT() REPRESENTATION_CONTEXT('2D SPACE',''
  ) );
#8345 = PCURVE('',#8346,#8351);
#8346 = CYLINDRICAL_SURFACE('',#8347,1.1);
#8347 = AXIS2_PLACEMENT_3D('',#8348,#8349,#8350);
#8348 = CARTESIAN_POINT('',(15.5,-6.1,27.));
#8349 = DIRECTION('',(-1.,0.,0.));
#8350 = DIRECTION('',(0.,2.22044604925E-16,1.));
#8351 = DEFINITIONAL_REPRESENTATION('',(#8352),#8356);
#8352 = LINE('',#8353,#8354);
#8353 = CARTESIAN_POINT('',(0.,-1.));
#8354 = VECTOR('',#8355,1.);
#8355 = DIRECTION('',(1.,0.));
#8356 = ( GEOMETRIC_REPRESENTATION_CONTEXT(2) 
PARAMETRIC_REPRESENTATION_CONTEXT() REPRESENTATION_CONTEXT('2D SPACE',''
  ) );
#8357 = FACE_BOUND('',#8358,.F.);
#8358 = EDGE_LOOP('',(#8359,#8387,#8420,#8446));
#8359 = ORIENTED_EDGE('',*,*,#8360,.F.);
#8360 = EDGE_CURVE('',#8361,#8363,#8365,.T.);
#8361 = VERTEX_POINT('',#8362);
#8362 = CARTESIAN_POINT('',(16.5,-1.1,35.9));
#8363 = VERTEX_POINT('',#8364);
#8364 = CARTESIAN_POINT('',(16.5,-1.1,33.1));
#8365 = SURFACE_CURVE('',#8366,(#8370,#8376),.PCURVE_S1.);
#8366 = LINE('',#8367,#8368);
#8367 = CARTESIAN_POINT('',(16.5,-1.1,30.05));
#8368 = VECTOR('',#8369,1.);
#8369 = DIRECTION('',(0.,-1.110223024625E-16,-1.));
#8370 = PCURVE('',#7792,#8371);
#8371 = DEFINITIONAL_REPRESENTATION('',(#8372),#8375);
#8372 = B_SPLINE_CURVE_WITH_KNOTS('',1,(#8373,#8374),.UNSPECIFIED.,.F.,
  .F.,(2,2),(-5.85,-3.05),.PIECEWISE_BEZIER_KNOTS.);
#8373 = CARTESIAN_POINT('',(8.9,1.1));
#8374 = CARTESIAN_POINT('',(6.1,1.1));
#8375 = ( GEOMETRIC_REPRESENTATION_CONTEXT(2) 
PARAMETRIC_REPRESENTATION_CONTEXT() REPRESENTATION_CONTEXT('2D SPACE',''
  ) );
#8376 = PCURVE('',#8377,#8382);
#8377 = PLANE('',#8378);
#8378 = AXIS2_PLACEMENT_3D('',#8379,#8380,#8381);
#8379 = CARTESIAN_POINT('',(15.5,-1.1,33.1));
#8380 = DIRECTION('',(0.,-1.,1.110223024625E-16));
#8381 = DIRECTION('',(0.,1.110223024625E-16,1.));
#8382 = DEFINITIONAL_REPRESENTATION('',(#8383),#8386);
#8383 = B_SPLINE_CURVE_WITH_KNOTS('',1,(#8384,#8385),.UNSPECIFIED.,.F.,
  .F.,(2,2),(-5.85,-3.05),.PIECEWISE_BEZIER_KNOTS.);
#8384 = CARTESIAN_POINT('',(2.8,-1.));
#8385 = CARTESIAN_POINT('',(0.,-1.));
#8386 = ( GEOMETRIC_REPRESENTATION_CONTEXT(2) 
PARAMETRIC_REPRESENTATION_CONTEXT() REPRESENTATION_CONTEXT('2D SPACE',''
  ) );
#8387 = ORIENTED_EDGE('',*,*,#8388,.T.);
#8388 = EDGE_CURVE('',#8361,#8389,#8391,.T.);
#8389 = VERTEX_POINT('',#8390);
#8390 = CARTESIAN_POINT('',(16.5,1.1,35.9));
#8391 = SURFACE_CURVE('',#8392,(#8397,#8408),.PCURVE_S1.);
#8392 = CIRCLE('',#8393,1.1);
#8393 = AXIS2_PLACEMENT_3D('',#8394,#8395,#8396);
#8394 = CARTESIAN_POINT('',(16.5,1.554312234475E-16,35.9));
#8395 = DIRECTION('',(-1.,0.,0.));
#8396 = DIRECTION('',(0.,-1.,1.110223024625E-16));
#8397 = PCURVE('',#7792,#8398);
#8398 = DEFINITIONAL_REPRESENTATION('',(#8399),#8407);
#8399 = ( BOUNDED_CURVE() B_SPLINE_CURVE(2,(#8400,#8401,#8402,#8403,
#8404,#8405,#8406),.UNSPECIFIED.,.T.,.F.) B_SPLINE_CURVE_WITH_KNOTS((1,2
    ,2,2,2,1),(-2.094395102393,0.,2.094395102393,4.188790204786,
6.28318530718,8.377580409573),.UNSPECIFIED.) CURVE() 
GEOMETRIC_REPRESENTATION_ITEM() RATIONAL_B_SPLINE_CURVE((1.,0.5,1.,0.5,
1.,0.5,1.)) REPRESENTATION_ITEM('') );
#8400 = CARTESIAN_POINT('',(8.9,1.1));
#8401 = CARTESIAN_POINT('',(10.805255888326,1.1));
#8402 = CARTESIAN_POINT('',(9.852627944163,-0.55));
#8403 = CARTESIAN_POINT('',(8.9,-2.2));
#8404 = CARTESIAN_POINT('',(7.947372055837,-0.55));
#8405 = CARTESIAN_POINT('',(6.994744111674,1.1));
#8406 = CARTESIAN_POINT('',(8.9,1.1));
#8407 = ( GEOMETRIC_REPRESENTATION_CONTEXT(2) 
PARAMETRIC_REPRESENTATION_CONTEXT() REPRESENTATION_CONTEXT('2D SPACE',''
  ) );
#8408 = PCURVE('',#8409,#8414);
#8409 = CYLINDRICAL_SURFACE('',#8410,1.1);
#8410 = AXIS2_PLACEMENT_3D('',#8411,#8412,#8413);
#8411 = CARTESIAN_POINT('',(15.5,1.554312234475E-16,35.9));
#8412 = DIRECTION('',(-1.,0.,0.));
#8413 = DIRECTION('',(0.,-1.,1.110223024625E-16));
#8414 = DEFINITIONAL_REPRESENTATION('',(#8415),#8419);
#8415 = LINE('',#8416,#8417);
#8416 = CARTESIAN_POINT('',(0.,-1.));
#8417 = VECTOR('',#8418,1.);
#8418 = DIRECTION('',(1.,0.));
#8419 = ( GEOMETRIC_REPRESENTATION_CONTEXT(2) 
PARAMETRIC_REPRESENTATION_CONTEXT() REPRESENTATION_CONTEXT('2D SPACE',''
  ) );
#8420 = ORIENTED_EDGE('',*,*,#8421,.F.);
#8421 = EDGE_CURVE('',#8422,#8389,#8424,.T.);
#8422 = VERTEX_POINT('',#8423);
#8423 = CARTESIAN_POINT('',(16.5,1.1,33.1));
#8424 = SURFACE_CURVE('',#8425,(#8429,#8435),.PCURVE_S1.);
#8425 = LINE('',#8426,#8427);
#8426 = CARTESIAN_POINT('',(16.5,1.1,31.45));
#8427 = VECTOR('',#8428,1.);
#8428 = DIRECTION('',(-0.,1.110223024625E-16,1.));
#8429 = PCURVE('',#7792,#8430);
#8430 = DEFINITIONAL_REPRESENTATION('',(#8431),#8434);
#8431 = B_SPLINE_CURVE_WITH_KNOTS('',1,(#8432,#8433),.UNSPECIFIED.,.F.,
  .F.,(2,2),(1.65,4.45),.PIECEWISE_BEZIER_KNOTS.);
#8432 = CARTESIAN_POINT('',(6.1,-1.1));
#8433 = CARTESIAN_POINT('',(8.9,-1.1));
#8434 = ( GEOMETRIC_REPRESENTATION_CONTEXT(2) 
PARAMETRIC_REPRESENTATION_CONTEXT() REPRESENTATION_CONTEXT('2D SPACE',''
  ) );
#8435 = PCURVE('',#8436,#8441);
#8436 = PLANE('',#8437);
#8437 = AXIS2_PLACEMENT_3D('',#8438,#8439,#8440);
#8438 = CARTESIAN_POINT('',(15.5,1.1,35.9));
#8439 = DIRECTION('',(0.,1.,-1.110223024625E-16));
#8440 = DIRECTION('',(0.,-1.110223024625E-16,-1.));
#8441 = DEFINITIONAL_REPRESENTATION('',(#8442),#8445);
#8442 = B_SPLINE_CURVE_WITH_KNOTS('',1,(#8443,#8444),.UNSPECIFIED.,.F.,
  .F.,(2,2),(1.65,4.45),.PIECEWISE_BEZIER_KNOTS.);
#8443 = CARTESIAN_POINT('',(2.8,-1.));
#8444 = CARTESIAN_POINT('',(0.,-1.));
#8445 = ( GEOMETRIC_REPRESENTATION_CONTEXT(2) 
PARAMETRIC_REPRESENTATION_CONTEXT() REPRESENTATION_CONTEXT('2D SPACE',''
  ) );
#8446 = ORIENTED_EDGE('',*,*,#8447,.T.);
#8447 = EDGE_CURVE('',#8422,#8363,#8448,.T.);
#8448 = SURFACE_CURVE('',#8449,(#8454,#8465),.PCURVE_S1.);
#8449 = CIRCLE('',#8450,1.1);
#8450 = AXIS2_PLACEMENT_3D('',#8451,#8452,#8453);
#8451 = CARTESIAN_POINT('',(16.5,-1.554312234475E-16,33.1));
#8452 = DIRECTION('',(-1.,0.,0.));
#8453 = DIRECTION('',(0.,1.,-1.110223024625E-16));
#8454 = PCURVE('',#7792,#8455);
#8455 = DEFINITIONAL_REPRESENTATION('',(#8456),#8464);
#8456 = ( BOUNDED_CURVE() B_SPLINE_CURVE(2,(#8457,#8458,#8459,#8460,
#8461,#8462,#8463),.UNSPECIFIED.,.T.,.F.) B_SPLINE_CURVE_WITH_KNOTS((1,2
    ,2,2,2,1),(-2.094395102393,0.,2.094395102393,4.188790204786,
6.28318530718,8.377580409573),.UNSPECIFIED.) CURVE() 
GEOMETRIC_REPRESENTATION_ITEM() RATIONAL_B_SPLINE_CURVE((1.,0.5,1.,0.5,
1.,0.5,1.)) REPRESENTATION_ITEM('') );
#8457 = CARTESIAN_POINT('',(6.1,-1.1));
#8458 = CARTESIAN_POINT('',(4.194744111674,-1.1));
#8459 = CARTESIAN_POINT('',(5.147372055837,0.55));
#8460 = CARTESIAN_POINT('',(6.1,2.2));
#8461 = CARTESIAN_POINT('',(7.052627944163,0.55));
#8462 = CARTESIAN_POINT('',(8.005255888326,-1.1));
#8463 = CARTESIAN_POINT('',(6.1,-1.1));
#8464 = ( GEOMETRIC_REPRESENTATION_CONTEXT(2) 
PARAMETRIC_REPRESENTATION_CONTEXT() REPRESENTATION_CONTEXT('2D SPACE',''
  ) );
#8465 = PCURVE('',#8466,#8471);
#8466 = CYLINDRICAL_SURFACE('',#8467,1.1);
#8467 = AXIS2_PLACEMENT_3D('',#8468,#8469,#8470);
#8468 = CARTESIAN_POINT('',(15.5,-1.554312234475E-16,33.1));
#8469 = DIRECTION('',(-1.,0.,0.));
#8470 = DIRECTION('',(0.,1.,-1.110223024625E-16));
#8471 = DEFINITIONAL_REPRESENTATION('',(#8472),#8476);
#8472 = LINE('',#8473,#8474);
#8473 = CARTESIAN_POINT('',(0.,-1.));
#8474 = VECTOR('',#8475,1.);
#8475 = DIRECTION('',(1.,0.));
#8476 = ( GEOMETRIC_REPRESENTATION_CONTEXT(2) 
PARAMETRIC_REPRESENTATION_CONTEXT() REPRESENTATION_CONTEXT('2D SPACE',''
  ) );
#8477 = FACE_BOUND('',#8478,.F.);
#8478 = EDGE_LOOP('',(#8479,#8509,#8537,#8565));
#8479 = ORIENTED_EDGE('',*,*,#8480,.T.);
#8480 = EDGE_CURVE('',#8481,#8483,#8485,.T.);
#8481 = VERTEX_POINT('',#8482);
#8482 = CARTESIAN_POINT('',(16.5,-3.2,46.5));
#8483 = VERTEX_POINT('',#8484);
#8484 = CARTESIAN_POINT('',(16.5,-3.2,51.5));
#8485 = SURFACE_CURVE('',#8486,(#8490,#8497),.PCURVE_S1.);
#8486 = LINE('',#8487,#8488);
#8487 = CARTESIAN_POINT('',(16.5,-3.2,46.5));
#8488 = VECTOR('',#8489,1.);
#8489 = DIRECTION('',(0.,0.,1.));
#8490 = PCURVE('',#7792,#8491);
#8491 = DEFINITIONAL_REPRESENTATION('',(#8492),#8496);
#8492 = LINE('',#8493,#8494);
#8493 = CARTESIAN_POINT('',(19.5,3.2));
#8494 = VECTOR('',#8495,1.);
#8495 = DIRECTION('',(1.,0.));
#8496 = ( GEOMETRIC_REPRESENTATION_CONTEXT(2) 
PARAMETRIC_REPRESENTATION_CONTEXT() REPRESENTATION_CONTEXT('2D SPACE',''
  ) );
#8497 = PCURVE('',#8498,#8503);
#8498 = PLANE('',#8499);
#8499 = AXIS2_PLACEMENT_3D('',#8500,#8501,#8502);
#8500 = CARTESIAN_POINT('',(-0.5,-3.2,46.5));
#8501 = DIRECTION('',(0.,1.,0.));
#8502 = DIRECTION('',(0.,0.,1.));
#8503 = DEFINITIONAL_REPRESENTATION('',(#8504),#8508);
#8504 = LINE('',#8505,#8506);
#8505 = CARTESIAN_POINT('',(0.,17.));
#8506 = VECTOR('',#8507,1.);
#8507 = DIRECTION('',(1.,0.));
#8508 = ( GEOMETRIC_REPRESENTATION_CONTEXT(2) 
PARAMETRIC_REPRESENTATION_CONTEXT() REPRESENTATION_CONTEXT('2D SPACE',''
  ) );
#8509 = ORIENTED_EDGE('',*,*,#8510,.T.);
#8510 = EDGE_CURVE('',#8483,#8511,#8513,.T.);
#8511 = VERTEX_POINT('',#8512);
#8512 = CARTESIAN_POINT('',(16.5,-0.2,51.5));
#8513 = SURFACE_CURVE('',#8514,(#8518,#8525),.PCURVE_S1.);
#8514 = LINE('',#8515,#8516);
#8515 = CARTESIAN_POINT('',(16.5,-3.2,51.5));
#8516 = VECTOR('',#8517,1.);
#8517 = DIRECTION('',(0.,1.,0.));
#8518 = PCURVE('',#7792,#8519);
#8519 = DEFINITIONAL_REPRESENTATION('',(#8520),#8524);
#8520 = LINE('',#8521,#8522);
#8521 = CARTESIAN_POINT('',(24.5,3.2));
#8522 = VECTOR('',#8523,1.);
#8523 = DIRECTION('',(0.,-1.));
#8524 = ( GEOMETRIC_REPRESENTATION_CONTEXT(2) 
PARAMETRIC_REPRESENTATION_CONTEXT() REPRESENTATION_CONTEXT('2D SPACE',''
  ) );
#8525 = PCURVE('',#8526,#8531);
#8526 = PLANE('',#8527);
#8527 = AXIS2_PLACEMENT_3D('',#8528,#8529,#8530);
#8528 = CARTESIAN_POINT('',(-0.5,-3.2,51.5));
#8529 = DIRECTION('',(0.,0.,1.));
#8530 = DIRECTION('',(1.,0.,0.));
#8531 = DEFINITIONAL_REPRESENTATION('',(#8532),#8536);
#8532 = LINE('',#8533,#8534);
#8533 = CARTESIAN_POINT('',(17.,0.));
#8534 = VECTOR('',#8535,1.);
#8535 = DIRECTION('',(0.,1.));
#8536 = ( GEOMETRIC_REPRESENTATION_CONTEXT(2) 
PARAMETRIC_REPRESENTATION_CONTEXT() REPRESENTATION_CONTEXT('2D SPACE',''
  ) );
#8537 = ORIENTED_EDGE('',*,*,#8538,.F.);
#8538 = EDGE_CURVE('',#8539,#8511,#8541,.T.);
#8539 = VERTEX_POINT('',#8540);
#8540 = CARTESIAN_POINT('',(16.5,-0.2,46.5));
#8541 = SURFACE_CURVE('',#8542,(#8546,#8553),.PCURVE_S1.);
#8542 = LINE('',#8543,#8544);
#8543 = CARTESIAN_POINT('',(16.5,-0.2,46.5));
#8544 = VECTOR('',#8545,1.);
#8545 = DIRECTION('',(0.,0.,1.));
#8546 = PCURVE('',#7792,#8547);
#8547 = DEFINITIONAL_REPRESENTATION('',(#8548),#8552);
#8548 = LINE('',#8549,#8550);
#8549 = CARTESIAN_POINT('',(19.5,0.2));
#8550 = VECTOR('',#8551,1.);
#8551 = DIRECTION('',(1.,0.));
#8552 = ( GEOMETRIC_REPRESENTATION_CONTEXT(2) 
PARAMETRIC_REPRESENTATION_CONTEXT() REPRESENTATION_CONTEXT('2D SPACE',''
  ) );
#8553 = PCURVE('',#8554,#8559);
#8554 = PLANE('',#8555);
#8555 = AXIS2_PLACEMENT_3D('',#8556,#8557,#8558);
#8556 = CARTESIAN_POINT('',(-0.5,-0.2,46.5));
#8557 = DIRECTION('',(0.,1.,0.));
#8558 = DIRECTION('',(0.,0.,1.));
#8559 = DEFINITIONAL_REPRESENTATION('',(#8560),#8564);
#8560 = LINE('',#8561,#8562);
#8561 = CARTESIAN_POINT('',(0.,17.));
#8562 = VECTOR('',#8563,1.);
#8563 = DIRECTION('',(1.,0.));
#8564 = ( GEOMETRIC_REPRESENTATION_CONTEXT(2) 
PARAMETRIC_REPRESENTATION_CONTEXT() REPRESENTATION_CONTEXT('2D SPACE',''
  ) );
#8565 = ORIENTED_EDGE('',*,*,#8566,.F.);
#8566 = EDGE_CURVE('',#8481,#8539,#8567,.T.);
#8567 = SURFACE_CURVE('',#8568,(#8572,#8579),.PCURVE_S1.);
#8568 = LINE('',#8569,#8570);
#8569 = CARTESIAN_POINT('',(16.5,-3.2,46.5));
#8570 = VECTOR('',#8571,1.);
#8571 = DIRECTION('',(0.,1.,0.));
#8572 = PCURVE('',#7792,#8573);
#8573 = DEFINITIONAL_REPRESENTATION('',(#8574),#8578);
#8574 = LINE('',#8575,#8576);
#8575 = CARTESIAN_POINT('',(19.5,3.2));
#8576 = VECTOR('',#8577,1.);
#8577 = DIRECTION('',(0.,-1.));
#8578 = ( GEOMETRIC_REPRESENTATION_CONTEXT(2) 
PARAMETRIC_REPRESENTATION_CONTEXT() REPRESENTATION_CONTEXT('2D SPACE',''
  ) );
#8579 = PCURVE('',#8580,#8585);
#8580 = PLANE('',#8581);
#8581 = AXIS2_PLACEMENT_3D('',#8582,#8583,#8584);
#8582 = CARTESIAN_POINT('',(-0.5,-3.2,46.5));
#8583 = DIRECTION('',(0.,0.,1.));
#8584 = DIRECTION('',(1.,0.,0.));
#8585 = DEFINITIONAL_REPRESENTATION('',(#8586),#8590);
#8586 = LINE('',#8587,#8588);
#8587 = CARTESIAN_POINT('',(17.,0.));
#8588 = VECTOR('',#8589,1.);
#8589 = DIRECTION('',(0.,1.));
#8590 = ( GEOMETRIC_REPRESENTATION_CONTEXT(2) 
PARAMETRIC_REPRESENTATION_CONTEXT() REPRESENTATION_CONTEXT('2D SPACE',''
  ) );
#8591 = ADVANCED_FACE('',(#8592),#7819,.F.);
#8592 = FACE_BOUND('',#8593,.F.);
#8593 = EDGE_LOOP('',(#8594,#8617,#8618,#8619));
#8594 = ORIENTED_EDGE('',*,*,#8595,.F.);
#8595 = EDGE_CURVE('',#7805,#8596,#8598,.T.);
#8596 = VERTEX_POINT('',#8597);
#8597 = CARTESIAN_POINT('',(19.,-6.,72.));
#8598 = SURFACE_CURVE('',#8599,(#8603,#8610),.PCURVE_S1.);
#8599 = LINE('',#8600,#8601);
#8600 = CARTESIAN_POINT('',(19.,-6.,35.));
#8601 = VECTOR('',#8602,1.);
#8602 = DIRECTION('',(0.,0.,1.));
#8603 = PCURVE('',#7819,#8604);
#8604 = DEFINITIONAL_REPRESENTATION('',(#8605),#8609);
#8605 = LINE('',#8606,#8607);
#8606 = CARTESIAN_POINT('',(0.,2.5));
#8607 = VECTOR('',#8608,1.);
#8608 = DIRECTION('',(1.,0.));
#8609 = ( GEOMETRIC_REPRESENTATION_CONTEXT(2) 
PARAMETRIC_REPRESENTATION_CONTEXT() REPRESENTATION_CONTEXT('2D SPACE',''
  ) );
#8610 = PCURVE('',#7847,#8611);
#8611 = DEFINITIONAL_REPRESENTATION('',(#8612),#8616);
#8612 = LINE('',#8613,#8614);
#8613 = CARTESIAN_POINT('',(8.,6.));
#8614 = VECTOR('',#8615,1.);
#8615 = DIRECTION('',(1.,0.));
#8616 = ( GEOMETRIC_REPRESENTATION_CONTEXT(2) 
PARAMETRIC_REPRESENTATION_CONTEXT() REPRESENTATION_CONTEXT('2D SPACE',''
  ) );
#8617 = ORIENTED_EDGE('',*,*,#7804,.T.);
#8618 = ORIENTED_EDGE('',*,*,#7942,.T.);
#8619 = ORIENTED_EDGE('',*,*,#8620,.T.);
#8620 = EDGE_CURVE('',#7915,#8596,#8621,.T.);
#8621 = SURFACE_CURVE('',#8622,(#8626,#8633),.PCURVE_S1.);
#8622 = LINE('',#8623,#8624);
#8623 = CARTESIAN_POINT('',(16.5,-6.,72.));
#8624 = VECTOR('',#8625,1.);
#8625 = DIRECTION('',(1.,0.,0.));
#8626 = PCURVE('',#7819,#8627);
#8627 = DEFINITIONAL_REPRESENTATION('',(#8628),#8632);
#8628 = LINE('',#8629,#8630);
#8629 = CARTESIAN_POINT('',(37.,0.));
#8630 = VECTOR('',#8631,1.);
#8631 = DIRECTION('',(0.,1.));
#8632 = ( GEOMETRIC_REPRESENTATION_CONTEXT(2) 
PARAMETRIC_REPRESENTATION_CONTEXT() REPRESENTATION_CONTEXT('2D SPACE',''
  ) );
#8633 = PCURVE('',#7930,#8634);
#8634 = DEFINITIONAL_REPRESENTATION('',(#8635),#8639);
#8635 = LINE('',#8636,#8637);
#8636 = CARTESIAN_POINT('',(0.,0.));
#8637 = VECTOR('',#8638,1.);
#8638 = DIRECTION('',(1.,0.));
#8639 = ( GEOMETRIC_REPRESENTATION_CONTEXT(2) 
PARAMETRIC_REPRESENTATION_CONTEXT() REPRESENTATION_CONTEXT('2D SPACE',''
  ) );
#8640 = ADVANCED_FACE('',(#8641,#8689,#8789,#8819,#8919,#9019),#7847,.T.
  );
#8641 = FACE_BOUND('',#8642,.T.);
#8642 = EDGE_LOOP('',(#8643,#8644,#8667,#8688));
#8643 = ORIENTED_EDGE('',*,*,#7830,.F.);
#8644 = ORIENTED_EDGE('',*,*,#8645,.T.);
#8645 = EDGE_CURVE('',#7831,#8646,#8648,.T.);
#8646 = VERTEX_POINT('',#8647);
#8647 = CARTESIAN_POINT('',(19.,6.,72.));
#8648 = SURFACE_CURVE('',#8649,(#8653,#8660),.PCURVE_S1.);
#8649 = LINE('',#8650,#8651);
#8650 = CARTESIAN_POINT('',(19.,6.,35.));
#8651 = VECTOR('',#8652,1.);
#8652 = DIRECTION('',(0.,0.,1.));
#8653 = PCURVE('',#7847,#8654);
#8654 = DEFINITIONAL_REPRESENTATION('',(#8655),#8659);
#8655 = LINE('',#8656,#8657);
#8656 = CARTESIAN_POINT('',(8.,-6.));
#8657 = VECTOR('',#8658,1.);
#8658 = DIRECTION('',(1.,0.));
#8659 = ( GEOMETRIC_REPRESENTATION_CONTEXT(2) 
PARAMETRIC_REPRESENTATION_CONTEXT() REPRESENTATION_CONTEXT('2D SPACE',''
  ) );
#8660 = PCURVE('',#7876,#8661);
#8661 = DEFINITIONAL_REPRESENTATION('',(#8662),#8666);
#8662 = LINE('',#8663,#8664);
#8663 = CARTESIAN_POINT('',(0.,2.5));
#8664 = VECTOR('',#8665,1.);
#8665 = DIRECTION('',(1.,0.));
#8666 = ( GEOMETRIC_REPRESENTATION_CONTEXT(2) 
PARAMETRIC_REPRESENTATION_CONTEXT() REPRESENTATION_CONTEXT('2D SPACE',''
  ) );
#8667 = ORIENTED_EDGE('',*,*,#8668,.F.);
#8668 = EDGE_CURVE('',#8596,#8646,#8669,.T.);
#8669 = SURFACE_CURVE('',#8670,(#8674,#8681),.PCURVE_S1.);
#8670 = LINE('',#8671,#8672);
#8671 = CARTESIAN_POINT('',(19.,-6.,72.));
#8672 = VECTOR('',#8673,1.);
#8673 = DIRECTION('',(0.,1.,0.));
#8674 = PCURVE('',#7847,#8675);
#8675 = DEFINITIONAL_REPRESENTATION('',(#8676),#8680);
#8676 = LINE('',#8677,#8678);
#8677 = CARTESIAN_POINT('',(45.,6.));
#8678 = VECTOR('',#8679,1.);
#8679 = DIRECTION('',(0.,-1.));
#8680 = ( GEOMETRIC_REPRESENTATION_CONTEXT(2) 
PARAMETRIC_REPRESENTATION_CONTEXT() REPRESENTATION_CONTEXT('2D SPACE',''
  ) );
#8681 = PCURVE('',#7930,#8682);
#8682 = DEFINITIONAL_REPRESENTATION('',(#8683),#8687);
#8683 = LINE('',#8684,#8685);
#8684 = CARTESIAN_POINT('',(2.5,0.));
#8685 = VECTOR('',#8686,1.);
#8686 = DIRECTION('',(0.,1.));
#8687 = ( GEOMETRIC_REPRESENTATION_CONTEXT(2) 
PARAMETRIC_REPRESENTATION_CONTEXT() REPRESENTATION_CONTEXT('2D SPACE',''
  ) );
#8688 = ORIENTED_EDGE('',*,*,#8595,.F.);
#8689 = FACE_BOUND('',#8690,.T.);
#8690 = EDGE_LOOP('',(#8691,#8714,#8742,#8763));
#8691 = ORIENTED_EDGE('',*,*,#8692,.F.);
#8692 = EDGE_CURVE('',#8693,#8695,#8697,.T.);
#8693 = VERTEX_POINT('',#8694);
#8694 = CARTESIAN_POINT('',(19.,8.9,28.1));
#8695 = VERTEX_POINT('',#8696);
#8696 = CARTESIAN_POINT('',(19.,6.1,28.1));
#8697 = SURFACE_CURVE('',#8698,(#8702,#8708),.PCURVE_S1.);
#8698 = LINE('',#8699,#8700);
#8699 = CARTESIAN_POINT('',(19.,3.05,28.1));
#8700 = VECTOR('',#8701,1.);
#8701 = DIRECTION('',(0.,-1.,3.330669073875E-16));
#8702 = PCURVE('',#7847,#8703);
#8703 = DEFINITIONAL_REPRESENTATION('',(#8704),#8707);
#8704 = B_SPLINE_CURVE_WITH_KNOTS('',1,(#8705,#8706),.UNSPECIFIED.,.F.,
  .F.,(2,2),(-5.85,-3.05),.PIECEWISE_BEZIER_KNOTS.);
#8705 = CARTESIAN_POINT('',(1.1,-8.9));
#8706 = CARTESIAN_POINT('',(1.1,-6.1));
#8707 = ( GEOMETRIC_REPRESENTATION_CONTEXT(2) 
PARAMETRIC_REPRESENTATION_CONTEXT() REPRESENTATION_CONTEXT('2D SPACE',''
  ) );
#8708 = PCURVE('',#7982,#8709);
#8709 = DEFINITIONAL_REPRESENTATION('',(#8710),#8713);
#8710 = B_SPLINE_CURVE_WITH_KNOTS('',1,(#8711,#8712),.UNSPECIFIED.,.F.,
  .F.,(2,2),(-5.85,-3.05),.PIECEWISE_BEZIER_KNOTS.);
#8711 = CARTESIAN_POINT('',(2.8,-3.5));
#8712 = CARTESIAN_POINT('',(0.,-3.5));
#8713 = ( GEOMETRIC_REPRESENTATION_CONTEXT(2) 
PARAMETRIC_REPRESENTATION_CONTEXT() REPRESENTATION_CONTEXT('2D SPACE',''
  ) );
#8714 = ORIENTED_EDGE('',*,*,#8715,.T.);
#8715 = EDGE_CURVE('',#8693,#8716,#8718,.T.);
#8716 = VERTEX_POINT('',#8717);
#8717 = CARTESIAN_POINT('',(19.,8.9,25.9));
#8718 = SURFACE_CURVE('',#8719,(#8724,#8735),.PCURVE_S1.);
#8719 = CIRCLE('',#8720,1.1);
#8720 = AXIS2_PLACEMENT_3D('',#8721,#8722,#8723);
#8721 = CARTESIAN_POINT('',(19.,8.9,27.));
#8722 = DIRECTION('',(-1.,0.,0.));
#8723 = DIRECTION('',(0.,3.330669073875E-16,1.));
#8724 = PCURVE('',#7847,#8725);
#8725 = DEFINITIONAL_REPRESENTATION('',(#8726),#8734);
#8726 = ( BOUNDED_CURVE() B_SPLINE_CURVE(2,(#8727,#8728,#8729,#8730,
#8731,#8732,#8733),.UNSPECIFIED.,.T.,.F.) B_SPLINE_CURVE_WITH_KNOTS((1,2
    ,2,2,2,1),(-2.094395102393,0.,2.094395102393,4.188790204786,
6.28318530718,8.377580409573),.UNSPECIFIED.) CURVE() 
GEOMETRIC_REPRESENTATION_ITEM() RATIONAL_B_SPLINE_CURVE((1.,0.5,1.,0.5,
1.,0.5,1.)) REPRESENTATION_ITEM('') );
#8727 = CARTESIAN_POINT('',(1.1,-8.9));
#8728 = CARTESIAN_POINT('',(1.1,-10.80525588832));
#8729 = CARTESIAN_POINT('',(-0.55,-9.852627944163));
#8730 = CARTESIAN_POINT('',(-2.2,-8.9));
#8731 = CARTESIAN_POINT('',(-0.55,-7.947372055837));
#8732 = CARTESIAN_POINT('',(1.1,-6.994744111674));
#8733 = CARTESIAN_POINT('',(1.1,-8.9));
#8734 = ( GEOMETRIC_REPRESENTATION_CONTEXT(2) 
PARAMETRIC_REPRESENTATION_CONTEXT() REPRESENTATION_CONTEXT('2D SPACE',''
  ) );
#8735 = PCURVE('',#8014,#8736);
#8736 = DEFINITIONAL_REPRESENTATION('',(#8737),#8741);
#8737 = LINE('',#8738,#8739);
#8738 = CARTESIAN_POINT('',(0.,-3.5));
#8739 = VECTOR('',#8740,1.);
#8740 = DIRECTION('',(1.,0.));
#8741 = ( GEOMETRIC_REPRESENTATION_CONTEXT(2) 
PARAMETRIC_REPRESENTATION_CONTEXT() REPRESENTATION_CONTEXT('2D SPACE',''
  ) );
#8742 = ORIENTED_EDGE('',*,*,#8743,.F.);
#8743 = EDGE_CURVE('',#8744,#8716,#8746,.T.);
#8744 = VERTEX_POINT('',#8745);
#8745 = CARTESIAN_POINT('',(19.,6.1,25.9));
#8746 = SURFACE_CURVE('',#8747,(#8751,#8757),.PCURVE_S1.);
#8747 = LINE('',#8748,#8749);
#8748 = CARTESIAN_POINT('',(19.,4.45,25.9));
#8749 = VECTOR('',#8750,1.);
#8750 = DIRECTION('',(0.,1.,-3.330669073875E-16));
#8751 = PCURVE('',#7847,#8752);
#8752 = DEFINITIONAL_REPRESENTATION('',(#8753),#8756);
#8753 = B_SPLINE_CURVE_WITH_KNOTS('',1,(#8754,#8755),.UNSPECIFIED.,.F.,
  .F.,(2,2),(1.65,4.45),.PIECEWISE_BEZIER_KNOTS.);
#8754 = CARTESIAN_POINT('',(-1.1,-6.1));
#8755 = CARTESIAN_POINT('',(-1.1,-8.9));
#8756 = ( GEOMETRIC_REPRESENTATION_CONTEXT(2) 
PARAMETRIC_REPRESENTATION_CONTEXT() REPRESENTATION_CONTEXT('2D SPACE',''
  ) );
#8757 = PCURVE('',#8041,#8758);
#8758 = DEFINITIONAL_REPRESENTATION('',(#8759),#8762);
#8759 = B_SPLINE_CURVE_WITH_KNOTS('',1,(#8760,#8761),.UNSPECIFIED.,.F.,
  .F.,(2,2),(1.65,4.45),.PIECEWISE_BEZIER_KNOTS.);
#8760 = CARTESIAN_POINT('',(2.8,-3.5));
#8761 = CARTESIAN_POINT('',(0.,-3.5));
#8762 = ( GEOMETRIC_REPRESENTATION_CONTEXT(2) 
PARAMETRIC_REPRESENTATION_CONTEXT() REPRESENTATION_CONTEXT('2D SPACE',''
  ) );
#8763 = ORIENTED_EDGE('',*,*,#8764,.T.);
#8764 = EDGE_CURVE('',#8744,#8695,#8765,.T.);
#8765 = SURFACE_CURVE('',#8766,(#8771,#8782),.PCURVE_S1.);
#8766 = CIRCLE('',#8767,1.1);
#8767 = AXIS2_PLACEMENT_3D('',#8768,#8769,#8770);
#8768 = CARTESIAN_POINT('',(19.,6.1,27.));
#8769 = DIRECTION('',(-1.,-0.,0.));
#8770 = DIRECTION('',(0.,-3.330669073875E-16,-1.));
#8771 = PCURVE('',#7847,#8772);
#8772 = DEFINITIONAL_REPRESENTATION('',(#8773),#8781);
#8773 = ( BOUNDED_CURVE() B_SPLINE_CURVE(2,(#8774,#8775,#8776,#8777,
#8778,#8779,#8780),.UNSPECIFIED.,.T.,.F.) B_SPLINE_CURVE_WITH_KNOTS((1,2
    ,2,2,2,1),(-2.094395102393,0.,2.094395102393,4.188790204786,
6.28318530718,8.377580409573),.UNSPECIFIED.) CURVE() 
GEOMETRIC_REPRESENTATION_ITEM() RATIONAL_B_SPLINE_CURVE((1.,0.5,1.,0.5,
1.,0.5,1.)) REPRESENTATION_ITEM('') );
#8774 = CARTESIAN_POINT('',(-1.1,-6.1));
#8775 = CARTESIAN_POINT('',(-1.1,-4.194744111674));
#8776 = CARTESIAN_POINT('',(0.55,-5.147372055837));
#8777 = CARTESIAN_POINT('',(2.2,-6.1));
#8778 = CARTESIAN_POINT('',(0.55,-7.052627944163));
#8779 = CARTESIAN_POINT('',(-1.1,-8.005255888326));
#8780 = CARTESIAN_POINT('',(-1.1,-6.1));
#8781 = ( GEOMETRIC_REPRESENTATION_CONTEXT(2) 
PARAMETRIC_REPRESENTATION_CONTEXT() REPRESENTATION_CONTEXT('2D SPACE',''
  ) );
#8782 = PCURVE('',#8071,#8783);
#8783 = DEFINITIONAL_REPRESENTATION('',(#8784),#8788);
#8784 = LINE('',#8785,#8786);
#8785 = CARTESIAN_POINT('',(0.,-3.5));
#8786 = VECTOR('',#8787,1.);
#8787 = DIRECTION('',(1.,0.));
#8788 = ( GEOMETRIC_REPRESENTATION_CONTEXT(2) 
PARAMETRIC_REPRESENTATION_CONTEXT() REPRESENTATION_CONTEXT('2D SPACE',''
  ) );
#8789 = FACE_BOUND('',#8790,.T.);
#8790 = EDGE_LOOP('',(#8791));
#8791 = ORIENTED_EDGE('',*,*,#8792,.T.);
#8792 = EDGE_CURVE('',#8793,#8793,#8795,.T.);
#8793 = VERTEX_POINT('',#8794);
#8794 = CARTESIAN_POINT('',(19.,3.4,27.));
#8795 = SURFACE_CURVE('',#8796,(#8801,#8812),.PCURVE_S1.);
#8796 = CIRCLE('',#8797,3.4);
#8797 = AXIS2_PLACEMENT_3D('',#8798,#8799,#8800);
#8798 = CARTESIAN_POINT('',(19.,0.,27.));
#8799 = DIRECTION('',(-1.,0.,0.));
#8800 = DIRECTION('',(0.,1.,0.));
#8801 = PCURVE('',#7847,#8802);
#8802 = DEFINITIONAL_REPRESENTATION('',(#8803),#8811);
#8803 = ( BOUNDED_CURVE() B_SPLINE_CURVE(2,(#8804,#8805,#8806,#8807,
#8808,#8809,#8810),.UNSPECIFIED.,.T.,.F.) B_SPLINE_CURVE_WITH_KNOTS((1,2
    ,2,2,2,1),(-2.094395102393,0.,2.094395102393,4.188790204786,
6.28318530718,8.377580409573),.UNSPECIFIED.) CURVE() 
GEOMETRIC_REPRESENTATION_ITEM() RATIONAL_B_SPLINE_CURVE((1.,0.5,1.,0.5,
1.,0.5,1.)) REPRESENTATION_ITEM('') );
#8804 = CARTESIAN_POINT('',(0.,-3.4));
#8805 = CARTESIAN_POINT('',(-5.888972745734,-3.4));
#8806 = CARTESIAN_POINT('',(-2.944486372867,1.7));
#8807 = CARTESIAN_POINT('',(-8.327598234202E-16,6.8));
#8808 = CARTESIAN_POINT('',(2.944486372867,1.7));
#8809 = CARTESIAN_POINT('',(5.888972745734,-3.4));
#8810 = CARTESIAN_POINT('',(0.,-3.4));
#8811 = ( GEOMETRIC_REPRESENTATION_CONTEXT(2) 
PARAMETRIC_REPRESENTATION_CONTEXT() REPRESENTATION_CONTEXT('2D SPACE',''
  ) );
#8812 = PCURVE('',#8106,#8813);
#8813 = DEFINITIONAL_REPRESENTATION('',(#8814),#8818);
#8814 = LINE('',#8815,#8816);
#8815 = CARTESIAN_POINT('',(-6.28318530718,-3.5));
#8816 = VECTOR('',#8817,1.);
#8817 = DIRECTION('',(1.,-0.));
#8818 = ( GEOMETRIC_REPRESENTATION_CONTEXT(2) 
PARAMETRIC_REPRESENTATION_CONTEXT() REPRESENTATION_CONTEXT('2D SPACE',''
  ) );
#8819 = FACE_BOUND('',#8820,.T.);
#8820 = EDGE_LOOP('',(#8821,#8844,#8872,#8893));
#8821 = ORIENTED_EDGE('',*,*,#8822,.F.);
#8822 = EDGE_CURVE('',#8823,#8825,#8827,.T.);
#8823 = VERTEX_POINT('',#8824);
#8824 = CARTESIAN_POINT('',(19.,1.1,18.1));
#8825 = VERTEX_POINT('',#8826);
#8826 = CARTESIAN_POINT('',(19.,1.1,20.9));
#8827 = SURFACE_CURVE('',#8828,(#8832,#8838),.PCURVE_S1.);
#8828 = LINE('',#8829,#8830);
#8829 = CARTESIAN_POINT('',(19.,1.1,23.95));
#8830 = VECTOR('',#8831,1.);
#8831 = DIRECTION('',(-0.,2.334869823773E-16,1.));
#8832 = PCURVE('',#7847,#8833);
#8833 = DEFINITIONAL_REPRESENTATION('',(#8834),#8837);
#8834 = B_SPLINE_CURVE_WITH_KNOTS('',1,(#8835,#8836),.UNSPECIFIED.,.F.,
  .F.,(2,2),(-5.85,-3.05),.PIECEWISE_BEZIER_KNOTS.);
#8835 = CARTESIAN_POINT('',(-8.9,-1.1));
#8836 = CARTESIAN_POINT('',(-6.1,-1.1));
#8837 = ( GEOMETRIC_REPRESENTATION_CONTEXT(2) 
PARAMETRIC_REPRESENTATION_CONTEXT() REPRESENTATION_CONTEXT('2D SPACE',''
  ) );
#8838 = PCURVE('',#8137,#8839);
#8839 = DEFINITIONAL_REPRESENTATION('',(#8840),#8843);
#8840 = B_SPLINE_CURVE_WITH_KNOTS('',1,(#8841,#8842),.UNSPECIFIED.,.F.,
  .F.,(2,2),(-5.85,-3.05),.PIECEWISE_BEZIER_KNOTS.);
#8841 = CARTESIAN_POINT('',(2.8,-3.5));
#8842 = CARTESIAN_POINT('',(0.,-3.5));
#8843 = ( GEOMETRIC_REPRESENTATION_CONTEXT(2) 
PARAMETRIC_REPRESENTATION_CONTEXT() REPRESENTATION_CONTEXT('2D SPACE',''
  ) );
#8844 = ORIENTED_EDGE('',*,*,#8845,.T.);
#8845 = EDGE_CURVE('',#8823,#8846,#8848,.T.);
#8846 = VERTEX_POINT('',#8847);
#8847 = CARTESIAN_POINT('',(19.,-1.1,18.1));
#8848 = SURFACE_CURVE('',#8849,(#8854,#8865),.PCURVE_S1.);
#8849 = CIRCLE('',#8850,1.1);
#8850 = AXIS2_PLACEMENT_3D('',#8851,#8852,#8853);
#8851 = CARTESIAN_POINT('',(19.,-1.245366874689E-15,18.1));
#8852 = DIRECTION('',(-1.,-0.,0.));
#8853 = DIRECTION('',(-0.,1.,-2.334869823773E-16));
#8854 = PCURVE('',#7847,#8855);
#8855 = DEFINITIONAL_REPRESENTATION('',(#8856),#8864);
#8856 = ( BOUNDED_CURVE() B_SPLINE_CURVE(2,(#8857,#8858,#8859,#8860,
#8861,#8862,#8863),.UNSPECIFIED.,.T.,.F.) B_SPLINE_CURVE_WITH_KNOTS((1,2
    ,2,2,2,1),(-2.094395102393,0.,2.094395102393,4.188790204786,
6.28318530718,8.377580409573),.UNSPECIFIED.) CURVE() 
GEOMETRIC_REPRESENTATION_ITEM() RATIONAL_B_SPLINE_CURVE((1.,0.5,1.,0.5,
1.,0.5,1.)) REPRESENTATION_ITEM('') );
#8857 = CARTESIAN_POINT('',(-8.9,-1.1));
#8858 = CARTESIAN_POINT('',(-10.80525588832,-1.1));
#8859 = CARTESIAN_POINT('',(-9.852627944163,0.55));
#8860 = CARTESIAN_POINT('',(-8.9,2.2));
#8861 = CARTESIAN_POINT('',(-7.947372055837,0.55));
#8862 = CARTESIAN_POINT('',(-6.994744111674,-1.1));
#8863 = CARTESIAN_POINT('',(-8.9,-1.1));
#8864 = ( GEOMETRIC_REPRESENTATION_CONTEXT(2) 
PARAMETRIC_REPRESENTATION_CONTEXT() REPRESENTATION_CONTEXT('2D SPACE',''
  ) );
#8865 = PCURVE('',#8169,#8866);
#8866 = DEFINITIONAL_REPRESENTATION('',(#8867),#8871);
#8867 = LINE('',#8868,#8869);
#8868 = CARTESIAN_POINT('',(0.,-3.5));
#8869 = VECTOR('',#8870,1.);
#8870 = DIRECTION('',(1.,0.));
#8871 = ( GEOMETRIC_REPRESENTATION_CONTEXT(2) 
PARAMETRIC_REPRESENTATION_CONTEXT() REPRESENTATION_CONTEXT('2D SPACE',''
  ) );
#8872 = ORIENTED_EDGE('',*,*,#8873,.F.);
#8873 = EDGE_CURVE('',#8874,#8846,#8876,.T.);
#8874 = VERTEX_POINT('',#8875);
#8875 = CARTESIAN_POINT('',(19.,-1.1,20.9));
#8876 = SURFACE_CURVE('',#8877,(#8881,#8887),.PCURVE_S1.);
#8877 = LINE('',#8878,#8879);
#8878 = CARTESIAN_POINT('',(19.,-1.1,22.55));
#8879 = VECTOR('',#8880,1.);
#8880 = DIRECTION('',(0.,-2.334869823773E-16,-1.));
#8881 = PCURVE('',#7847,#8882);
#8882 = DEFINITIONAL_REPRESENTATION('',(#8883),#8886);
#8883 = B_SPLINE_CURVE_WITH_KNOTS('',1,(#8884,#8885),.UNSPECIFIED.,.F.,
  .F.,(2,2),(1.65,4.45),.PIECEWISE_BEZIER_KNOTS.);
#8884 = CARTESIAN_POINT('',(-6.1,1.1));
#8885 = CARTESIAN_POINT('',(-8.9,1.1));
#8886 = ( GEOMETRIC_REPRESENTATION_CONTEXT(2) 
PARAMETRIC_REPRESENTATION_CONTEXT() REPRESENTATION_CONTEXT('2D SPACE',''
  ) );
#8887 = PCURVE('',#8196,#8888);
#8888 = DEFINITIONAL_REPRESENTATION('',(#8889),#8892);
#8889 = B_SPLINE_CURVE_WITH_KNOTS('',1,(#8890,#8891),.UNSPECIFIED.,.F.,
  .F.,(2,2),(1.65,4.45),.PIECEWISE_BEZIER_KNOTS.);
#8890 = CARTESIAN_POINT('',(2.8,-3.5));
#8891 = CARTESIAN_POINT('',(0.,-3.5));
#8892 = ( GEOMETRIC_REPRESENTATION_CONTEXT(2) 
PARAMETRIC_REPRESENTATION_CONTEXT() REPRESENTATION_CONTEXT('2D SPACE',''
  ) );
#8893 = ORIENTED_EDGE('',*,*,#8894,.T.);
#8894 = EDGE_CURVE('',#8874,#8825,#8895,.T.);
#8895 = SURFACE_CURVE('',#8896,(#8901,#8912),.PCURVE_S1.);
#8896 = CIRCLE('',#8897,1.1);
#8897 = AXIS2_PLACEMENT_3D('',#8898,#8899,#8900);
#8898 = CARTESIAN_POINT('',(19.,-5.916033240324E-16,20.9));
#8899 = DIRECTION('',(-1.,0.,0.));
#8900 = DIRECTION('',(0.,-1.,2.334869823773E-16));
#8901 = PCURVE('',#7847,#8902);
#8902 = DEFINITIONAL_REPRESENTATION('',(#8903),#8911);
#8903 = ( BOUNDED_CURVE() B_SPLINE_CURVE(2,(#8904,#8905,#8906,#8907,
#8908,#8909,#8910),.UNSPECIFIED.,.T.,.F.) B_SPLINE_CURVE_WITH_KNOTS((1,2
    ,2,2,2,1),(-2.094395102393,0.,2.094395102393,4.188790204786,
6.28318530718,8.377580409573),.UNSPECIFIED.) CURVE() 
GEOMETRIC_REPRESENTATION_ITEM() RATIONAL_B_SPLINE_CURVE((1.,0.5,1.,0.5,
1.,0.5,1.)) REPRESENTATION_ITEM('') );
#8904 = CARTESIAN_POINT('',(-6.1,1.1));
#8905 = CARTESIAN_POINT('',(-4.194744111674,1.1));
#8906 = CARTESIAN_POINT('',(-5.147372055837,-0.55));
#8907 = CARTESIAN_POINT('',(-6.1,-2.2));
#8908 = CARTESIAN_POINT('',(-7.052627944163,-0.55));
#8909 = CARTESIAN_POINT('',(-8.005255888326,1.1));
#8910 = CARTESIAN_POINT('',(-6.1,1.1));
#8911 = ( GEOMETRIC_REPRESENTATION_CONTEXT(2) 
PARAMETRIC_REPRESENTATION_CONTEXT() REPRESENTATION_CONTEXT('2D SPACE',''
  ) );
#8912 = PCURVE('',#8226,#8913);
#8913 = DEFINITIONAL_REPRESENTATION('',(#8914),#8918);
#8914 = LINE('',#8915,#8916);
#8915 = CARTESIAN_POINT('',(0.,-3.5));
#8916 = VECTOR('',#8917,1.);
#8917 = DIRECTION('',(1.,0.));
#8918 = ( GEOMETRIC_REPRESENTATION_CONTEXT(2) 
PARAMETRIC_REPRESENTATION_CONTEXT() REPRESENTATION_CONTEXT('2D SPACE',''
  ) );
#8919 = FACE_BOUND('',#8920,.T.);
#8920 = EDGE_LOOP('',(#8921,#8944,#8972,#8993));
#8921 = ORIENTED_EDGE('',*,*,#8922,.F.);
#8922 = EDGE_CURVE('',#8923,#8925,#8927,.T.);
#8923 = VERTEX_POINT('',#8924);
#8924 = CARTESIAN_POINT('',(19.,-1.1,35.9));
#8925 = VERTEX_POINT('',#8926);
#8926 = CARTESIAN_POINT('',(19.,-1.1,33.1));
#8927 = SURFACE_CURVE('',#8928,(#8932,#8938),.PCURVE_S1.);
#8928 = LINE('',#8929,#8930);
#8929 = CARTESIAN_POINT('',(19.,-1.1,30.05));
#8930 = VECTOR('',#8931,1.);
#8931 = DIRECTION('',(0.,-1.110223024625E-16,-1.));
#8932 = PCURVE('',#7847,#8933);
#8933 = DEFINITIONAL_REPRESENTATION('',(#8934),#8937);
#8934 = B_SPLINE_CURVE_WITH_KNOTS('',1,(#8935,#8936),.UNSPECIFIED.,.F.,
  .F.,(2,2),(-5.85,-3.05),.PIECEWISE_BEZIER_KNOTS.);
#8935 = CARTESIAN_POINT('',(8.9,1.1));
#8936 = CARTESIAN_POINT('',(6.1,1.1));
#8937 = ( GEOMETRIC_REPRESENTATION_CONTEXT(2) 
PARAMETRIC_REPRESENTATION_CONTEXT() REPRESENTATION_CONTEXT('2D SPACE',''
  ) );
#8938 = PCURVE('',#8377,#8939);
#8939 = DEFINITIONAL_REPRESENTATION('',(#8940),#8943);
#8940 = B_SPLINE_CURVE_WITH_KNOTS('',1,(#8941,#8942),.UNSPECIFIED.,.F.,
  .F.,(2,2),(-5.85,-3.05),.PIECEWISE_BEZIER_KNOTS.);
#8941 = CARTESIAN_POINT('',(2.8,-3.5));
#8942 = CARTESIAN_POINT('',(0.,-3.5));
#8943 = ( GEOMETRIC_REPRESENTATION_CONTEXT(2) 
PARAMETRIC_REPRESENTATION_CONTEXT() REPRESENTATION_CONTEXT('2D SPACE',''
  ) );
#8944 = ORIENTED_EDGE('',*,*,#8945,.T.);
#8945 = EDGE_CURVE('',#8923,#8946,#8948,.T.);
#8946 = VERTEX_POINT('',#8947);
#8947 = CARTESIAN_POINT('',(19.,1.1,35.9));
#8948 = SURFACE_CURVE('',#8949,(#8954,#8965),.PCURVE_S1.);
#8949 = CIRCLE('',#8950,1.1);
#8950 = AXIS2_PLACEMENT_3D('',#8951,#8952,#8953);
#8951 = CARTESIAN_POINT('',(19.,1.554312234475E-16,35.9));
#8952 = DIRECTION('',(-1.,0.,0.));
#8953 = DIRECTION('',(0.,-1.,1.110223024625E-16));
#8954 = PCURVE('',#7847,#8955);
#8955 = DEFINITIONAL_REPRESENTATION('',(#8956),#8964);
#8956 = ( BOUNDED_CURVE() B_SPLINE_CURVE(2,(#8957,#8958,#8959,#8960,
#8961,#8962,#8963),.UNSPECIFIED.,.T.,.F.) B_SPLINE_CURVE_WITH_KNOTS((1,2
    ,2,2,2,1),(-2.094395102393,0.,2.094395102393,4.188790204786,
6.28318530718,8.377580409573),.UNSPECIFIED.) CURVE() 
GEOMETRIC_REPRESENTATION_ITEM() RATIONAL_B_SPLINE_CURVE((1.,0.5,1.,0.5,
1.,0.5,1.)) REPRESENTATION_ITEM('') );
#8957 = CARTESIAN_POINT('',(8.9,1.1));
#8958 = CARTESIAN_POINT('',(10.805255888326,1.1));
#8959 = CARTESIAN_POINT('',(9.852627944163,-0.55));
#8960 = CARTESIAN_POINT('',(8.9,-2.2));
#8961 = CARTESIAN_POINT('',(7.947372055837,-0.55));
#8962 = CARTESIAN_POINT('',(6.994744111674,1.1));
#8963 = CARTESIAN_POINT('',(8.9,1.1));
#8964 = ( GEOMETRIC_REPRESENTATION_CONTEXT(2) 
PARAMETRIC_REPRESENTATION_CONTEXT() REPRESENTATION_CONTEXT('2D SPACE',''
  ) );
#8965 = PCURVE('',#8409,#8966);
#8966 = DEFINITIONAL_REPRESENTATION('',(#8967),#8971);
#8967 = LINE('',#8968,#8969);
#8968 = CARTESIAN_POINT('',(0.,-3.5));
#8969 = VECTOR('',#8970,1.);
#8970 = DIRECTION('',(1.,0.));
#8971 = ( GEOMETRIC_REPRESENTATION_CONTEXT(2) 
PARAMETRIC_REPRESENTATION_CONTEXT() REPRESENTATION_CONTEXT('2D SPACE',''
  ) );
#8972 = ORIENTED_EDGE('',*,*,#8973,.F.);
#8973 = EDGE_CURVE('',#8974,#8946,#8976,.T.);
#8974 = VERTEX_POINT('',#8975);
#8975 = CARTESIAN_POINT('',(19.,1.1,33.1));
#8976 = SURFACE_CURVE('',#8977,(#8981,#8987),.PCURVE_S1.);
#8977 = LINE('',#8978,#8979);
#8978 = CARTESIAN_POINT('',(19.,1.1,31.45));
#8979 = VECTOR('',#8980,1.);
#8980 = DIRECTION('',(-0.,1.110223024625E-16,1.));
#8981 = PCURVE('',#7847,#8982);
#8982 = DEFINITIONAL_REPRESENTATION('',(#8983),#8986);
#8983 = B_SPLINE_CURVE_WITH_KNOTS('',1,(#8984,#8985),.UNSPECIFIED.,.F.,
  .F.,(2,2),(1.65,4.45),.PIECEWISE_BEZIER_KNOTS.);
#8984 = CARTESIAN_POINT('',(6.1,-1.1));
#8985 = CARTESIAN_POINT('',(8.9,-1.1));
#8986 = ( GEOMETRIC_REPRESENTATION_CONTEXT(2) 
PARAMETRIC_REPRESENTATION_CONTEXT() REPRESENTATION_CONTEXT('2D SPACE',''
  ) );
#8987 = PCURVE('',#8436,#8988);
#8988 = DEFINITIONAL_REPRESENTATION('',(#8989),#8992);
#8989 = B_SPLINE_CURVE_WITH_KNOTS('',1,(#8990,#8991),.UNSPECIFIED.,.F.,
  .F.,(2,2),(1.65,4.45),.PIECEWISE_BEZIER_KNOTS.);
#8990 = CARTESIAN_POINT('',(2.8,-3.5));
#8991 = CARTESIAN_POINT('',(0.,-3.5));
#8992 = ( GEOMETRIC_REPRESENTATION_CONTEXT(2) 
PARAMETRIC_REPRESENTATION_CONTEXT() REPRESENTATION_CONTEXT('2D SPACE',''
  ) );
#8993 = ORIENTED_EDGE('',*,*,#8994,.T.);
#8994 = EDGE_CURVE('',#8974,#8925,#8995,.T.);
#8995 = SURFACE_CURVE('',#8996,(#9001,#9012),.PCURVE_S1.);
#8996 = CIRCLE('',#8997,1.1);
#8997 = AXIS2_PLACEMENT_3D('',#8998,#8999,#9000);
#8998 = CARTESIAN_POINT('',(19.,-1.554312234475E-16,33.1));
#8999 = DIRECTION('',(-1.,0.,0.));
#9000 = DIRECTION('',(0.,1.,-1.110223024625E-16));
#9001 = PCURVE('',#7847,#9002);
#9002 = DEFINITIONAL_REPRESENTATION('',(#9003),#9011);
#9003 = ( BOUNDED_CURVE() B_SPLINE_CURVE(2,(#9004,#9005,#9006,#9007,
#9008,#9009,#9010),.UNSPECIFIED.,.T.,.F.) B_SPLINE_CURVE_WITH_KNOTS((1,2
    ,2,2,2,1),(-2.094395102393,0.,2.094395102393,4.188790204786,
6.28318530718,8.377580409573),.UNSPECIFIED.) CURVE() 
GEOMETRIC_REPRESENTATION_ITEM() RATIONAL_B_SPLINE_CURVE((1.,0.5,1.,0.5,
1.,0.5,1.)) REPRESENTATION_ITEM('') );
#9004 = CARTESIAN_POINT('',(6.1,-1.1));
#9005 = CARTESIAN_POINT('',(4.194744111674,-1.1));
#9006 = CARTESIAN_POINT('',(5.147372055837,0.55));
#9007 = CARTESIAN_POINT('',(6.1,2.2));
#9008 = CARTESIAN_POINT('',(7.052627944163,0.55));
#9009 = CARTESIAN_POINT('',(8.005255888326,-1.1));
#9010 = CARTESIAN_POINT('',(6.1,-1.1));
#9011 = ( GEOMETRIC_REPRESENTATION_CONTEXT(2) 
PARAMETRIC_REPRESENTATION_CONTEXT() REPRESENTATION_CONTEXT('2D SPACE',''
  ) );
#9012 = PCURVE('',#8466,#9013);
#9013 = DEFINITIONAL_REPRESENTATION('',(#9014),#9018);
#9014 = LINE('',#9015,#9016);
#9015 = CARTESIAN_POINT('',(0.,-3.5));
#9016 = VECTOR('',#9017,1.);
#9017 = DIRECTION('',(1.,0.));
#9018 = ( GEOMETRIC_REPRESENTATION_CONTEXT(2) 
PARAMETRIC_REPRESENTATION_CONTEXT() REPRESENTATION_CONTEXT('2D SPACE',''
  ) );
#9019 = FACE_BOUND('',#9020,.T.);
#9020 = EDGE_LOOP('',(#9021,#9044,#9072,#9093));
#9021 = ORIENTED_EDGE('',*,*,#9022,.F.);
#9022 = EDGE_CURVE('',#9023,#9025,#9027,.T.);
#9023 = VERTEX_POINT('',#9024);
#9024 = CARTESIAN_POINT('',(19.,-8.9,25.9));
#9025 = VERTEX_POINT('',#9026);
#9026 = CARTESIAN_POINT('',(19.,-6.1,25.9));
#9027 = SURFACE_CURVE('',#9028,(#9032,#9038),.PCURVE_S1.);
#9028 = LINE('',#9029,#9030);
#9029 = CARTESIAN_POINT('',(19.,-3.05,25.9));
#9030 = VECTOR('',#9031,1.);
#9031 = DIRECTION('',(0.,1.,-2.22044604925E-16));
#9032 = PCURVE('',#7847,#9033);
#9033 = DEFINITIONAL_REPRESENTATION('',(#9034),#9037);
#9034 = B_SPLINE_CURVE_WITH_KNOTS('',1,(#9035,#9036),.UNSPECIFIED.,.F.,
  .F.,(2,2),(-5.85,-3.05),.PIECEWISE_BEZIER_KNOTS.);
#9035 = CARTESIAN_POINT('',(-1.1,8.9));
#9036 = CARTESIAN_POINT('',(-1.1,6.1));
#9037 = ( GEOMETRIC_REPRESENTATION_CONTEXT(2) 
PARAMETRIC_REPRESENTATION_CONTEXT() REPRESENTATION_CONTEXT('2D SPACE',''
  ) );
#9038 = PCURVE('',#8257,#9039);
#9039 = DEFINITIONAL_REPRESENTATION('',(#9040),#9043);
#9040 = B_SPLINE_CURVE_WITH_KNOTS('',1,(#9041,#9042),.UNSPECIFIED.,.F.,
  .F.,(2,2),(-5.85,-3.05),.PIECEWISE_BEZIER_KNOTS.);
#9041 = CARTESIAN_POINT('',(2.8,-3.5));
#9042 = CARTESIAN_POINT('',(0.,-3.5));
#9043 = ( GEOMETRIC_REPRESENTATION_CONTEXT(2) 
PARAMETRIC_REPRESENTATION_CONTEXT() REPRESENTATION_CONTEXT('2D SPACE',''
  ) );
#9044 = ORIENTED_EDGE('',*,*,#9045,.T.);
#9045 = EDGE_CURVE('',#9023,#9046,#9048,.T.);
#9046 = VERTEX_POINT('',#9047);
#9047 = CARTESIAN_POINT('',(19.,-8.9,28.1));
#9048 = SURFACE_CURVE('',#9049,(#9054,#9065),.PCURVE_S1.);
#9049 = CIRCLE('',#9050,1.1);
#9050 = AXIS2_PLACEMENT_3D('',#9051,#9052,#9053);
#9051 = CARTESIAN_POINT('',(19.,-8.9,27.));
#9052 = DIRECTION('',(-1.,0.,0.));
#9053 = DIRECTION('',(-0.,-2.22044604925E-16,-1.));
#9054 = PCURVE('',#7847,#9055);
#9055 = DEFINITIONAL_REPRESENTATION('',(#9056),#9064);
#9056 = ( BOUNDED_CURVE() B_SPLINE_CURVE(2,(#9057,#9058,#9059,#9060,
#9061,#9062,#9063),.UNSPECIFIED.,.T.,.F.) B_SPLINE_CURVE_WITH_KNOTS((1,2
    ,2,2,2,1),(-2.094395102393,0.,2.094395102393,4.188790204786,
6.28318530718,8.377580409573),.UNSPECIFIED.) CURVE() 
GEOMETRIC_REPRESENTATION_ITEM() RATIONAL_B_SPLINE_CURVE((1.,0.5,1.,0.5,
1.,0.5,1.)) REPRESENTATION_ITEM('') );
#9057 = CARTESIAN_POINT('',(-1.1,8.9));
#9058 = CARTESIAN_POINT('',(-1.1,10.805255888326));
#9059 = CARTESIAN_POINT('',(0.55,9.852627944163));
#9060 = CARTESIAN_POINT('',(2.2,8.9));
#9061 = CARTESIAN_POINT('',(0.55,7.947372055837));
#9062 = CARTESIAN_POINT('',(-1.1,6.994744111674));
#9063 = CARTESIAN_POINT('',(-1.1,8.9));
#9064 = ( GEOMETRIC_REPRESENTATION_CONTEXT(2) 
PARAMETRIC_REPRESENTATION_CONTEXT() REPRESENTATION_CONTEXT('2D SPACE',''
  ) );
#9065 = PCURVE('',#8289,#9066);
#9066 = DEFINITIONAL_REPRESENTATION('',(#9067),#9071);
#9067 = LINE('',#9068,#9069);
#9068 = CARTESIAN_POINT('',(0.,-3.5));
#9069 = VECTOR('',#9070,1.);
#9070 = DIRECTION('',(1.,0.));
#9071 = ( GEOMETRIC_REPRESENTATION_CONTEXT(2) 
PARAMETRIC_REPRESENTATION_CONTEXT() REPRESENTATION_CONTEXT('2D SPACE',''
  ) );
#9072 = ORIENTED_EDGE('',*,*,#9073,.F.);
#9073 = EDGE_CURVE('',#9074,#9046,#9076,.T.);
#9074 = VERTEX_POINT('',#9075);
#9075 = CARTESIAN_POINT('',(19.,-6.1,28.1));
#9076 = SURFACE_CURVE('',#9077,(#9081,#9087),.PCURVE_S1.);
#9077 = LINE('',#9078,#9079);
#9078 = CARTESIAN_POINT('',(19.,-4.45,28.1));
#9079 = VECTOR('',#9080,1.);
#9080 = DIRECTION('',(0.,-1.,2.22044604925E-16));
#9081 = PCURVE('',#7847,#9082);
#9082 = DEFINITIONAL_REPRESENTATION('',(#9083),#9086);
#9083 = B_SPLINE_CURVE_WITH_KNOTS('',1,(#9084,#9085),.UNSPECIFIED.,.F.,
  .F.,(2,2),(1.65,4.45),.PIECEWISE_BEZIER_KNOTS.);
#9084 = CARTESIAN_POINT('',(1.1,6.1));
#9085 = CARTESIAN_POINT('',(1.1,8.9));
#9086 = ( GEOMETRIC_REPRESENTATION_CONTEXT(2) 
PARAMETRIC_REPRESENTATION_CONTEXT() REPRESENTATION_CONTEXT('2D SPACE',''
  ) );
#9087 = PCURVE('',#8316,#9088);
#9088 = DEFINITIONAL_REPRESENTATION('',(#9089),#9092);
#9089 = B_SPLINE_CURVE_WITH_KNOTS('',1,(#9090,#9091),.UNSPECIFIED.,.F.,
  .F.,(2,2),(1.65,4.45),.PIECEWISE_BEZIER_KNOTS.);
#9090 = CARTESIAN_POINT('',(2.8,-3.5));
#9091 = CARTESIAN_POINT('',(0.,-3.5));
#9092 = ( GEOMETRIC_REPRESENTATION_CONTEXT(2) 
PARAMETRIC_REPRESENTATION_CONTEXT() REPRESENTATION_CONTEXT('2D SPACE',''
  ) );
#9093 = ORIENTED_EDGE('',*,*,#9094,.T.);
#9094 = EDGE_CURVE('',#9074,#9025,#9095,.T.);
#9095 = SURFACE_CURVE('',#9096,(#9101,#9112),.PCURVE_S1.);
#9096 = CIRCLE('',#9097,1.1);
#9097 = AXIS2_PLACEMENT_3D('',#9098,#9099,#9100);
#9098 = CARTESIAN_POINT('',(19.,-6.1,27.));
#9099 = DIRECTION('',(-1.,0.,0.));
#9100 = DIRECTION('',(0.,2.22044604925E-16,1.));
#9101 = PCURVE('',#7847,#9102);
#9102 = DEFINITIONAL_REPRESENTATION('',(#9103),#9111);
#9103 = ( BOUNDED_CURVE() B_SPLINE_CURVE(2,(#9104,#9105,#9106,#9107,
#9108,#9109,#9110),.UNSPECIFIED.,.T.,.F.) B_SPLINE_CURVE_WITH_KNOTS((1,2
    ,2,2,2,1),(-2.094395102393,0.,2.094395102393,4.188790204786,
6.28318530718,8.377580409573),.UNSPECIFIED.) CURVE() 
GEOMETRIC_REPRESENTATION_ITEM() RATIONAL_B_SPLINE_CURVE((1.,0.5,1.,0.5,
1.,0.5,1.)) REPRESENTATION_ITEM('') );
#9104 = CARTESIAN_POINT('',(1.1,6.1));
#9105 = CARTESIAN_POINT('',(1.1,4.194744111674));
#9106 = CARTESIAN_POINT('',(-0.55,5.147372055837));
#9107 = CARTESIAN_POINT('',(-2.2,6.1));
#9108 = CARTESIAN_POINT('',(-0.55,7.052627944163));
#9109 = CARTESIAN_POINT('',(1.1,8.005255888326));
#9110 = CARTESIAN_POINT('',(1.1,6.1));
#9111 = ( GEOMETRIC_REPRESENTATION_CONTEXT(2) 
PARAMETRIC_REPRESENTATION_CONTEXT() REPRESENTATION_CONTEXT('2D SPACE',''
  ) );
#9112 = PCURVE('',#8346,#9113);
#9113 = DEFINITIONAL_REPRESENTATION('',(#9114),#9118);
#9114 = LINE('',#9115,#9116);
#9115 = CARTESIAN_POINT('',(0.,-3.5));
#9116 = VECTOR('',#9117,1.);
#9117 = DIRECTION('',(1.,0.));
#9118 = ( GEOMETRIC_REPRESENTATION_CONTEXT(2) 
PARAMETRIC_REPRESENTATION_CONTEXT() REPRESENTATION_CONTEXT('2D SPACE',''
  ) );
#9119 = ADVANCED_FACE('',(#9120),#7876,.T.);
#9120 = FACE_BOUND('',#9121,.T.);
#9121 = EDGE_LOOP('',(#9122,#9123,#9124,#9125));
#9122 = ORIENTED_EDGE('',*,*,#8645,.F.);
#9123 = ORIENTED_EDGE('',*,*,#7863,.T.);
#9124 = ORIENTED_EDGE('',*,*,#7891,.T.);
#9125 = ORIENTED_EDGE('',*,*,#9126,.T.);
#9126 = EDGE_CURVE('',#7892,#8646,#9127,.T.);
#9127 = SURFACE_CURVE('',#9128,(#9132,#9139),.PCURVE_S1.);
#9128 = LINE('',#9129,#9130);
#9129 = CARTESIAN_POINT('',(16.5,6.,72.));
#9130 = VECTOR('',#9131,1.);
#9131 = DIRECTION('',(1.,0.,0.));
#9132 = PCURVE('',#7876,#9133);
#9133 = DEFINITIONAL_REPRESENTATION('',(#9134),#9138);
#9134 = LINE('',#9135,#9136);
#9135 = CARTESIAN_POINT('',(37.,0.));
#9136 = VECTOR('',#9137,1.);
#9137 = DIRECTION('',(0.,1.));
#9138 = ( GEOMETRIC_REPRESENTATION_CONTEXT(2) 
PARAMETRIC_REPRESENTATION_CONTEXT() REPRESENTATION_CONTEXT('2D SPACE',''
  ) );
#9139 = PCURVE('',#7930,#9140);
#9140 = DEFINITIONAL_REPRESENTATION('',(#9141),#9145);
#9141 = LINE('',#9142,#9143);
#9142 = CARTESIAN_POINT('',(0.,12.));
#9143 = VECTOR('',#9144,1.);
#9144 = DIRECTION('',(1.,0.));
#9145 = ( GEOMETRIC_REPRESENTATION_CONTEXT(2) 
PARAMETRIC_REPRESENTATION_CONTEXT() REPRESENTATION_CONTEXT('2D SPACE',''
  ) );
#9146 = ADVANCED_FACE('',(#9147),#7930,.T.);
#9147 = FACE_BOUND('',#9148,.T.);
#9148 = EDGE_LOOP('',(#9149,#9150,#9151,#9152));
#9149 = ORIENTED_EDGE('',*,*,#7914,.F.);
#9150 = ORIENTED_EDGE('',*,*,#8620,.T.);
#9151 = ORIENTED_EDGE('',*,*,#8668,.T.);
#9152 = ORIENTED_EDGE('',*,*,#9126,.F.);
#9153 = ADVANCED_FACE('',(#9154),#7982,.F.);
#9154 = FACE_BOUND('',#9155,.F.);
#9155 = EDGE_LOOP('',(#9156,#9157,#9178,#9179));
#9156 = ORIENTED_EDGE('',*,*,#7965,.T.);
#9157 = ORIENTED_EDGE('',*,*,#9158,.T.);
#9158 = EDGE_CURVE('',#7968,#8695,#9159,.T.);
#9159 = SURFACE_CURVE('',#9160,(#9164,#9171),.PCURVE_S1.);
#9160 = LINE('',#9161,#9162);
#9161 = CARTESIAN_POINT('',(15.5,6.1,28.1));
#9162 = VECTOR('',#9163,1.);
#9163 = DIRECTION('',(1.,0.,0.));
#9164 = PCURVE('',#7982,#9165);
#9165 = DEFINITIONAL_REPRESENTATION('',(#9166),#9170);
#9166 = LINE('',#9167,#9168);
#9167 = CARTESIAN_POINT('',(0.,0.));
#9168 = VECTOR('',#9169,1.);
#9169 = DIRECTION('',(0.,-1.));
#9170 = ( GEOMETRIC_REPRESENTATION_CONTEXT(2) 
PARAMETRIC_REPRESENTATION_CONTEXT() REPRESENTATION_CONTEXT('2D SPACE',''
  ) );
#9171 = PCURVE('',#8071,#9172);
#9172 = DEFINITIONAL_REPRESENTATION('',(#9173),#9177);
#9173 = LINE('',#9174,#9175);
#9174 = CARTESIAN_POINT('',(3.14159265359,0.));
#9175 = VECTOR('',#9176,1.);
#9176 = DIRECTION('',(0.,-1.));
#9177 = ( GEOMETRIC_REPRESENTATION_CONTEXT(2) 
PARAMETRIC_REPRESENTATION_CONTEXT() REPRESENTATION_CONTEXT('2D SPACE',''
  ) );
#9178 = ORIENTED_EDGE('',*,*,#8692,.F.);
#9179 = ORIENTED_EDGE('',*,*,#9180,.F.);
#9180 = EDGE_CURVE('',#7966,#8693,#9181,.T.);
#9181 = SURFACE_CURVE('',#9182,(#9186,#9193),.PCURVE_S1.);
#9182 = LINE('',#9183,#9184);
#9183 = CARTESIAN_POINT('',(15.5,8.9,28.1));
#9184 = VECTOR('',#9185,1.);
#9185 = DIRECTION('',(1.,0.,0.));
#9186 = PCURVE('',#7982,#9187);
#9187 = DEFINITIONAL_REPRESENTATION('',(#9188),#9192);
#9188 = LINE('',#9189,#9190);
#9189 = CARTESIAN_POINT('',(2.8,0.));
#9190 = VECTOR('',#9191,1.);
#9191 = DIRECTION('',(0.,-1.));
#9192 = ( GEOMETRIC_REPRESENTATION_CONTEXT(2) 
PARAMETRIC_REPRESENTATION_CONTEXT() REPRESENTATION_CONTEXT('2D SPACE',''
  ) );
#9193 = PCURVE('',#8014,#9194);
#9194 = DEFINITIONAL_REPRESENTATION('',(#9195),#9199);
#9195 = LINE('',#9196,#9197);
#9196 = CARTESIAN_POINT('',(0.,0.));
#9197 = VECTOR('',#9198,1.);
#9198 = DIRECTION('',(0.,-1.));
#9199 = ( GEOMETRIC_REPRESENTATION_CONTEXT(2) 
PARAMETRIC_REPRESENTATION_CONTEXT() REPRESENTATION_CONTEXT('2D SPACE',''
  ) );
#9200 = ADVANCED_FACE('',(#9201),#8071,.F.);
#9201 = FACE_BOUND('',#9202,.F.);
#9202 = EDGE_LOOP('',(#9203,#9204,#9225,#9226));
#9203 = ORIENTED_EDGE('',*,*,#8052,.F.);
#9204 = ORIENTED_EDGE('',*,*,#9205,.T.);
#9205 = EDGE_CURVE('',#8027,#8744,#9206,.T.);
#9206 = SURFACE_CURVE('',#9207,(#9211,#9218),.PCURVE_S1.);
#9207 = LINE('',#9208,#9209);
#9208 = CARTESIAN_POINT('',(15.5,6.1,25.9));
#9209 = VECTOR('',#9210,1.);
#9210 = DIRECTION('',(1.,0.,0.));
#9211 = PCURVE('',#8071,#9212);
#9212 = DEFINITIONAL_REPRESENTATION('',(#9213),#9217);
#9213 = LINE('',#9214,#9215);
#9214 = CARTESIAN_POINT('',(0.,0.));
#9215 = VECTOR('',#9216,1.);
#9216 = DIRECTION('',(0.,-1.));
#9217 = ( GEOMETRIC_REPRESENTATION_CONTEXT(2) 
PARAMETRIC_REPRESENTATION_CONTEXT() REPRESENTATION_CONTEXT('2D SPACE',''
  ) );
#9218 = PCURVE('',#8041,#9219);
#9219 = DEFINITIONAL_REPRESENTATION('',(#9220),#9224);
#9220 = LINE('',#9221,#9222);
#9221 = CARTESIAN_POINT('',(2.8,0.));
#9222 = VECTOR('',#9223,1.);
#9223 = DIRECTION('',(0.,-1.));
#9224 = ( GEOMETRIC_REPRESENTATION_CONTEXT(2) 
PARAMETRIC_REPRESENTATION_CONTEXT() REPRESENTATION_CONTEXT('2D SPACE',''
  ) );
#9225 = ORIENTED_EDGE('',*,*,#8764,.T.);
#9226 = ORIENTED_EDGE('',*,*,#9158,.F.);
#9227 = ADVANCED_FACE('',(#9228),#8041,.F.);
#9228 = FACE_BOUND('',#9229,.F.);
#9229 = EDGE_LOOP('',(#9230,#9231,#9252,#9253));
#9230 = ORIENTED_EDGE('',*,*,#8026,.T.);
#9231 = ORIENTED_EDGE('',*,*,#9232,.T.);
#9232 = EDGE_CURVE('',#7994,#8716,#9233,.T.);
#9233 = SURFACE_CURVE('',#9234,(#9238,#9245),.PCURVE_S1.);
#9234 = LINE('',#9235,#9236);
#9235 = CARTESIAN_POINT('',(15.5,8.9,25.9));
#9236 = VECTOR('',#9237,1.);
#9237 = DIRECTION('',(1.,0.,0.));
#9238 = PCURVE('',#8041,#9239);
#9239 = DEFINITIONAL_REPRESENTATION('',(#9240),#9244);
#9240 = LINE('',#9241,#9242);
#9241 = CARTESIAN_POINT('',(0.,0.));
#9242 = VECTOR('',#9243,1.);
#9243 = DIRECTION('',(0.,-1.));
#9244 = ( GEOMETRIC_REPRESENTATION_CONTEXT(2) 
PARAMETRIC_REPRESENTATION_CONTEXT() REPRESENTATION_CONTEXT('2D SPACE',''
  ) );
#9245 = PCURVE('',#8014,#9246);
#9246 = DEFINITIONAL_REPRESENTATION('',(#9247),#9251);
#9247 = LINE('',#9248,#9249);
#9248 = CARTESIAN_POINT('',(3.14159265359,0.));
#9249 = VECTOR('',#9250,1.);
#9250 = DIRECTION('',(0.,-1.));
#9251 = ( GEOMETRIC_REPRESENTATION_CONTEXT(2) 
PARAMETRIC_REPRESENTATION_CONTEXT() REPRESENTATION_CONTEXT('2D SPACE',''
  ) );
#9252 = ORIENTED_EDGE('',*,*,#8743,.F.);
#9253 = ORIENTED_EDGE('',*,*,#9205,.F.);
#9254 = ADVANCED_FACE('',(#9255),#8014,.F.);
#9255 = FACE_BOUND('',#9256,.F.);
#9256 = EDGE_LOOP('',(#9257,#9258,#9259,#9260));
#9257 = ORIENTED_EDGE('',*,*,#7993,.F.);
#9258 = ORIENTED_EDGE('',*,*,#9180,.T.);
#9259 = ORIENTED_EDGE('',*,*,#8715,.T.);
#9260 = ORIENTED_EDGE('',*,*,#9232,.F.);
#9261 = ADVANCED_FACE('',(#9262),#8106,.F.);
#9262 = FACE_BOUND('',#9263,.T.);
#9263 = EDGE_LOOP('',(#9264,#9265,#9286,#9287));
#9264 = ORIENTED_EDGE('',*,*,#8085,.T.);
#9265 = ORIENTED_EDGE('',*,*,#9266,.T.);
#9266 = EDGE_CURVE('',#8086,#8793,#9267,.T.);
#9267 = SEAM_CURVE('',#9268,(#9272,#9279),.PCURVE_S1.);
#9268 = LINE('',#9269,#9270);
#9269 = CARTESIAN_POINT('',(15.5,3.4,27.));
#9270 = VECTOR('',#9271,1.);
#9271 = DIRECTION('',(1.,0.,0.));
#9272 = PCURVE('',#8106,#9273);
#9273 = DEFINITIONAL_REPRESENTATION('',(#9274),#9278);
#9274 = LINE('',#9275,#9276);
#9275 = CARTESIAN_POINT('',(-6.28318530718,0.));
#9276 = VECTOR('',#9277,1.);
#9277 = DIRECTION('',(-0.,-1.));
#9278 = ( GEOMETRIC_REPRESENTATION_CONTEXT(2) 
PARAMETRIC_REPRESENTATION_CONTEXT() REPRESENTATION_CONTEXT('2D SPACE',''
  ) );
#9279 = PCURVE('',#8106,#9280);
#9280 = DEFINITIONAL_REPRESENTATION('',(#9281),#9285);
#9281 = LINE('',#9282,#9283);
#9282 = CARTESIAN_POINT('',(-0.,0.));
#9283 = VECTOR('',#9284,1.);
#9284 = DIRECTION('',(-0.,-1.));
#9285 = ( GEOMETRIC_REPRESENTATION_CONTEXT(2) 
PARAMETRIC_REPRESENTATION_CONTEXT() REPRESENTATION_CONTEXT('2D SPACE',''
  ) );
#9286 = ORIENTED_EDGE('',*,*,#8792,.F.);
#9287 = ORIENTED_EDGE('',*,*,#9266,.F.);
#9288 = ADVANCED_FACE('',(#9289),#8137,.F.);
#9289 = FACE_BOUND('',#9290,.F.);
#9290 = EDGE_LOOP('',(#9291,#9292,#9313,#9314));
#9291 = ORIENTED_EDGE('',*,*,#8120,.T.);
#9292 = ORIENTED_EDGE('',*,*,#9293,.T.);
#9293 = EDGE_CURVE('',#8123,#8825,#9294,.T.);
#9294 = SURFACE_CURVE('',#9295,(#9299,#9306),.PCURVE_S1.);
#9295 = LINE('',#9296,#9297);
#9296 = CARTESIAN_POINT('',(15.5,1.1,20.9));
#9297 = VECTOR('',#9298,1.);
#9298 = DIRECTION('',(1.,0.,0.));
#9299 = PCURVE('',#8137,#9300);
#9300 = DEFINITIONAL_REPRESENTATION('',(#9301),#9305);
#9301 = LINE('',#9302,#9303);
#9302 = CARTESIAN_POINT('',(0.,0.));
#9303 = VECTOR('',#9304,1.);
#9304 = DIRECTION('',(0.,-1.));
#9305 = ( GEOMETRIC_REPRESENTATION_CONTEXT(2) 
PARAMETRIC_REPRESENTATION_CONTEXT() REPRESENTATION_CONTEXT('2D SPACE',''
  ) );
#9306 = PCURVE('',#8226,#9307);
#9307 = DEFINITIONAL_REPRESENTATION('',(#9308),#9312);
#9308 = LINE('',#9309,#9310);
#9309 = CARTESIAN_POINT('',(3.14159265359,0.));
#9310 = VECTOR('',#9311,1.);
#9311 = DIRECTION('',(0.,-1.));
#9312 = ( GEOMETRIC_REPRESENTATION_CONTEXT(2) 
PARAMETRIC_REPRESENTATION_CONTEXT() REPRESENTATION_CONTEXT('2D SPACE',''
  ) );
#9313 = ORIENTED_EDGE('',*,*,#8822,.F.);
#9314 = ORIENTED_EDGE('',*,*,#9315,.F.);
#9315 = EDGE_CURVE('',#8121,#8823,#9316,.T.);
#9316 = SURFACE_CURVE('',#9317,(#9321,#9328),.PCURVE_S1.);
#9317 = LINE('',#9318,#9319);
#9318 = CARTESIAN_POINT('',(15.5,1.1,18.1));
#9319 = VECTOR('',#9320,1.);
#9320 = DIRECTION('',(1.,0.,0.));
#9321 = PCURVE('',#8137,#9322);
#9322 = DEFINITIONAL_REPRESENTATION('',(#9323),#9327);
#9323 = LINE('',#9324,#9325);
#9324 = CARTESIAN_POINT('',(2.8,0.));
#9325 = VECTOR('',#9326,1.);
#9326 = DIRECTION('',(0.,-1.));
#9327 = ( GEOMETRIC_REPRESENTATION_CONTEXT(2) 
PARAMETRIC_REPRESENTATION_CONTEXT() REPRESENTATION_CONTEXT('2D SPACE',''
  ) );
#9328 = PCURVE('',#8169,#9329);
#9329 = DEFINITIONAL_REPRESENTATION('',(#9330),#9334);
#9330 = LINE('',#9331,#9332);
#9331 = CARTESIAN_POINT('',(0.,0.));
#9332 = VECTOR('',#9333,1.);
#9333 = DIRECTION('',(0.,-1.));
#9334 = ( GEOMETRIC_REPRESENTATION_CONTEXT(2) 
PARAMETRIC_REPRESENTATION_CONTEXT() REPRESENTATION_CONTEXT('2D SPACE',''
  ) );
#9335 = ADVANCED_FACE('',(#9336),#8169,.F.);
#9336 = FACE_BOUND('',#9337,.F.);
#9337 = EDGE_LOOP('',(#9338,#9339,#9340,#9341));
#9338 = ORIENTED_EDGE('',*,*,#8148,.F.);
#9339 = ORIENTED_EDGE('',*,*,#9315,.T.);
#9340 = ORIENTED_EDGE('',*,*,#8845,.T.);
#9341 = ORIENTED_EDGE('',*,*,#9342,.F.);
#9342 = EDGE_CURVE('',#8149,#8846,#9343,.T.);
#9343 = SURFACE_CURVE('',#9344,(#9348,#9355),.PCURVE_S1.);
#9344 = LINE('',#9345,#9346);
#9345 = CARTESIAN_POINT('',(15.5,-1.1,18.1));
#9346 = VECTOR('',#9347,1.);
#9347 = DIRECTION('',(1.,0.,0.));
#9348 = PCURVE('',#8169,#9349);
#9349 = DEFINITIONAL_REPRESENTATION('',(#9350),#9354);
#9350 = LINE('',#9351,#9352);
#9351 = CARTESIAN_POINT('',(3.14159265359,0.));
#9352 = VECTOR('',#9353,1.);
#9353 = DIRECTION('',(0.,-1.));
#9354 = ( GEOMETRIC_REPRESENTATION_CONTEXT(2) 
PARAMETRIC_REPRESENTATION_CONTEXT() REPRESENTATION_CONTEXT('2D SPACE',''
  ) );
#9355 = PCURVE('',#8196,#9356);
#9356 = DEFINITIONAL_REPRESENTATION('',(#9357),#9361);
#9357 = LINE('',#9358,#9359);
#9358 = CARTESIAN_POINT('',(0.,0.));
#9359 = VECTOR('',#9360,1.);
#9360 = DIRECTION('',(0.,-1.));
#9361 = ( GEOMETRIC_REPRESENTATION_CONTEXT(2) 
PARAMETRIC_REPRESENTATION_CONTEXT() REPRESENTATION_CONTEXT('2D SPACE',''
  ) );
#9362 = ADVANCED_FACE('',(#9363),#8226,.F.);
#9363 = FACE_BOUND('',#9364,.F.);
#9364 = EDGE_LOOP('',(#9365,#9366,#9387,#9388));
#9365 = ORIENTED_EDGE('',*,*,#8207,.F.);
#9366 = ORIENTED_EDGE('',*,*,#9367,.T.);
#9367 = EDGE_CURVE('',#8182,#8874,#9368,.T.);
#9368 = SURFACE_CURVE('',#9369,(#9373,#9380),.PCURVE_S1.);
#9369 = LINE('',#9370,#9371);
#9370 = CARTESIAN_POINT('',(15.5,-1.1,20.9));
#9371 = VECTOR('',#9372,1.);
#9372 = DIRECTION('',(1.,0.,0.));
#9373 = PCURVE('',#8226,#9374);
#9374 = DEFINITIONAL_REPRESENTATION('',(#9375),#9379);
#9375 = LINE('',#9376,#9377);
#9376 = CARTESIAN_POINT('',(0.,0.));
#9377 = VECTOR('',#9378,1.);
#9378 = DIRECTION('',(0.,-1.));
#9379 = ( GEOMETRIC_REPRESENTATION_CONTEXT(2) 
PARAMETRIC_REPRESENTATION_CONTEXT() REPRESENTATION_CONTEXT('2D SPACE',''
  ) );
#9380 = PCURVE('',#8196,#9381);
#9381 = DEFINITIONAL_REPRESENTATION('',(#9382),#9386);
#9382 = LINE('',#9383,#9384);
#9383 = CARTESIAN_POINT('',(2.8,0.));
#9384 = VECTOR('',#9385,1.);
#9385 = DIRECTION('',(0.,-1.));
#9386 = ( GEOMETRIC_REPRESENTATION_CONTEXT(2) 
PARAMETRIC_REPRESENTATION_CONTEXT() REPRESENTATION_CONTEXT('2D SPACE',''
  ) );
#9387 = ORIENTED_EDGE('',*,*,#8894,.T.);
#9388 = ORIENTED_EDGE('',*,*,#9293,.F.);
#9389 = ADVANCED_FACE('',(#9390),#8196,.F.);
#9390 = FACE_BOUND('',#9391,.F.);
#9391 = EDGE_LOOP('',(#9392,#9393,#9394,#9395));
#9392 = ORIENTED_EDGE('',*,*,#8181,.T.);
#9393 = ORIENTED_EDGE('',*,*,#9342,.T.);
#9394 = ORIENTED_EDGE('',*,*,#8873,.F.);
#9395 = ORIENTED_EDGE('',*,*,#9367,.F.);
#9396 = ADVANCED_FACE('',(#9397),#8257,.F.);
#9397 = FACE_BOUND('',#9398,.F.);
#9398 = EDGE_LOOP('',(#9399,#9400,#9421,#9422));
#9399 = ORIENTED_EDGE('',*,*,#8240,.T.);
#9400 = ORIENTED_EDGE('',*,*,#9401,.T.);
#9401 = EDGE_CURVE('',#8243,#9025,#9402,.T.);
#9402 = SURFACE_CURVE('',#9403,(#9407,#9414),.PCURVE_S1.);
#9403 = LINE('',#9404,#9405);
#9404 = CARTESIAN_POINT('',(15.5,-6.1,25.9));
#9405 = VECTOR('',#9406,1.);
#9406 = DIRECTION('',(1.,0.,0.));
#9407 = PCURVE('',#8257,#9408);
#9408 = DEFINITIONAL_REPRESENTATION('',(#9409),#9413);
#9409 = LINE('',#9410,#9411);
#9410 = CARTESIAN_POINT('',(0.,0.));
#9411 = VECTOR('',#9412,1.);
#9412 = DIRECTION('',(0.,-1.));
#9413 = ( GEOMETRIC_REPRESENTATION_CONTEXT(2) 
PARAMETRIC_REPRESENTATION_CONTEXT() REPRESENTATION_CONTEXT('2D SPACE',''
  ) );
#9414 = PCURVE('',#8346,#9415);
#9415 = DEFINITIONAL_REPRESENTATION('',(#9416),#9420);
#9416 = LINE('',#9417,#9418);
#9417 = CARTESIAN_POINT('',(3.14159265359,0.));
#9418 = VECTOR('',#9419,1.);
#9419 = DIRECTION('',(0.,-1.));
#9420 = ( GEOMETRIC_REPRESENTATION_CONTEXT(2) 
PARAMETRIC_REPRESENTATION_CONTEXT() REPRESENTATION_CONTEXT('2D SPACE',''
  ) );
#9421 = ORIENTED_EDGE('',*,*,#9022,.F.);
#9422 = ORIENTED_EDGE('',*,*,#9423,.F.);
#9423 = EDGE_CURVE('',#8241,#9023,#9424,.T.);
#9424 = SURFACE_CURVE('',#9425,(#9429,#9436),.PCURVE_S1.);
#9425 = LINE('',#9426,#9427);
#9426 = CARTESIAN_POINT('',(15.5,-8.9,25.9));
#9427 = VECTOR('',#9428,1.);
#9428 = DIRECTION('',(1.,0.,0.));
#9429 = PCURVE('',#8257,#9430);
#9430 = DEFINITIONAL_REPRESENTATION('',(#9431),#9435);
#9431 = LINE('',#9432,#9433);
#9432 = CARTESIAN_POINT('',(2.8,0.));
#9433 = VECTOR('',#9434,1.);
#9434 = DIRECTION('',(0.,-1.));
#9435 = ( GEOMETRIC_REPRESENTATION_CONTEXT(2) 
PARAMETRIC_REPRESENTATION_CONTEXT() REPRESENTATION_CONTEXT('2D SPACE',''
  ) );
#9436 = PCURVE('',#8289,#9437);
#9437 = DEFINITIONAL_REPRESENTATION('',(#9438),#9442);
#9438 = LINE('',#9439,#9440);
#9439 = CARTESIAN_POINT('',(0.,0.));
#9440 = VECTOR('',#9441,1.);
#9441 = DIRECTION('',(0.,-1.));
#9442 = ( GEOMETRIC_REPRESENTATION_CONTEXT(2) 
PARAMETRIC_REPRESENTATION_CONTEXT() REPRESENTATION_CONTEXT('2D SPACE',''
  ) );
#9443 = ADVANCED_FACE('',(#9444),#8289,.F.);
#9444 = FACE_BOUND('',#9445,.F.);
#9445 = EDGE_LOOP('',(#9446,#9447,#9448,#9449));
#9446 = ORIENTED_EDGE('',*,*,#8268,.F.);
#9447 = ORIENTED_EDGE('',*,*,#9423,.T.);
#9448 = ORIENTED_EDGE('',*,*,#9045,.T.);
#9449 = ORIENTED_EDGE('',*,*,#9450,.F.);
#9450 = EDGE_CURVE('',#8269,#9046,#9451,.T.);
#9451 = SURFACE_CURVE('',#9452,(#9456,#9463),.PCURVE_S1.);
#9452 = LINE('',#9453,#9454);
#9453 = CARTESIAN_POINT('',(15.5,-8.9,28.1));
#9454 = VECTOR('',#9455,1.);
#9455 = DIRECTION('',(1.,0.,0.));
#9456 = PCURVE('',#8289,#9457);
#9457 = DEFINITIONAL_REPRESENTATION('',(#9458),#9462);
#9458 = LINE('',#9459,#9460);
#9459 = CARTESIAN_POINT('',(3.14159265359,0.));
#9460 = VECTOR('',#9461,1.);
#9461 = DIRECTION('',(0.,-1.));
#9462 = ( GEOMETRIC_REPRESENTATION_CONTEXT(2) 
PARAMETRIC_REPRESENTATION_CONTEXT() REPRESENTATION_CONTEXT('2D SPACE',''
  ) );
#9463 = PCURVE('',#8316,#9464);
#9464 = DEFINITIONAL_REPRESENTATION('',(#9465),#9469);
#9465 = LINE('',#9466,#9467);
#9466 = CARTESIAN_POINT('',(0.,0.));
#9467 = VECTOR('',#9468,1.);
#9468 = DIRECTION('',(0.,-1.));
#9469 = ( GEOMETRIC_REPRESENTATION_CONTEXT(2) 
PARAMETRIC_REPRESENTATION_CONTEXT() REPRESENTATION_CONTEXT('2D SPACE',''
  ) );
#9470 = ADVANCED_FACE('',(#9471),#8346,.F.);
#9471 = FACE_BOUND('',#9472,.F.);
#9472 = EDGE_LOOP('',(#9473,#9474,#9495,#9496));
#9473 = ORIENTED_EDGE('',*,*,#8327,.F.);
#9474 = ORIENTED_EDGE('',*,*,#9475,.T.);
#9475 = EDGE_CURVE('',#8302,#9074,#9476,.T.);
#9476 = SURFACE_CURVE('',#9477,(#9481,#9488),.PCURVE_S1.);
#9477 = LINE('',#9478,#9479);
#9478 = CARTESIAN_POINT('',(15.5,-6.1,28.1));
#9479 = VECTOR('',#9480,1.);
#9480 = DIRECTION('',(1.,0.,0.));
#9481 = PCURVE('',#8346,#9482);
#9482 = DEFINITIONAL_REPRESENTATION('',(#9483),#9487);
#9483 = LINE('',#9484,#9485);
#9484 = CARTESIAN_POINT('',(0.,0.));
#9485 = VECTOR('',#9486,1.);
#9486 = DIRECTION('',(0.,-1.));
#9487 = ( GEOMETRIC_REPRESENTATION_CONTEXT(2) 
PARAMETRIC_REPRESENTATION_CONTEXT() REPRESENTATION_CONTEXT('2D SPACE',''
  ) );
#9488 = PCURVE('',#8316,#9489);
#9489 = DEFINITIONAL_REPRESENTATION('',(#9490),#9494);
#9490 = LINE('',#9491,#9492);
#9491 = CARTESIAN_POINT('',(2.8,0.));
#9492 = VECTOR('',#9493,1.);
#9493 = DIRECTION('',(0.,-1.));
#9494 = ( GEOMETRIC_REPRESENTATION_CONTEXT(2) 
PARAMETRIC_REPRESENTATION_CONTEXT() REPRESENTATION_CONTEXT('2D SPACE',''
  ) );
#9495 = ORIENTED_EDGE('',*,*,#9094,.T.);
#9496 = ORIENTED_EDGE('',*,*,#9401,.F.);
#9497 = ADVANCED_FACE('',(#9498),#8316,.F.);
#9498 = FACE_BOUND('',#9499,.F.);
#9499 = EDGE_LOOP('',(#9500,#9501,#9502,#9503));
#9500 = ORIENTED_EDGE('',*,*,#8301,.T.);
#9501 = ORIENTED_EDGE('',*,*,#9450,.T.);
#9502 = ORIENTED_EDGE('',*,*,#9073,.F.);
#9503 = ORIENTED_EDGE('',*,*,#9475,.F.);
#9504 = ADVANCED_FACE('',(#9505),#8377,.F.);
#9505 = FACE_BOUND('',#9506,.F.);
#9506 = EDGE_LOOP('',(#9507,#9508,#9529,#9530));
#9507 = ORIENTED_EDGE('',*,*,#8360,.T.);
#9508 = ORIENTED_EDGE('',*,*,#9509,.T.);
#9509 = EDGE_CURVE('',#8363,#8925,#9510,.T.);
#9510 = SURFACE_CURVE('',#9511,(#9515,#9522),.PCURVE_S1.);
#9511 = LINE('',#9512,#9513);
#9512 = CARTESIAN_POINT('',(15.5,-1.1,33.1));
#9513 = VECTOR('',#9514,1.);
#9514 = DIRECTION('',(1.,0.,0.));
#9515 = PCURVE('',#8377,#9516);
#9516 = DEFINITIONAL_REPRESENTATION('',(#9517),#9521);
#9517 = LINE('',#9518,#9519);
#9518 = CARTESIAN_POINT('',(0.,0.));
#9519 = VECTOR('',#9520,1.);
#9520 = DIRECTION('',(0.,-1.));
#9521 = ( GEOMETRIC_REPRESENTATION_CONTEXT(2) 
PARAMETRIC_REPRESENTATION_CONTEXT() REPRESENTATION_CONTEXT('2D SPACE',''
  ) );
#9522 = PCURVE('',#8466,#9523);
#9523 = DEFINITIONAL_REPRESENTATION('',(#9524),#9528);
#9524 = LINE('',#9525,#9526);
#9525 = CARTESIAN_POINT('',(3.14159265359,0.));
#9526 = VECTOR('',#9527,1.);
#9527 = DIRECTION('',(0.,-1.));
#9528 = ( GEOMETRIC_REPRESENTATION_CONTEXT(2) 
PARAMETRIC_REPRESENTATION_CONTEXT() REPRESENTATION_CONTEXT('2D SPACE',''
  ) );
#9529 = ORIENTED_EDGE('',*,*,#8922,.F.);
#9530 = ORIENTED_EDGE('',*,*,#9531,.F.);
#9531 = EDGE_CURVE('',#8361,#8923,#9532,.T.);
#9532 = SURFACE_CURVE('',#9533,(#9537,#9544),.PCURVE_S1.);
#9533 = LINE('',#9534,#9535);
#9534 = CARTESIAN_POINT('',(15.5,-1.1,35.9));
#9535 = VECTOR('',#9536,1.);
#9536 = DIRECTION('',(1.,0.,0.));
#9537 = PCURVE('',#8377,#9538);
#9538 = DEFINITIONAL_REPRESENTATION('',(#9539),#9543);
#9539 = LINE('',#9540,#9541);
#9540 = CARTESIAN_POINT('',(2.8,0.));
#9541 = VECTOR('',#9542,1.);
#9542 = DIRECTION('',(0.,-1.));
#9543 = ( GEOMETRIC_REPRESENTATION_CONTEXT(2) 
PARAMETRIC_REPRESENTATION_CONTEXT() REPRESENTATION_CONTEXT('2D SPACE',''
  ) );
#9544 = PCURVE('',#8409,#9545);
#9545 = DEFINITIONAL_REPRESENTATION('',(#9546),#9550);
#9546 = LINE('',#9547,#9548);
#9547 = CARTESIAN_POINT('',(0.,0.));
#9548 = VECTOR('',#9549,1.);
#9549 = DIRECTION('',(0.,-1.));
#9550 = ( GEOMETRIC_REPRESENTATION_CONTEXT(2) 
PARAMETRIC_REPRESENTATION_CONTEXT() REPRESENTATION_CONTEXT('2D SPACE',''
  ) );
#9551 = ADVANCED_FACE('',(#9552),#8409,.F.);
#9552 = FACE_BOUND('',#9553,.F.);
#9553 = EDGE_LOOP('',(#9554,#9555,#9556,#9557));
#9554 = ORIENTED_EDGE('',*,*,#8388,.F.);
#9555 = ORIENTED_EDGE('',*,*,#9531,.T.);
#9556 = ORIENTED_EDGE('',*,*,#8945,.T.);
#9557 = ORIENTED_EDGE('',*,*,#9558,.F.);
#9558 = EDGE_CURVE('',#8389,#8946,#9559,.T.);
#9559 = SURFACE_CURVE('',#9560,(#9564,#9571),.PCURVE_S1.);
#9560 = LINE('',#9561,#9562);
#9561 = CARTESIAN_POINT('',(15.5,1.1,35.9));
#9562 = VECTOR('',#9563,1.);
#9563 = DIRECTION('',(1.,0.,0.));
#9564 = PCURVE('',#8409,#9565);
#9565 = DEFINITIONAL_REPRESENTATION('',(#9566),#9570);
#9566 = LINE('',#9567,#9568);
#9567 = CARTESIAN_POINT('',(3.14159265359,0.));
#9568 = VECTOR('',#9569,1.);
#9569 = DIRECTION('',(0.,-1.));
#9570 = ( GEOMETRIC_REPRESENTATION_CONTEXT(2) 
PARAMETRIC_REPRESENTATION_CONTEXT() REPRESENTATION_CONTEXT('2D SPACE',''
  ) );
#9571 = PCURVE('',#8436,#9572);
#9572 = DEFINITIONAL_REPRESENTATION('',(#9573),#9577);
#9573 = LINE('',#9574,#9575);
#9574 = CARTESIAN_POINT('',(0.,0.));
#9575 = VECTOR('',#9576,1.);
#9576 = DIRECTION('',(0.,-1.));
#9577 = ( GEOMETRIC_REPRESENTATION_CONTEXT(2) 
PARAMETRIC_REPRESENTATION_CONTEXT() REPRESENTATION_CONTEXT('2D SPACE',''
  ) );
#9578 = ADVANCED_FACE('',(#9579),#8466,.F.);
#9579 = FACE_BOUND('',#9580,.F.);
#9580 = EDGE_LOOP('',(#9581,#9582,#9603,#9604));
#9581 = ORIENTED_EDGE('',*,*,#8447,.F.);
#9582 = ORIENTED_EDGE('',*,*,#9583,.T.);
#9583 = EDGE_CURVE('',#8422,#8974,#9584,.T.);
#9584 = SURFACE_CURVE('',#9585,(#9589,#9596),.PCURVE_S1.);
#9585 = LINE('',#9586,#9587);
#9586 = CARTESIAN_POINT('',(15.5,1.1,33.1));
#9587 = VECTOR('',#9588,1.);
#9588 = DIRECTION('',(1.,0.,0.));
#9589 = PCURVE('',#8466,#9590);
#9590 = DEFINITIONAL_REPRESENTATION('',(#9591),#9595);
#9591 = LINE('',#9592,#9593);
#9592 = CARTESIAN_POINT('',(0.,0.));
#9593 = VECTOR('',#9594,1.);
#9594 = DIRECTION('',(0.,-1.));
#9595 = ( GEOMETRIC_REPRESENTATION_CONTEXT(2) 
PARAMETRIC_REPRESENTATION_CONTEXT() REPRESENTATION_CONTEXT('2D SPACE',''
  ) );
#9596 = PCURVE('',#8436,#9597);
#9597 = DEFINITIONAL_REPRESENTATION('',(#9598),#9602);
#9598 = LINE('',#9599,#9600);
#9599 = CARTESIAN_POINT('',(2.8,-0.));
#9600 = VECTOR('',#9601,1.);
#9601 = DIRECTION('',(0.,-1.));
#9602 = ( GEOMETRIC_REPRESENTATION_CONTEXT(2) 
PARAMETRIC_REPRESENTATION_CONTEXT() REPRESENTATION_CONTEXT('2D SPACE',''
  ) );
#9603 = ORIENTED_EDGE('',*,*,#8994,.T.);
#9604 = ORIENTED_EDGE('',*,*,#9509,.F.);
#9605 = ADVANCED_FACE('',(#9606),#8436,.F.);
#9606 = FACE_BOUND('',#9607,.F.);
#9607 = EDGE_LOOP('',(#9608,#9609,#9610,#9611));
#9608 = ORIENTED_EDGE('',*,*,#8421,.T.);
#9609 = ORIENTED_EDGE('',*,*,#9558,.T.);
#9610 = ORIENTED_EDGE('',*,*,#8973,.F.);
#9611 = ORIENTED_EDGE('',*,*,#9583,.F.);
#9612 = ADVANCED_FACE('',(#9613),#8498,.F.);
#9613 = FACE_BOUND('',#9614,.F.);
#9614 = EDGE_LOOP('',(#9615,#9638,#9666,#9687));
#9615 = ORIENTED_EDGE('',*,*,#9616,.F.);
#9616 = EDGE_CURVE('',#9617,#8481,#9619,.T.);
#9617 = VERTEX_POINT('',#9618);
#9618 = CARTESIAN_POINT('',(-0.5,-3.2,46.5));
#9619 = SURFACE_CURVE('',#9620,(#9624,#9631),.PCURVE_S1.);
#9620 = LINE('',#9621,#9622);
#9621 = CARTESIAN_POINT('',(-0.5,-3.2,46.5));
#9622 = VECTOR('',#9623,1.);
#9623 = DIRECTION('',(1.,0.,0.));
#9624 = PCURVE('',#8498,#9625);
#9625 = DEFINITIONAL_REPRESENTATION('',(#9626),#9630);
#9626 = LINE('',#9627,#9628);
#9627 = CARTESIAN_POINT('',(0.,0.));
#9628 = VECTOR('',#9629,1.);
#9629 = DIRECTION('',(0.,1.));
#9630 = ( GEOMETRIC_REPRESENTATION_CONTEXT(2) 
PARAMETRIC_REPRESENTATION_CONTEXT() REPRESENTATION_CONTEXT('2D SPACE',''
  ) );
#9631 = PCURVE('',#8580,#9632);
#9632 = DEFINITIONAL_REPRESENTATION('',(#9633),#9637);
#9633 = LINE('',#9634,#9635);
#9634 = CARTESIAN_POINT('',(0.,0.));
#9635 = VECTOR('',#9636,1.);
#9636 = DIRECTION('',(1.,0.));
#9637 = ( GEOMETRIC_REPRESENTATION_CONTEXT(2) 
PARAMETRIC_REPRESENTATION_CONTEXT() REPRESENTATION_CONTEXT('2D SPACE',''
  ) );
#9638 = ORIENTED_EDGE('',*,*,#9639,.T.);
#9639 = EDGE_CURVE('',#9617,#9640,#9642,.T.);
#9640 = VERTEX_POINT('',#9641);
#9641 = CARTESIAN_POINT('',(-0.5,-3.2,51.5));
#9642 = SURFACE_CURVE('',#9643,(#9647,#9654),.PCURVE_S1.);
#9643 = LINE('',#9644,#9645);
#9644 = CARTESIAN_POINT('',(-0.5,-3.2,46.5));
#9645 = VECTOR('',#9646,1.);
#9646 = DIRECTION('',(0.,0.,1.));
#9647 = PCURVE('',#8498,#9648);
#9648 = DEFINITIONAL_REPRESENTATION('',(#9649),#9653);
#9649 = LINE('',#9650,#9651);
#9650 = CARTESIAN_POINT('',(0.,0.));
#9651 = VECTOR('',#9652,1.);
#9652 = DIRECTION('',(1.,0.));
#9653 = ( GEOMETRIC_REPRESENTATION_CONTEXT(2) 
PARAMETRIC_REPRESENTATION_CONTEXT() REPRESENTATION_CONTEXT('2D SPACE',''
  ) );
#9654 = PCURVE('',#9655,#9660);
#9655 = PLANE('',#9656);
#9656 = AXIS2_PLACEMENT_3D('',#9657,#9658,#9659);
#9657 = CARTESIAN_POINT('',(-0.5,-3.2,46.5));
#9658 = DIRECTION('',(1.,0.,0.));
#9659 = DIRECTION('',(0.,0.,1.));
#9660 = DEFINITIONAL_REPRESENTATION('',(#9661),#9665);
#9661 = LINE('',#9662,#9663);
#9662 = CARTESIAN_POINT('',(0.,0.));
#9663 = VECTOR('',#9664,1.);
#9664 = DIRECTION('',(1.,0.));
#9665 = ( GEOMETRIC_REPRESENTATION_CONTEXT(2) 
PARAMETRIC_REPRESENTATION_CONTEXT() REPRESENTATION_CONTEXT('2D SPACE',''
  ) );
#9666 = ORIENTED_EDGE('',*,*,#9667,.T.);
#9667 = EDGE_CURVE('',#9640,#8483,#9668,.T.);
#9668 = SURFACE_CURVE('',#9669,(#9673,#9680),.PCURVE_S1.);
#9669 = LINE('',#9670,#9671);
#9670 = CARTESIAN_POINT('',(-0.5,-3.2,51.5));
#9671 = VECTOR('',#9672,1.);
#9672 = DIRECTION('',(1.,0.,0.));
#9673 = PCURVE('',#8498,#9674);
#9674 = DEFINITIONAL_REPRESENTATION('',(#9675),#9679);
#9675 = LINE('',#9676,#9677);
#9676 = CARTESIAN_POINT('',(5.,0.));
#9677 = VECTOR('',#9678,1.);
#9678 = DIRECTION('',(0.,1.));
#9679 = ( GEOMETRIC_REPRESENTATION_CONTEXT(2) 
PARAMETRIC_REPRESENTATION_CONTEXT() REPRESENTATION_CONTEXT('2D SPACE',''
  ) );
#9680 = PCURVE('',#8526,#9681);
#9681 = DEFINITIONAL_REPRESENTATION('',(#9682),#9686);
#9682 = LINE('',#9683,#9684);
#9683 = CARTESIAN_POINT('',(0.,0.));
#9684 = VECTOR('',#9685,1.);
#9685 = DIRECTION('',(1.,0.));
#9686 = ( GEOMETRIC_REPRESENTATION_CONTEXT(2) 
PARAMETRIC_REPRESENTATION_CONTEXT() REPRESENTATION_CONTEXT('2D SPACE',''
  ) );
#9687 = ORIENTED_EDGE('',*,*,#8480,.F.);
#9688 = ADVANCED_FACE('',(#9689),#8526,.T.);
#9689 = FACE_BOUND('',#9690,.T.);
#9690 = EDGE_LOOP('',(#9691,#9721,#9742,#9743,#9744,#9767,#9793,#9819));
#9691 = ORIENTED_EDGE('',*,*,#9692,.F.);
#9692 = EDGE_CURVE('',#9693,#9695,#9697,.T.);
#9693 = VERTEX_POINT('',#9694);
#9694 = CARTESIAN_POINT('',(-0.5,-0.2,51.5));
#9695 = VERTEX_POINT('',#9696);
#9696 = CARTESIAN_POINT('',(0.921954445729,-0.2,51.5));
#9697 = SURFACE_CURVE('',#9698,(#9702,#9709),.PCURVE_S1.);
#9698 = LINE('',#9699,#9700);
#9699 = CARTESIAN_POINT('',(-0.5,-0.2,51.5));
#9700 = VECTOR('',#9701,1.);
#9701 = DIRECTION('',(1.,0.,0.));
#9702 = PCURVE('',#8526,#9703);
#9703 = DEFINITIONAL_REPRESENTATION('',(#9704),#9708);
#9704 = LINE('',#9705,#9706);
#9705 = CARTESIAN_POINT('',(0.,3.));
#9706 = VECTOR('',#9707,1.);
#9707 = DIRECTION('',(1.,0.));
#9708 = ( GEOMETRIC_REPRESENTATION_CONTEXT(2) 
PARAMETRIC_REPRESENTATION_CONTEXT() REPRESENTATION_CONTEXT('2D SPACE',''
  ) );
#9709 = PCURVE('',#9710,#9715);
#9710 = PLANE('',#9711);
#9711 = AXIS2_PLACEMENT_3D('',#9712,#9713,#9714);
#9712 = CARTESIAN_POINT('',(-0.5,-0.2,46.5));
#9713 = DIRECTION('',(0.,1.,0.));
#9714 = DIRECTION('',(0.,0.,1.));
#9715 = DEFINITIONAL_REPRESENTATION('',(#9716),#9720);
#9716 = LINE('',#9717,#9718);
#9717 = CARTESIAN_POINT('',(5.,0.));
#9718 = VECTOR('',#9719,1.);
#9719 = DIRECTION('',(0.,1.));
#9720 = ( GEOMETRIC_REPRESENTATION_CONTEXT(2) 
PARAMETRIC_REPRESENTATION_CONTEXT() REPRESENTATION_CONTEXT('2D SPACE',''
  ) );
#9721 = ORIENTED_EDGE('',*,*,#9722,.F.);
#9722 = EDGE_CURVE('',#9640,#9693,#9723,.T.);
#9723 = SURFACE_CURVE('',#9724,(#9728,#9735),.PCURVE_S1.);
#9724 = LINE('',#9725,#9726);
#9725 = CARTESIAN_POINT('',(-0.5,-3.2,51.5));
#9726 = VECTOR('',#9727,1.);
#9727 = DIRECTION('',(0.,1.,0.));
#9728 = PCURVE('',#8526,#9729);
#9729 = DEFINITIONAL_REPRESENTATION('',(#9730),#9734);
#9730 = LINE('',#9731,#9732);
#9731 = CARTESIAN_POINT('',(0.,0.));
#9732 = VECTOR('',#9733,1.);
#9733 = DIRECTION('',(0.,1.));
#9734 = ( GEOMETRIC_REPRESENTATION_CONTEXT(2) 
PARAMETRIC_REPRESENTATION_CONTEXT() REPRESENTATION_CONTEXT('2D SPACE',''
  ) );
#9735 = PCURVE('',#9655,#9736);
#9736 = DEFINITIONAL_REPRESENTATION('',(#9737),#9741);
#9737 = LINE('',#9738,#9739);
#9738 = CARTESIAN_POINT('',(5.,0.));
#9739 = VECTOR('',#9740,1.);
#9740 = DIRECTION('',(0.,-1.));
#9741 = ( GEOMETRIC_REPRESENTATION_CONTEXT(2) 
PARAMETRIC_REPRESENTATION_CONTEXT() REPRESENTATION_CONTEXT('2D SPACE',''
  ) );
#9742 = ORIENTED_EDGE('',*,*,#9667,.T.);
#9743 = ORIENTED_EDGE('',*,*,#8510,.T.);
#9744 = ORIENTED_EDGE('',*,*,#9745,.F.);
#9745 = EDGE_CURVE('',#9746,#8511,#9748,.T.);
#9746 = VERTEX_POINT('',#9747);
#9747 = CARTESIAN_POINT('',(10.5,-0.2,51.5));
#9748 = SURFACE_CURVE('',#9749,(#9753,#9760),.PCURVE_S1.);
#9749 = LINE('',#9750,#9751);
#9750 = CARTESIAN_POINT('',(-0.5,-0.2,51.5));
#9751 = VECTOR('',#9752,1.);
#9752 = DIRECTION('',(1.,0.,0.));
#9753 = PCURVE('',#8526,#9754);
#9754 = DEFINITIONAL_REPRESENTATION('',(#9755),#9759);
#9755 = LINE('',#9756,#9757);
#9756 = CARTESIAN_POINT('',(0.,3.));
#9757 = VECTOR('',#9758,1.);
#9758 = DIRECTION('',(1.,0.));
#9759 = ( GEOMETRIC_REPRESENTATION_CONTEXT(2) 
PARAMETRIC_REPRESENTATION_CONTEXT() REPRESENTATION_CONTEXT('2D SPACE',''
  ) );
#9760 = PCURVE('',#8554,#9761);
#9761 = DEFINITIONAL_REPRESENTATION('',(#9762),#9766);
#9762 = LINE('',#9763,#9764);
#9763 = CARTESIAN_POINT('',(5.,0.));
#9764 = VECTOR('',#9765,1.);
#9765 = DIRECTION('',(0.,1.));
#9766 = ( GEOMETRIC_REPRESENTATION_CONTEXT(2) 
PARAMETRIC_REPRESENTATION_CONTEXT() REPRESENTATION_CONTEXT('2D SPACE',''
  ) );
#9767 = ORIENTED_EDGE('',*,*,#9768,.F.);
#9768 = EDGE_CURVE('',#9769,#9746,#9771,.T.);
#9769 = VERTEX_POINT('',#9770);
#9770 = CARTESIAN_POINT('',(10.5,-2.2,51.5));
#9771 = SURFACE_CURVE('',#9772,(#9776,#9782),.PCURVE_S1.);
#9772 = LINE('',#9773,#9774);
#9773 = CARTESIAN_POINT('',(10.5,-2.7,51.5));
#9774 = VECTOR('',#9775,1.);
#9775 = DIRECTION('',(1.110223024625E-16,1.,-0.));
#9776 = PCURVE('',#8526,#9777);
#9777 = DEFINITIONAL_REPRESENTATION('',(#9778),#9781);
#9778 = B_SPLINE_CURVE_WITH_KNOTS('',1,(#9779,#9780),.UNSPECIFIED.,.F.,
  .F.,(2,2),(0.5,2.5),.PIECEWISE_BEZIER_KNOTS.);
#9779 = CARTESIAN_POINT('',(11.,1.));
#9780 = CARTESIAN_POINT('',(11.,3.));
#9781 = ( GEOMETRIC_REPRESENTATION_CONTEXT(2) 
PARAMETRIC_REPRESENTATION_CONTEXT() REPRESENTATION_CONTEXT('2D SPACE',''
  ) );
#9782 = PCURVE('',#9783,#9788);
#9783 = PLANE('',#9784);
#9784 = AXIS2_PLACEMENT_3D('',#9785,#9786,#9787);
#9785 = CARTESIAN_POINT('',(10.5,-2.2,47.35));
#9786 = DIRECTION('',(-1.,1.110223024625E-16,0.));
#9787 = DIRECTION('',(0.,0.,1.));
#9788 = DEFINITIONAL_REPRESENTATION('',(#9789),#9792);
#9789 = B_SPLINE_CURVE_WITH_KNOTS('',1,(#9790,#9791),.UNSPECIFIED.,.F.,
  .F.,(2,2),(0.5,2.5),.PIECEWISE_BEZIER_KNOTS.);
#9790 = CARTESIAN_POINT('',(4.15,0.));
#9791 = CARTESIAN_POINT('',(4.15,2.));
#9792 = ( GEOMETRIC_REPRESENTATION_CONTEXT(2) 
PARAMETRIC_REPRESENTATION_CONTEXT() REPRESENTATION_CONTEXT('2D SPACE',''
  ) );
#9793 = ORIENTED_EDGE('',*,*,#9794,.F.);
#9794 = EDGE_CURVE('',#9795,#9769,#9797,.T.);
#9795 = VERTEX_POINT('',#9796);
#9796 = CARTESIAN_POINT('',(0.921954445729,-2.2,51.5));
#9797 = SURFACE_CURVE('',#9798,(#9802,#9808),.PCURVE_S1.);
#9798 = LINE('',#9799,#9800);
#9799 = CARTESIAN_POINT('',(5.,-2.2,51.5));
#9800 = VECTOR('',#9801,1.);
#9801 = DIRECTION('',(1.,-1.110223024625E-16,0.));
#9802 = PCURVE('',#8526,#9803);
#9803 = DEFINITIONAL_REPRESENTATION('',(#9804),#9807);
#9804 = B_SPLINE_CURVE_WITH_KNOTS('',1,(#9805,#9806),.UNSPECIFIED.,.F.,
  .F.,(2,2),(-5.5,5.5),.PIECEWISE_BEZIER_KNOTS.);
#9805 = CARTESIAN_POINT('',(0.,1.));
#9806 = CARTESIAN_POINT('',(11.,1.));
#9807 = ( GEOMETRIC_REPRESENTATION_CONTEXT(2) 
PARAMETRIC_REPRESENTATION_CONTEXT() REPRESENTATION_CONTEXT('2D SPACE',''
  ) );
#9808 = PCURVE('',#9809,#9814);
#9809 = PLANE('',#9810);
#9810 = AXIS2_PLACEMENT_3D('',#9811,#9812,#9813);
#9811 = CARTESIAN_POINT('',(10.5,-2.2,47.35));
#9812 = DIRECTION('',(1.110223024625E-16,1.,0.));
#9813 = DIRECTION('',(0.,0.,1.));
#9814 = DEFINITIONAL_REPRESENTATION('',(#9815),#9818);
#9815 = B_SPLINE_CURVE_WITH_KNOTS('',1,(#9816,#9817),.UNSPECIFIED.,.F.,
  .F.,(2,2),(-5.5,5.5),.PIECEWISE_BEZIER_KNOTS.);
#9816 = CARTESIAN_POINT('',(4.15,-11.));
#9817 = CARTESIAN_POINT('',(4.15,0.));
#9818 = ( GEOMETRIC_REPRESENTATION_CONTEXT(2) 
PARAMETRIC_REPRESENTATION_CONTEXT() REPRESENTATION_CONTEXT('2D SPACE',''
  ) );
#9819 = ORIENTED_EDGE('',*,*,#9820,.F.);
#9820 = EDGE_CURVE('',#9695,#9795,#9821,.T.);
#9821 = SURFACE_CURVE('',#9822,(#9826,#9832),.PCURVE_S1.);
#9822 = LINE('',#9823,#9824);
#9823 = CARTESIAN_POINT('',(0.921954445729,-3.,51.5));
#9824 = VECTOR('',#9825,1.);
#9825 = DIRECTION('',(-1.110223024625E-16,-1.,-0.));
#9826 = PCURVE('',#8526,#9827);
#9827 = DEFINITIONAL_REPRESENTATION('',(#9828),#9831);
#9828 = B_SPLINE_CURVE_WITH_KNOTS('',1,(#9829,#9830),.UNSPECIFIED.,.F.,
  .F.,(2,2),(-3.1,-0.7999994),.PIECEWISE_BEZIER_KNOTS.);
#9829 = CARTESIAN_POINT('',(1.421954445729,3.3));
#9830 = CARTESIAN_POINT('',(1.421954445729,0.9999994));
#9831 = ( GEOMETRIC_REPRESENTATION_CONTEXT(2) 
PARAMETRIC_REPRESENTATION_CONTEXT() REPRESENTATION_CONTEXT('2D SPACE',''
  ) );
#9832 = PCURVE('',#9833,#9838);
#9833 = CYLINDRICAL_SURFACE('',#9834,1.1);
#9834 = AXIS2_PLACEMENT_3D('',#9835,#9836,#9837);
#9835 = CARTESIAN_POINT('',(-3.330669073875E-16,-3.,52.1));
#9836 = DIRECTION('',(-1.110223024625E-16,-1.,-0.));
#9837 = DIRECTION('',(-1.,1.110223024625E-16,0.));
#9838 = DEFINITIONAL_REPRESENTATION('',(#9839),#9842);
#9839 = B_SPLINE_CURVE_WITH_KNOTS('',1,(#9840,#9841),.UNSPECIFIED.,.F.,
  .F.,(2,2),(-3.1,-0.7999994),.PIECEWISE_BEZIER_KNOTS.);
#9840 = CARTESIAN_POINT('',(-3.718523998826,-3.1));
#9841 = CARTESIAN_POINT('',(-3.718523998826,-0.7999994));
#9842 = ( GEOMETRIC_REPRESENTATION_CONTEXT(2) 
PARAMETRIC_REPRESENTATION_CONTEXT() REPRESENTATION_CONTEXT('2D SPACE',''
  ) );
#9843 = ADVANCED_FACE('',(#9844),#8580,.F.);
#9844 = FACE_BOUND('',#9845,.F.);
#9845 = EDGE_LOOP('',(#9846,#9869,#9870,#9871));
#9846 = ORIENTED_EDGE('',*,*,#9847,.F.);
#9847 = EDGE_CURVE('',#9617,#9848,#9850,.T.);
#9848 = VERTEX_POINT('',#9849);
#9849 = CARTESIAN_POINT('',(-0.5,-0.2,46.5));
#9850 = SURFACE_CURVE('',#9851,(#9855,#9862),.PCURVE_S1.);
#9851 = LINE('',#9852,#9853);
#9852 = CARTESIAN_POINT('',(-0.5,-3.2,46.5));
#9853 = VECTOR('',#9854,1.);
#9854 = DIRECTION('',(0.,1.,0.));
#9855 = PCURVE('',#8580,#9856);
#9856 = DEFINITIONAL_REPRESENTATION('',(#9857),#9861);
#9857 = LINE('',#9858,#9859);
#9858 = CARTESIAN_POINT('',(0.,0.));
#9859 = VECTOR('',#9860,1.);
#9860 = DIRECTION('',(0.,1.));
#9861 = ( GEOMETRIC_REPRESENTATION_CONTEXT(2) 
PARAMETRIC_REPRESENTATION_CONTEXT() REPRESENTATION_CONTEXT('2D SPACE',''
  ) );
#9862 = PCURVE('',#9655,#9863);
#9863 = DEFINITIONAL_REPRESENTATION('',(#9864),#9868);
#9864 = LINE('',#9865,#9866);
#9865 = CARTESIAN_POINT('',(0.,0.));
#9866 = VECTOR('',#9867,1.);
#9867 = DIRECTION('',(0.,-1.));
#9868 = ( GEOMETRIC_REPRESENTATION_CONTEXT(2) 
PARAMETRIC_REPRESENTATION_CONTEXT() REPRESENTATION_CONTEXT('2D SPACE',''
  ) );
#9869 = ORIENTED_EDGE('',*,*,#9616,.T.);
#9870 = ORIENTED_EDGE('',*,*,#8566,.T.);
#9871 = ORIENTED_EDGE('',*,*,#9872,.F.);
#9872 = EDGE_CURVE('',#9848,#8539,#9873,.T.);
#9873 = SURFACE_CURVE('',#9874,(#9878,#9885),.PCURVE_S1.);
#9874 = LINE('',#9875,#9876);
#9875 = CARTESIAN_POINT('',(-0.5,-0.2,46.5));
#9876 = VECTOR('',#9877,1.);
#9877 = DIRECTION('',(1.,0.,0.));
#9878 = PCURVE('',#8580,#9879);
#9879 = DEFINITIONAL_REPRESENTATION('',(#9880),#9884);
#9880 = LINE('',#9881,#9882);
#9881 = CARTESIAN_POINT('',(0.,3.));
#9882 = VECTOR('',#9883,1.);
#9883 = DIRECTION('',(1.,0.));
#9884 = ( GEOMETRIC_REPRESENTATION_CONTEXT(2) 
PARAMETRIC_REPRESENTATION_CONTEXT() REPRESENTATION_CONTEXT('2D SPACE',''
  ) );
#9885 = PCURVE('',#8554,#9886);
#9886 = DEFINITIONAL_REPRESENTATION('',(#9887),#9891);
#9887 = LINE('',#9888,#9889);
#9888 = CARTESIAN_POINT('',(0.,0.));
#9889 = VECTOR('',#9890,1.);
#9890 = DIRECTION('',(0.,1.));
#9891 = ( GEOMETRIC_REPRESENTATION_CONTEXT(2) 
PARAMETRIC_REPRESENTATION_CONTEXT() REPRESENTATION_CONTEXT('2D SPACE',''
  ) );
#9892 = ADVANCED_FACE('',(#9893),#8554,.T.);
#9893 = FACE_BOUND('',#9894,.T.);
#9894 = EDGE_LOOP('',(#9895,#9896,#9897,#9920,#9946,#9965));
#9895 = ORIENTED_EDGE('',*,*,#8538,.F.);
#9896 = ORIENTED_EDGE('',*,*,#9872,.F.);
#9897 = ORIENTED_EDGE('',*,*,#9898,.T.);
#9898 = EDGE_CURVE('',#9848,#9899,#9901,.T.);
#9899 = VERTEX_POINT('',#9900);
#9900 = CARTESIAN_POINT('',(-0.5,-0.2,47.35));
#9901 = SURFACE_CURVE('',#9902,(#9906,#9913),.PCURVE_S1.);
#9902 = LINE('',#9903,#9904);
#9903 = CARTESIAN_POINT('',(-0.5,-0.2,46.5));
#9904 = VECTOR('',#9905,1.);
#9905 = DIRECTION('',(0.,0.,1.));
#9906 = PCURVE('',#8554,#9907);
#9907 = DEFINITIONAL_REPRESENTATION('',(#9908),#9912);
#9908 = LINE('',#9909,#9910);
#9909 = CARTESIAN_POINT('',(0.,0.));
#9910 = VECTOR('',#9911,1.);
#9911 = DIRECTION('',(1.,0.));
#9912 = ( GEOMETRIC_REPRESENTATION_CONTEXT(2) 
PARAMETRIC_REPRESENTATION_CONTEXT() REPRESENTATION_CONTEXT('2D SPACE',''
  ) );
#9913 = PCURVE('',#9655,#9914);
#9914 = DEFINITIONAL_REPRESENTATION('',(#9915),#9919);
#9915 = LINE('',#9916,#9917);
#9916 = CARTESIAN_POINT('',(0.,-3.));
#9917 = VECTOR('',#9918,1.);
#9918 = DIRECTION('',(1.,0.));
#9919 = ( GEOMETRIC_REPRESENTATION_CONTEXT(2) 
PARAMETRIC_REPRESENTATION_CONTEXT() REPRESENTATION_CONTEXT('2D SPACE',''
  ) );
#9920 = ORIENTED_EDGE('',*,*,#9921,.F.);
#9921 = EDGE_CURVE('',#9922,#9899,#9924,.T.);
#9922 = VERTEX_POINT('',#9923);
#9923 = CARTESIAN_POINT('',(10.5,-0.2,47.35));
#9924 = SURFACE_CURVE('',#9925,(#9929,#9935),.PCURVE_S1.);
#9925 = LINE('',#9926,#9927);
#9926 = CARTESIAN_POINT('',(5.,-0.2,47.35));
#9927 = VECTOR('',#9928,1.);
#9928 = DIRECTION('',(-1.,0.,0.));
#9929 = PCURVE('',#8554,#9930);
#9930 = DEFINITIONAL_REPRESENTATION('',(#9931),#9934);
#9931 = B_SPLINE_CURVE_WITH_KNOTS('',1,(#9932,#9933),.UNSPECIFIED.,.F.,
  .F.,(2,2),(-5.5,5.5),.PIECEWISE_BEZIER_KNOTS.);
#9932 = CARTESIAN_POINT('',(0.85,11.));
#9933 = CARTESIAN_POINT('',(0.85,0.));
#9934 = ( GEOMETRIC_REPRESENTATION_CONTEXT(2) 
PARAMETRIC_REPRESENTATION_CONTEXT() REPRESENTATION_CONTEXT('2D SPACE',''
  ) );
#9935 = PCURVE('',#9936,#9941);
#9936 = PLANE('',#9937);
#9937 = AXIS2_PLACEMENT_3D('',#9938,#9939,#9940);
#9938 = CARTESIAN_POINT('',(10.5,-2.2,47.35));
#9939 = DIRECTION('',(0.,0.,1.));
#9940 = DIRECTION('',(1.110223024625E-16,1.,0.));
#9941 = DEFINITIONAL_REPRESENTATION('',(#9942),#9945);
#9942 = B_SPLINE_CURVE_WITH_KNOTS('',1,(#9943,#9944),.UNSPECIFIED.,.F.,
  .F.,(2,2),(-5.5,5.5),.PIECEWISE_BEZIER_KNOTS.);
#9943 = CARTESIAN_POINT('',(2.,0.));
#9944 = CARTESIAN_POINT('',(2.,11.));
#9945 = ( GEOMETRIC_REPRESENTATION_CONTEXT(2) 
PARAMETRIC_REPRESENTATION_CONTEXT() REPRESENTATION_CONTEXT('2D SPACE',''
  ) );
#9946 = ORIENTED_EDGE('',*,*,#9947,.F.);
#9947 = EDGE_CURVE('',#9746,#9922,#9948,.T.);
#9948 = SURFACE_CURVE('',#9949,(#9953,#9959),.PCURVE_S1.);
#9949 = LINE('',#9950,#9951);
#9950 = CARTESIAN_POINT('',(10.5,-0.2,46.925));
#9951 = VECTOR('',#9952,1.);
#9952 = DIRECTION('',(0.,0.,-1.));
#9953 = PCURVE('',#8554,#9954);
#9954 = DEFINITIONAL_REPRESENTATION('',(#9955),#9958);
#9955 = B_SPLINE_CURVE_WITH_KNOTS('',1,(#9956,#9957),.UNSPECIFIED.,.F.,
  .F.,(2,2),(-4.575,-0.425),.PIECEWISE_BEZIER_KNOTS.);
#9956 = CARTESIAN_POINT('',(5.,11.));
#9957 = CARTESIAN_POINT('',(0.85,11.));
#9958 = ( GEOMETRIC_REPRESENTATION_CONTEXT(2) 
PARAMETRIC_REPRESENTATION_CONTEXT() REPRESENTATION_CONTEXT('2D SPACE',''
  ) );
#9959 = PCURVE('',#9783,#9960);
#9960 = DEFINITIONAL_REPRESENTATION('',(#9961),#9964);
#9961 = B_SPLINE_CURVE_WITH_KNOTS('',1,(#9962,#9963),.UNSPECIFIED.,.F.,
  .F.,(2,2),(-4.575,-0.425),.PIECEWISE_BEZIER_KNOTS.);
#9962 = CARTESIAN_POINT('',(4.15,2.));
#9963 = CARTESIAN_POINT('',(0.,2.));
#9964 = ( GEOMETRIC_REPRESENTATION_CONTEXT(2) 
PARAMETRIC_REPRESENTATION_CONTEXT() REPRESENTATION_CONTEXT('2D SPACE',''
  ) );
#9965 = ORIENTED_EDGE('',*,*,#9745,.T.);
#9966 = ADVANCED_FACE('',(#9967),#9655,.F.);
#9967 = FACE_BOUND('',#9968,.F.);
#9968 = EDGE_LOOP('',(#9969,#9970,#9971,#9972,#9973,#9994,#10015,#10036)
  );
#9969 = ORIENTED_EDGE('',*,*,#9722,.F.);
#9970 = ORIENTED_EDGE('',*,*,#9639,.F.);
#9971 = ORIENTED_EDGE('',*,*,#9847,.T.);
#9972 = ORIENTED_EDGE('',*,*,#9898,.T.);
#9973 = ORIENTED_EDGE('',*,*,#9974,.F.);
#9974 = EDGE_CURVE('',#9975,#9899,#9977,.T.);
#9975 = VERTEX_POINT('',#9976);
#9976 = CARTESIAN_POINT('',(-0.5,-2.2,47.35));
#9977 = SURFACE_CURVE('',#9978,(#9982,#9988),.PCURVE_S1.);
#9978 = LINE('',#9979,#9980);
#9979 = CARTESIAN_POINT('',(-0.5,-2.7,47.35));
#9980 = VECTOR('',#9981,1.);
#9981 = DIRECTION('',(0.,1.,0.));
#9982 = PCURVE('',#9655,#9983);
#9983 = DEFINITIONAL_REPRESENTATION('',(#9984),#9987);
#9984 = B_SPLINE_CURVE_WITH_KNOTS('',1,(#9985,#9986),.UNSPECIFIED.,.F.,
  .F.,(2,2),(0.5,2.5),.PIECEWISE_BEZIER_KNOTS.);
#9985 = CARTESIAN_POINT('',(0.85,-1.));
#9986 = CARTESIAN_POINT('',(0.85,-3.));
#9987 = ( GEOMETRIC_REPRESENTATION_CONTEXT(2) 
PARAMETRIC_REPRESENTATION_CONTEXT() REPRESENTATION_CONTEXT('2D SPACE',''
  ) );
#9988 = PCURVE('',#9936,#9989);
#9989 = DEFINITIONAL_REPRESENTATION('',(#9990),#9993);
#9990 = B_SPLINE_CURVE_WITH_KNOTS('',1,(#9991,#9992),.UNSPECIFIED.,.F.,
  .F.,(2,2),(0.5,2.5),.PIECEWISE_BEZIER_KNOTS.);
#9991 = CARTESIAN_POINT('',(0.,11.));
#9992 = CARTESIAN_POINT('',(2.,11.));
#9993 = ( GEOMETRIC_REPRESENTATION_CONTEXT(2) 
PARAMETRIC_REPRESENTATION_CONTEXT() REPRESENTATION_CONTEXT('2D SPACE',''
  ) );
#9994 = ORIENTED_EDGE('',*,*,#9995,.F.);
#9995 = EDGE_CURVE('',#9996,#9975,#9998,.T.);
#9996 = VERTEX_POINT('',#9997);
#9997 = CARTESIAN_POINT('',(-0.5,-2.2,51.120204102887));
#9998 = SURFACE_CURVE('',#9999,(#10003,#10009),.PCURVE_S1.);
#9999 = LINE('',#10000,#10001);
#10000 = CARTESIAN_POINT('',(-0.5,-2.2,46.925));
#10001 = VECTOR('',#10002,1.);
#10002 = DIRECTION('',(0.,0.,-1.));
#10003 = PCURVE('',#9655,#10004);
#10004 = DEFINITIONAL_REPRESENTATION('',(#10005),#10008);
#10005 = B_SPLINE_CURVE_WITH_KNOTS('',1,(#10006,#10007),.UNSPECIFIED.,
  .F.,.F.,(2,2),(-4.575,-0.425),.PIECEWISE_BEZIER_KNOTS.);
#10006 = CARTESIAN_POINT('',(5.,-1.));
#10007 = CARTESIAN_POINT('',(0.85,-1.));
#10008 = ( GEOMETRIC_REPRESENTATION_CONTEXT(2) 
PARAMETRIC_REPRESENTATION_CONTEXT() REPRESENTATION_CONTEXT('2D SPACE',''
  ) );
#10009 = PCURVE('',#9809,#10010);
#10010 = DEFINITIONAL_REPRESENTATION('',(#10011),#10014);
#10011 = B_SPLINE_CURVE_WITH_KNOTS('',1,(#10012,#10013),.UNSPECIFIED.,
  .F.,.F.,(2,2),(-4.575,-0.425),.PIECEWISE_BEZIER_KNOTS.);
#10012 = CARTESIAN_POINT('',(4.15,-11.));
#10013 = CARTESIAN_POINT('',(0.,-11.));
#10014 = ( GEOMETRIC_REPRESENTATION_CONTEXT(2) 
PARAMETRIC_REPRESENTATION_CONTEXT() REPRESENTATION_CONTEXT('2D SPACE',''
  ) );
#10015 = ORIENTED_EDGE('',*,*,#10016,.F.);
#10016 = EDGE_CURVE('',#10017,#9996,#10019,.T.);
#10017 = VERTEX_POINT('',#10018);
#10018 = CARTESIAN_POINT('',(-0.5,-0.2,51.120204102887));
#10019 = SURFACE_CURVE('',#10020,(#10024,#10030),.PCURVE_S1.);
#10020 = LINE('',#10021,#10022);
#10021 = CARTESIAN_POINT('',(-0.5,-3.,51.120204102887));
#10022 = VECTOR('',#10023,1.);
#10023 = DIRECTION('',(-1.110223024625E-16,-1.,-0.));
#10024 = PCURVE('',#9655,#10025);
#10025 = DEFINITIONAL_REPRESENTATION('',(#10026),#10029);
#10026 = B_SPLINE_CURVE_WITH_KNOTS('',1,(#10027,#10028),.UNSPECIFIED.,
  .F.,.F.,(2,2),(-3.1,-0.7999994),.PIECEWISE_BEZIER_KNOTS.);
#10027 = CARTESIAN_POINT('',(4.620204102887,-3.3));
#10028 = CARTESIAN_POINT('',(4.620204102887,-0.9999994));
#10029 = ( GEOMETRIC_REPRESENTATION_CONTEXT(2) 
PARAMETRIC_REPRESENTATION_CONTEXT() REPRESENTATION_CONTEXT('2D SPACE',''
  ) );
#10030 = PCURVE('',#9833,#10031);
#10031 = DEFINITIONAL_REPRESENTATION('',(#10032),#10035);
#10032 = B_SPLINE_CURVE_WITH_KNOTS('',1,(#10033,#10034),.UNSPECIFIED.,
  .F.,.F.,(2,2),(-3.1,-0.7999994),.PIECEWISE_BEZIER_KNOTS.);
#10033 = CARTESIAN_POINT('',(-5.184250817664,-3.1));
#10034 = CARTESIAN_POINT('',(-5.184250817664,-0.7999994));
#10035 = ( GEOMETRIC_REPRESENTATION_CONTEXT(2) 
PARAMETRIC_REPRESENTATION_CONTEXT() REPRESENTATION_CONTEXT('2D SPACE',''
  ) );
#10036 = ORIENTED_EDGE('',*,*,#10037,.T.);
#10037 = EDGE_CURVE('',#10017,#9693,#10038,.T.);
#10038 = SURFACE_CURVE('',#10039,(#10043,#10050),.PCURVE_S1.);
#10039 = LINE('',#10040,#10041);
#10040 = CARTESIAN_POINT('',(-0.5,-0.2,46.5));
#10041 = VECTOR('',#10042,1.);
#10042 = DIRECTION('',(0.,0.,1.));
#10043 = PCURVE('',#9655,#10044);
#10044 = DEFINITIONAL_REPRESENTATION('',(#10045),#10049);
#10045 = LINE('',#10046,#10047);
#10046 = CARTESIAN_POINT('',(0.,-3.));
#10047 = VECTOR('',#10048,1.);
#10048 = DIRECTION('',(1.,0.));
#10049 = ( GEOMETRIC_REPRESENTATION_CONTEXT(2) 
PARAMETRIC_REPRESENTATION_CONTEXT() REPRESENTATION_CONTEXT('2D SPACE',''
  ) );
#10050 = PCURVE('',#9710,#10051);
#10051 = DEFINITIONAL_REPRESENTATION('',(#10052),#10056);
#10052 = LINE('',#10053,#10054);
#10053 = CARTESIAN_POINT('',(0.,0.));
#10054 = VECTOR('',#10055,1.);
#10055 = DIRECTION('',(1.,0.));
#10056 = ( GEOMETRIC_REPRESENTATION_CONTEXT(2) 
PARAMETRIC_REPRESENTATION_CONTEXT() REPRESENTATION_CONTEXT('2D SPACE',''
  ) );
#10057 = ADVANCED_FACE('',(#10058),#9710,.T.);
#10058 = FACE_BOUND('',#10059,.T.);
#10059 = EDGE_LOOP('',(#10060,#10086,#10087));
#10060 = ORIENTED_EDGE('',*,*,#10061,.F.);
#10061 = EDGE_CURVE('',#10017,#9695,#10062,.T.);
#10062 = SURFACE_CURVE('',#10063,(#10068,#10079),.PCURVE_S1.);
#10063 = CIRCLE('',#10064,1.1);
#10064 = AXIS2_PLACEMENT_3D('',#10065,#10066,#10067);
#10065 = CARTESIAN_POINT('',(-2.22044604925E-17,-0.2,52.1));
#10066 = DIRECTION('',(-1.110223024625E-16,-1.,-0.));
#10067 = DIRECTION('',(-1.,1.110223024625E-16,0.));
#10068 = PCURVE('',#9710,#10069);
#10069 = DEFINITIONAL_REPRESENTATION('',(#10070),#10078);
#10070 = ( BOUNDED_CURVE() B_SPLINE_CURVE(2,(#10071,#10072,#10073,#10074
    ,#10075,#10076,#10077),.UNSPECIFIED.,.T.,.F.) 
B_SPLINE_CURVE_WITH_KNOTS((1,2,2,2,2,1),(-2.094395102393,0.,
    2.094395102393,4.188790204786,6.28318530718,8.377580409573),
.UNSPECIFIED.) CURVE() GEOMETRIC_REPRESENTATION_ITEM() 
RATIONAL_B_SPLINE_CURVE((1.,0.5,1.,0.5,1.,0.5,1.)) REPRESENTATION_ITEM(
  '') );
#10071 = CARTESIAN_POINT('',(5.6,-0.6));
#10072 = CARTESIAN_POINT('',(3.694744111674,-0.6));
#10073 = CARTESIAN_POINT('',(4.647372055837,1.05));
#10074 = CARTESIAN_POINT('',(5.6,2.7));
#10075 = CARTESIAN_POINT('',(6.552627944163,1.05));
#10076 = CARTESIAN_POINT('',(7.505255888326,-0.6));
#10077 = CARTESIAN_POINT('',(5.6,-0.6));
#10078 = ( GEOMETRIC_REPRESENTATION_CONTEXT(2) 
PARAMETRIC_REPRESENTATION_CONTEXT() REPRESENTATION_CONTEXT('2D SPACE',''
  ) );
#10079 = PCURVE('',#9833,#10080);
#10080 = DEFINITIONAL_REPRESENTATION('',(#10081),#10085);
#10081 = LINE('',#10082,#10083);
#10082 = CARTESIAN_POINT('',(-6.28318530718,-2.8));
#10083 = VECTOR('',#10084,1.);
#10084 = DIRECTION('',(1.,-0.));
#10085 = ( GEOMETRIC_REPRESENTATION_CONTEXT(2) 
PARAMETRIC_REPRESENTATION_CONTEXT() REPRESENTATION_CONTEXT('2D SPACE',''
  ) );
#10086 = ORIENTED_EDGE('',*,*,#10037,.T.);
#10087 = ORIENTED_EDGE('',*,*,#9692,.T.);
#10088 = ADVANCED_FACE('',(#10089),#9833,.F.);
#10089 = FACE_BOUND('',#10090,.T.);
#10090 = EDGE_LOOP('',(#10091,#10116,#10142,#10143,#10144,#10145,#10171,
    #10172));
#10091 = ORIENTED_EDGE('',*,*,#10092,.F.);
#10092 = EDGE_CURVE('',#10093,#10095,#10097,.T.);
#10093 = VERTEX_POINT('',#10094);
#10094 = CARTESIAN_POINT('',(-1.1,-2.2,52.1));
#10095 = VERTEX_POINT('',#10096);
#10096 = CARTESIAN_POINT('',(-1.1,0.8,52.1));
#10097 = SEAM_CURVE('',#10098,(#10102,#10109),.PCURVE_S1.);
#10098 = LINE('',#10099,#10100);
#10099 = CARTESIAN_POINT('',(-1.1,-3.,52.1));
#10100 = VECTOR('',#10101,1.);
#10101 = DIRECTION('',(1.110223024625E-16,1.,0.));
#10102 = PCURVE('',#9833,#10103);
#10103 = DEFINITIONAL_REPRESENTATION('',(#10104),#10108);
#10104 = LINE('',#10105,#10106);
#10105 = CARTESIAN_POINT('',(-6.28318530718,0.));
#10106 = VECTOR('',#10107,1.);
#10107 = DIRECTION('',(-0.,-1.));
#10108 = ( GEOMETRIC_REPRESENTATION_CONTEXT(2) 
PARAMETRIC_REPRESENTATION_CONTEXT() REPRESENTATION_CONTEXT('2D SPACE',''
  ) );
#10109 = PCURVE('',#9833,#10110);
#10110 = DEFINITIONAL_REPRESENTATION('',(#10111),#10115);
#10111 = LINE('',#10112,#10113);
#10112 = CARTESIAN_POINT('',(-0.,0.));
#10113 = VECTOR('',#10114,1.);
#10114 = DIRECTION('',(-0.,-1.));
#10115 = ( GEOMETRIC_REPRESENTATION_CONTEXT(2) 
PARAMETRIC_REPRESENTATION_CONTEXT() REPRESENTATION_CONTEXT('2D SPACE',''
  ) );
#10116 = ORIENTED_EDGE('',*,*,#10117,.T.);
#10117 = EDGE_CURVE('',#10093,#9996,#10118,.T.);
#10118 = SURFACE_CURVE('',#10119,(#10124,#10131),.PCURVE_S1.);
#10119 = CIRCLE('',#10120,1.1);
#10120 = AXIS2_PLACEMENT_3D('',#10121,#10122,#10123);
#10121 = CARTESIAN_POINT('',(-2.442490654175E-16,-2.2,52.1));
#10122 = DIRECTION('',(-1.110223024625E-16,-1.,-0.));
#10123 = DIRECTION('',(-1.,1.110223024625E-16,0.));
#10124 = PCURVE('',#9833,#10125);
#10125 = DEFINITIONAL_REPRESENTATION('',(#10126),#10130);
#10126 = LINE('',#10127,#10128);
#10127 = CARTESIAN_POINT('',(-6.28318530718,-0.8));
#10128 = VECTOR('',#10129,1.);
#10129 = DIRECTION('',(1.,-0.));
#10130 = ( GEOMETRIC_REPRESENTATION_CONTEXT(2) 
PARAMETRIC_REPRESENTATION_CONTEXT() REPRESENTATION_CONTEXT('2D SPACE',''
  ) );
#10131 = PCURVE('',#9809,#10132);
#10132 = DEFINITIONAL_REPRESENTATION('',(#10133),#10141);
#10133 = ( BOUNDED_CURVE() B_SPLINE_CURVE(2,(#10134,#10135,#10136,#10137
    ,#10138,#10139,#10140),.UNSPECIFIED.,.T.,.F.) 
B_SPLINE_CURVE_WITH_KNOTS((1,2,2,2,2,1),(-2.094395102393,0.,
    2.094395102393,4.188790204786,6.28318530718,8.377580409573),
.UNSPECIFIED.) CURVE() GEOMETRIC_REPRESENTATION_ITEM() 
RATIONAL_B_SPLINE_CURVE((1.,0.5,1.,0.5,1.,0.5,1.)) REPRESENTATION_ITEM(
  '') );
#10134 = CARTESIAN_POINT('',(4.75,-11.6));
#10135 = CARTESIAN_POINT('',(2.844744111674,-11.6));
#10136 = CARTESIAN_POINT('',(3.797372055837,-9.95));
#10137 = CARTESIAN_POINT('',(4.75,-8.3));
#10138 = CARTESIAN_POINT('',(5.702627944163,-9.95));
#10139 = CARTESIAN_POINT('',(6.655255888326,-11.6));
#10140 = CARTESIAN_POINT('',(4.75,-11.6));
#10141 = ( GEOMETRIC_REPRESENTATION_CONTEXT(2) 
PARAMETRIC_REPRESENTATION_CONTEXT() REPRESENTATION_CONTEXT('2D SPACE',''
  ) );
#10142 = ORIENTED_EDGE('',*,*,#10016,.F.);
#10143 = ORIENTED_EDGE('',*,*,#10061,.T.);
#10144 = ORIENTED_EDGE('',*,*,#9820,.T.);
#10145 = ORIENTED_EDGE('',*,*,#10146,.T.);
#10146 = EDGE_CURVE('',#9795,#10093,#10147,.T.);
#10147 = SURFACE_CURVE('',#10148,(#10153,#10160),.PCURVE_S1.);
#10148 = CIRCLE('',#10149,1.1);
#10149 = AXIS2_PLACEMENT_3D('',#10150,#10151,#10152);
#10150 = CARTESIAN_POINT('',(-2.442490654175E-16,-2.2,52.1));
#10151 = DIRECTION('',(-1.110223024625E-16,-1.,-0.));
#10152 = DIRECTION('',(-1.,1.110223024625E-16,0.));
#10153 = PCURVE('',#9833,#10154);
#10154 = DEFINITIONAL_REPRESENTATION('',(#10155),#10159);
#10155 = LINE('',#10156,#10157);
#10156 = CARTESIAN_POINT('',(-6.28318530718,-0.8));
#10157 = VECTOR('',#10158,1.);
#10158 = DIRECTION('',(1.,-0.));
#10159 = ( GEOMETRIC_REPRESENTATION_CONTEXT(2) 
PARAMETRIC_REPRESENTATION_CONTEXT() REPRESENTATION_CONTEXT('2D SPACE',''
  ) );
#10160 = PCURVE('',#9809,#10161);
#10161 = DEFINITIONAL_REPRESENTATION('',(#10162),#10170);
#10162 = ( BOUNDED_CURVE() B_SPLINE_CURVE(2,(#10163,#10164,#10165,#10166
    ,#10167,#10168,#10169),.UNSPECIFIED.,.T.,.F.) 
B_SPLINE_CURVE_WITH_KNOTS((1,2,2,2,2,1),(-2.094395102393,0.,
    2.094395102393,4.188790204786,6.28318530718,8.377580409573),
.UNSPECIFIED.) CURVE() GEOMETRIC_REPRESENTATION_ITEM() 
RATIONAL_B_SPLINE_CURVE((1.,0.5,1.,0.5,1.,0.5,1.)) REPRESENTATION_ITEM(
  '') );
#10163 = CARTESIAN_POINT('',(4.75,-11.6));
#10164 = CARTESIAN_POINT('',(2.844744111674,-11.6));
#10165 = CARTESIAN_POINT('',(3.797372055837,-9.95));
#10166 = CARTESIAN_POINT('',(4.75,-8.3));
#10167 = CARTESIAN_POINT('',(5.702627944163,-9.95));
#10168 = CARTESIAN_POINT('',(6.655255888326,-11.6));
#10169 = CARTESIAN_POINT('',(4.75,-11.6));
#10170 = ( GEOMETRIC_REPRESENTATION_CONTEXT(2) 
PARAMETRIC_REPRESENTATION_CONTEXT() REPRESENTATION_CONTEXT('2D SPACE',''
  ) );
#10171 = ORIENTED_EDGE('',*,*,#10092,.T.);
#10172 = ORIENTED_EDGE('',*,*,#10173,.F.);
#10173 = EDGE_CURVE('',#10095,#10095,#10174,.T.);
#10174 = SURFACE_CURVE('',#10175,(#10180,#10187),.PCURVE_S1.);
#10175 = CIRCLE('',#10176,1.1);
#10176 = AXIS2_PLACEMENT_3D('',#10177,#10178,#10179);
#10177 = CARTESIAN_POINT('',(8.881784197001E-17,0.8,52.1));
#10178 = DIRECTION('',(-1.110223024625E-16,-1.,-0.));
#10179 = DIRECTION('',(-1.,1.110223024625E-16,0.));
#10180 = PCURVE('',#9833,#10181);
#10181 = DEFINITIONAL_REPRESENTATION('',(#10182),#10186);
#10182 = LINE('',#10183,#10184);
#10183 = CARTESIAN_POINT('',(-6.28318530718,-3.8));
#10184 = VECTOR('',#10185,1.);
#10185 = DIRECTION('',(1.,-0.));
#10186 = ( GEOMETRIC_REPRESENTATION_CONTEXT(2) 
PARAMETRIC_REPRESENTATION_CONTEXT() REPRESENTATION_CONTEXT('2D SPACE',''
  ) );
#10187 = PCURVE('',#10188,#10193);
#10188 = PLANE('',#10189);
#10189 = AXIS2_PLACEMENT_3D('',#10190,#10191,#10192);
#10190 = CARTESIAN_POINT('',(10.5,0.8,47.35));
#10191 = DIRECTION('',(1.110223024625E-16,1.,0.));
#10192 = DIRECTION('',(0.,0.,1.));
#10193 = DEFINITIONAL_REPRESENTATION('',(#10194),#10202);
#10194 = ( BOUNDED_CURVE() B_SPLINE_CURVE(2,(#10195,#10196,#10197,#10198
    ,#10199,#10200,#10201),.UNSPECIFIED.,.T.,.F.) 
B_SPLINE_CURVE_WITH_KNOTS((1,2,2,2,2,1),(-2.094395102393,0.,
    2.094395102393,4.188790204786,6.28318530718,8.377580409573),
.UNSPECIFIED.) CURVE() GEOMETRIC_REPRESENTATION_ITEM() 
RATIONAL_B_SPLINE_CURVE((1.,0.5,1.,0.5,1.,0.5,1.)) REPRESENTATION_ITEM(
  '') );
#10195 = CARTESIAN_POINT('',(4.75,-11.6));
#10196 = CARTESIAN_POINT('',(2.844744111674,-11.6));
#10197 = CARTESIAN_POINT('',(3.797372055837,-9.95));
#10198 = CARTESIAN_POINT('',(4.75,-8.3));
#10199 = CARTESIAN_POINT('',(5.702627944163,-9.95));
#10200 = CARTESIAN_POINT('',(6.655255888326,-11.6));
#10201 = CARTESIAN_POINT('',(4.75,-11.6));
#10202 = ( GEOMETRIC_REPRESENTATION_CONTEXT(2) 
PARAMETRIC_REPRESENTATION_CONTEXT() REPRESENTATION_CONTEXT('2D SPACE',''
  ) );
#10203 = ADVANCED_FACE('',(#10204,#10310,#10424),#9809,.F.);
#10204 = FACE_BOUND('',#10205,.F.);
#10205 = EDGE_LOOP('',(#10206,#10229,#10230,#10231,#10232,#10233,#10256,
    #10284));
#10206 = ORIENTED_EDGE('',*,*,#10207,.F.);
#10207 = EDGE_CURVE('',#9769,#10208,#10210,.T.);
#10208 = VERTEX_POINT('',#10209);
#10209 = CARTESIAN_POINT('',(10.5,-2.2,84.65));
#10210 = SURFACE_CURVE('',#10211,(#10215,#10222),.PCURVE_S1.);
#10211 = LINE('',#10212,#10213);
#10212 = CARTESIAN_POINT('',(10.5,-2.2,47.35));
#10213 = VECTOR('',#10214,1.);
#10214 = DIRECTION('',(0.,0.,1.));
#10215 = PCURVE('',#9809,#10216);
#10216 = DEFINITIONAL_REPRESENTATION('',(#10217),#10221);
#10217 = LINE('',#10218,#10219);
#10218 = CARTESIAN_POINT('',(0.,0.));
#10219 = VECTOR('',#10220,1.);
#10220 = DIRECTION('',(1.,0.));
#10221 = ( GEOMETRIC_REPRESENTATION_CONTEXT(2) 
PARAMETRIC_REPRESENTATION_CONTEXT() REPRESENTATION_CONTEXT('2D SPACE',''
  ) );
#10222 = PCURVE('',#9783,#10223);
#10223 = DEFINITIONAL_REPRESENTATION('',(#10224),#10228);
#10224 = LINE('',#10225,#10226);
#10225 = CARTESIAN_POINT('',(0.,0.));
#10226 = VECTOR('',#10227,1.);
#10227 = DIRECTION('',(1.,0.));
#10228 = ( GEOMETRIC_REPRESENTATION_CONTEXT(2) 
PARAMETRIC_REPRESENTATION_CONTEXT() REPRESENTATION_CONTEXT('2D SPACE',''
  ) );
#10229 = ORIENTED_EDGE('',*,*,#9794,.F.);
#10230 = ORIENTED_EDGE('',*,*,#10146,.T.);
#10231 = ORIENTED_EDGE('',*,*,#10117,.T.);
#10232 = ORIENTED_EDGE('',*,*,#9995,.T.);
#10233 = ORIENTED_EDGE('',*,*,#10234,.T.);
#10234 = EDGE_CURVE('',#9975,#10235,#10237,.T.);
#10235 = VERTEX_POINT('',#10236);
#10236 = CARTESIAN_POINT('',(-10.5,-2.2,47.35));
#10237 = SURFACE_CURVE('',#10238,(#10242,#10249),.PCURVE_S1.);
#10238 = LINE('',#10239,#10240);
#10239 = CARTESIAN_POINT('',(10.5,-2.2,47.35));
#10240 = VECTOR('',#10241,1.);
#10241 = DIRECTION('',(-1.,1.110223024625E-16,0.));
#10242 = PCURVE('',#9809,#10243);
#10243 = DEFINITIONAL_REPRESENTATION('',(#10244),#10248);
#10244 = LINE('',#10245,#10246);
#10245 = CARTESIAN_POINT('',(0.,0.));
#10246 = VECTOR('',#10247,1.);
#10247 = DIRECTION('',(0.,-1.));
#10248 = ( GEOMETRIC_REPRESENTATION_CONTEXT(2) 
PARAMETRIC_REPRESENTATION_CONTEXT() REPRESENTATION_CONTEXT('2D SPACE',''
  ) );
#10249 = PCURVE('',#9936,#10250);
#10250 = DEFINITIONAL_REPRESENTATION('',(#10251),#10255);
#10251 = LINE('',#10252,#10253);
#10252 = CARTESIAN_POINT('',(0.,0.));
#10253 = VECTOR('',#10254,1.);
#10254 = DIRECTION('',(0.,1.));
#10255 = ( GEOMETRIC_REPRESENTATION_CONTEXT(2) 
PARAMETRIC_REPRESENTATION_CONTEXT() REPRESENTATION_CONTEXT('2D SPACE',''
  ) );
#10256 = ORIENTED_EDGE('',*,*,#10257,.T.);
#10257 = EDGE_CURVE('',#10235,#10258,#10260,.T.);
#10258 = VERTEX_POINT('',#10259);
#10259 = CARTESIAN_POINT('',(-10.5,-2.2,84.65));
#10260 = SURFACE_CURVE('',#10261,(#10265,#10272),.PCURVE_S1.);
#10261 = LINE('',#10262,#10263);
#10262 = CARTESIAN_POINT('',(-10.5,-2.2,47.35));
#10263 = VECTOR('',#10264,1.);
#10264 = DIRECTION('',(0.,0.,1.));
#10265 = PCURVE('',#9809,#10266);
#10266 = DEFINITIONAL_REPRESENTATION('',(#10267),#10271);
#10267 = LINE('',#10268,#10269);
#10268 = CARTESIAN_POINT('',(0.,-21.));
#10269 = VECTOR('',#10270,1.);
#10270 = DIRECTION('',(1.,0.));
#10271 = ( GEOMETRIC_REPRESENTATION_CONTEXT(2) 
PARAMETRIC_REPRESENTATION_CONTEXT() REPRESENTATION_CONTEXT('2D SPACE',''
  ) );
#10272 = PCURVE('',#10273,#10278);
#10273 = PLANE('',#10274);
#10274 = AXIS2_PLACEMENT_3D('',#10275,#10276,#10277);
#10275 = CARTESIAN_POINT('',(-10.5,-2.2,47.35));
#10276 = DIRECTION('',(-1.,1.110223024625E-16,0.));
#10277 = DIRECTION('',(0.,0.,1.));
#10278 = DEFINITIONAL_REPRESENTATION('',(#10279),#10283);
#10279 = LINE('',#10280,#10281);
#10280 = CARTESIAN_POINT('',(0.,0.));
#10281 = VECTOR('',#10282,1.);
#10282 = DIRECTION('',(1.,0.));
#10283 = ( GEOMETRIC_REPRESENTATION_CONTEXT(2) 
PARAMETRIC_REPRESENTATION_CONTEXT() REPRESENTATION_CONTEXT('2D SPACE',''
  ) );
#10284 = ORIENTED_EDGE('',*,*,#10285,.F.);
#10285 = EDGE_CURVE('',#10208,#10258,#10286,.T.);
#10286 = SURFACE_CURVE('',#10287,(#10291,#10298),.PCURVE_S1.);
#10287 = LINE('',#10288,#10289);
#10288 = CARTESIAN_POINT('',(10.5,-2.2,84.65));
#10289 = VECTOR('',#10290,1.);
#10290 = DIRECTION('',(-1.,1.110223024625E-16,0.));
#10291 = PCURVE('',#9809,#10292);
#10292 = DEFINITIONAL_REPRESENTATION('',(#10293),#10297);
#10293 = LINE('',#10294,#10295);
#10294 = CARTESIAN_POINT('',(37.3,0.));
#10295 = VECTOR('',#10296,1.);
#10296 = DIRECTION('',(0.,-1.));
#10297 = ( GEOMETRIC_REPRESENTATION_CONTEXT(2) 
PARAMETRIC_REPRESENTATION_CONTEXT() REPRESENTATION_CONTEXT('2D SPACE',''
  ) );
#10298 = PCURVE('',#10299,#10304);
#10299 = PLANE('',#10300);
#10300 = AXIS2_PLACEMENT_3D('',#10301,#10302,#10303);
#10301 = CARTESIAN_POINT('',(10.5,-2.2,84.65));
#10302 = DIRECTION('',(0.,0.,1.));
#10303 = DIRECTION('',(1.110223024625E-16,1.,0.));
#10304 = DEFINITIONAL_REPRESENTATION('',(#10305),#10309);
#10305 = LINE('',#10306,#10307);
#10306 = CARTESIAN_POINT('',(0.,0.));
#10307 = VECTOR('',#10308,1.);
#10308 = DIRECTION('',(0.,1.));
#10309 = ( GEOMETRIC_REPRESENTATION_CONTEXT(2) 
PARAMETRIC_REPRESENTATION_CONTEXT() REPRESENTATION_CONTEXT('2D SPACE',''
  ) );
#10310 = FACE_BOUND('',#10311,.F.);
#10311 = EDGE_LOOP('',(#10312,#10342,#10370,#10398));
#10312 = ORIENTED_EDGE('',*,*,#10313,.T.);
#10313 = EDGE_CURVE('',#10314,#10316,#10318,.T.);
#10314 = VERTEX_POINT('',#10315);
#10315 = CARTESIAN_POINT('',(-6.3,-2.2,53.75));
#10316 = VERTEX_POINT('',#10317);
#10317 = CARTESIAN_POINT('',(6.3,-2.2,53.75));
#10318 = SURFACE_CURVE('',#10319,(#10323,#10330),.PCURVE_S1.);
#10319 = LINE('',#10320,#10321);
#10320 = CARTESIAN_POINT('',(8.4,-2.2,53.75));
#10321 = VECTOR('',#10322,1.);
#10322 = DIRECTION('',(1.,-1.110223024625E-16,0.));
#10323 = PCURVE('',#9809,#10324);
#10324 = DEFINITIONAL_REPRESENTATION('',(#10325),#10329);
#10325 = LINE('',#10326,#10327);
#10326 = CARTESIAN_POINT('',(6.4,-2.1));
#10327 = VECTOR('',#10328,1.);
#10328 = DIRECTION('',(0.,1.));
#10329 = ( GEOMETRIC_REPRESENTATION_CONTEXT(2) 
PARAMETRIC_REPRESENTATION_CONTEXT() REPRESENTATION_CONTEXT('2D SPACE',''
  ) );
#10330 = PCURVE('',#10331,#10336);
#10331 = PLANE('',#10332);
#10332 = AXIS2_PLACEMENT_3D('',#10333,#10334,#10335);
#10333 = CARTESIAN_POINT('',(6.3,-4.7,53.75));
#10334 = DIRECTION('',(0.,0.,1.));
#10335 = DIRECTION('',(1.110223024625E-16,1.,0.));
#10336 = DEFINITIONAL_REPRESENTATION('',(#10337),#10341);
#10337 = LINE('',#10338,#10339);
#10338 = CARTESIAN_POINT('',(2.5,-2.1));
#10339 = VECTOR('',#10340,1.);
#10340 = DIRECTION('',(0.,-1.));
#10341 = ( GEOMETRIC_REPRESENTATION_CONTEXT(2) 
PARAMETRIC_REPRESENTATION_CONTEXT() REPRESENTATION_CONTEXT('2D SPACE',''
  ) );
#10342 = ORIENTED_EDGE('',*,*,#10343,.T.);
#10343 = EDGE_CURVE('',#10316,#10344,#10346,.T.);
#10344 = VERTEX_POINT('',#10345);
#10345 = CARTESIAN_POINT('',(6.3,-2.2,78.25));
#10346 = SURFACE_CURVE('',#10347,(#10351,#10358),.PCURVE_S1.);
#10347 = LINE('',#10348,#10349);
#10348 = CARTESIAN_POINT('',(6.3,-2.2,50.55));
#10349 = VECTOR('',#10350,1.);
#10350 = DIRECTION('',(0.,0.,1.));
#10351 = PCURVE('',#9809,#10352);
#10352 = DEFINITIONAL_REPRESENTATION('',(#10353),#10357);
#10353 = LINE('',#10354,#10355);
#10354 = CARTESIAN_POINT('',(3.2,-4.2));
#10355 = VECTOR('',#10356,1.);
#10356 = DIRECTION('',(1.,0.));
#10357 = ( GEOMETRIC_REPRESENTATION_CONTEXT(2) 
PARAMETRIC_REPRESENTATION_CONTEXT() REPRESENTATION_CONTEXT('2D SPACE',''
  ) );
#10358 = PCURVE('',#10359,#10364);
#10359 = PLANE('',#10360);
#10360 = AXIS2_PLACEMENT_3D('',#10361,#10362,#10363);
#10361 = CARTESIAN_POINT('',(6.3,-4.7,53.75));
#10362 = DIRECTION('',(-1.,1.110223024625E-16,0.));
#10363 = DIRECTION('',(0.,0.,1.));
#10364 = DEFINITIONAL_REPRESENTATION('',(#10365),#10369);
#10365 = LINE('',#10366,#10367);
#10366 = CARTESIAN_POINT('',(-3.2,2.5));
#10367 = VECTOR('',#10368,1.);
#10368 = DIRECTION('',(1.,0.));
#10369 = ( GEOMETRIC_REPRESENTATION_CONTEXT(2) 
PARAMETRIC_REPRESENTATION_CONTEXT() REPRESENTATION_CONTEXT('2D SPACE',''
  ) );
#10370 = ORIENTED_EDGE('',*,*,#10371,.F.);
#10371 = EDGE_CURVE('',#10372,#10344,#10374,.T.);
#10372 = VERTEX_POINT('',#10373);
#10373 = CARTESIAN_POINT('',(-6.3,-2.2,78.25));
#10374 = SURFACE_CURVE('',#10375,(#10379,#10386),.PCURVE_S1.);
#10375 = LINE('',#10376,#10377);
#10376 = CARTESIAN_POINT('',(8.4,-2.2,78.25));
#10377 = VECTOR('',#10378,1.);
#10378 = DIRECTION('',(1.,-1.110223024625E-16,0.));
#10379 = PCURVE('',#9809,#10380);
#10380 = DEFINITIONAL_REPRESENTATION('',(#10381),#10385);
#10381 = LINE('',#10382,#10383);
#10382 = CARTESIAN_POINT('',(30.9,-2.1));
#10383 = VECTOR('',#10384,1.);
#10384 = DIRECTION('',(0.,1.));
#10385 = ( GEOMETRIC_REPRESENTATION_CONTEXT(2) 
PARAMETRIC_REPRESENTATION_CONTEXT() REPRESENTATION_CONTEXT('2D SPACE',''
  ) );
#10386 = PCURVE('',#10387,#10392);
#10387 = PLANE('',#10388);
#10388 = AXIS2_PLACEMENT_3D('',#10389,#10390,#10391);
#10389 = CARTESIAN_POINT('',(6.3,-4.7,78.25));
#10390 = DIRECTION('',(0.,0.,1.));
#10391 = DIRECTION('',(1.110223024625E-16,1.,0.));
#10392 = DEFINITIONAL_REPRESENTATION('',(#10393),#10397);
#10393 = LINE('',#10394,#10395);
#10394 = CARTESIAN_POINT('',(2.5,-2.1));
#10395 = VECTOR('',#10396,1.);
#10396 = DIRECTION('',(0.,-1.));
#10397 = ( GEOMETRIC_REPRESENTATION_CONTEXT(2) 
PARAMETRIC_REPRESENTATION_CONTEXT() REPRESENTATION_CONTEXT('2D SPACE',''
  ) );
#10398 = ORIENTED_EDGE('',*,*,#10399,.F.);
#10399 = EDGE_CURVE('',#10314,#10372,#10400,.T.);
#10400 = SURFACE_CURVE('',#10401,(#10405,#10412),.PCURVE_S1.);
#10401 = LINE('',#10402,#10403);
#10402 = CARTESIAN_POINT('',(-6.3,-2.2,50.55));
#10403 = VECTOR('',#10404,1.);
#10404 = DIRECTION('',(0.,0.,1.));
#10405 = PCURVE('',#9809,#10406);
#10406 = DEFINITIONAL_REPRESENTATION('',(#10407),#10411);
#10407 = LINE('',#10408,#10409);
#10408 = CARTESIAN_POINT('',(3.2,-16.8));
#10409 = VECTOR('',#10410,1.);
#10410 = DIRECTION('',(1.,0.));
#10411 = ( GEOMETRIC_REPRESENTATION_CONTEXT(2) 
PARAMETRIC_REPRESENTATION_CONTEXT() REPRESENTATION_CONTEXT('2D SPACE',''
  ) );
#10412 = PCURVE('',#10413,#10418);
#10413 = PLANE('',#10414);
#10414 = AXIS2_PLACEMENT_3D('',#10415,#10416,#10417);
#10415 = CARTESIAN_POINT('',(-6.3,-4.7,53.75));
#10416 = DIRECTION('',(-1.,1.110223024625E-16,0.));
#10417 = DIRECTION('',(0.,0.,1.));
#10418 = DEFINITIONAL_REPRESENTATION('',(#10419),#10423);
#10419 = LINE('',#10420,#10421);
#10420 = CARTESIAN_POINT('',(-3.2,2.5));
#10421 = VECTOR('',#10422,1.);
#10422 = DIRECTION('',(1.,0.));
#10423 = ( GEOMETRIC_REPRESENTATION_CONTEXT(2) 
PARAMETRIC_REPRESENTATION_CONTEXT() REPRESENTATION_CONTEXT('2D SPACE',''
  ) );
#10424 = FACE_BOUND('',#10425,.F.);
#10425 = EDGE_LOOP('',(#10426));
#10426 = ORIENTED_EDGE('',*,*,#10427,.T.);
#10427 = EDGE_CURVE('',#10428,#10428,#10430,.T.);
#10428 = VERTEX_POINT('',#10429);
#10429 = CARTESIAN_POINT('',(-1.1,-2.2,79.9));
#10430 = SURFACE_CURVE('',#10431,(#10436,#10447),.PCURVE_S1.);
#10431 = CIRCLE('',#10432,1.1);
#10432 = AXIS2_PLACEMENT_3D('',#10433,#10434,#10435);
#10433 = CARTESIAN_POINT('',(-2.442490654175E-16,-2.2,79.9));
#10434 = DIRECTION('',(-1.110223024625E-16,-1.,-0.));
#10435 = DIRECTION('',(-1.,1.110223024625E-16,0.));
#10436 = PCURVE('',#9809,#10437);
#10437 = DEFINITIONAL_REPRESENTATION('',(#10438),#10446);
#10438 = ( BOUNDED_CURVE() B_SPLINE_CURVE(2,(#10439,#10440,#10441,#10442
    ,#10443,#10444,#10445),.UNSPECIFIED.,.T.,.F.) 
B_SPLINE_CURVE_WITH_KNOTS((1,2,2,2,2,1),(-2.094395102393,0.,
    2.094395102393,4.188790204786,6.28318530718,8.377580409573),
.UNSPECIFIED.) CURVE() GEOMETRIC_REPRESENTATION_ITEM() 
RATIONAL_B_SPLINE_CURVE((1.,0.5,1.,0.5,1.,0.5,1.)) REPRESENTATION_ITEM(
  '') );
#10439 = CARTESIAN_POINT('',(32.55,-11.6));
#10440 = CARTESIAN_POINT('',(30.644744111674,-11.6));
#10441 = CARTESIAN_POINT('',(31.597372055837,-9.95));
#10442 = CARTESIAN_POINT('',(32.55,-8.3));
#10443 = CARTESIAN_POINT('',(33.502627944163,-9.95));
#10444 = CARTESIAN_POINT('',(34.455255888326,-11.6));
#10445 = CARTESIAN_POINT('',(32.55,-11.6));
#10446 = ( GEOMETRIC_REPRESENTATION_CONTEXT(2) 
PARAMETRIC_REPRESENTATION_CONTEXT() REPRESENTATION_CONTEXT('2D SPACE',''
  ) );
#10447 = PCURVE('',#10448,#10453);
#10448 = CYLINDRICAL_SURFACE('',#10449,1.1);
#10449 = AXIS2_PLACEMENT_3D('',#10450,#10451,#10452);
#10450 = CARTESIAN_POINT('',(-3.330669073875E-16,-3.,79.9));
#10451 = DIRECTION('',(-1.110223024625E-16,-1.,-0.));
#10452 = DIRECTION('',(-1.,1.110223024625E-16,0.));
#10453 = DEFINITIONAL_REPRESENTATION('',(#10454),#10458);
#10454 = LINE('',#10455,#10456);
#10455 = CARTESIAN_POINT('',(-6.28318530718,-0.8));
#10456 = VECTOR('',#10457,1.);
#10457 = DIRECTION('',(1.,-0.));
#10458 = ( GEOMETRIC_REPRESENTATION_CONTEXT(2) 
PARAMETRIC_REPRESENTATION_CONTEXT() REPRESENTATION_CONTEXT('2D SPACE',''
  ) );
#10459 = ADVANCED_FACE('',(#10460),#9783,.F.);
#10460 = FACE_BOUND('',#10461,.F.);
#10461 = EDGE_LOOP('',(#10462,#10485,#10486,#10487,#10488,#10511));
#10462 = ORIENTED_EDGE('',*,*,#10463,.F.);
#10463 = EDGE_CURVE('',#9922,#10464,#10466,.T.);
#10464 = VERTEX_POINT('',#10465);
#10465 = CARTESIAN_POINT('',(10.5,0.8,47.35));
#10466 = SURFACE_CURVE('',#10467,(#10471,#10478),.PCURVE_S1.);
#10467 = LINE('',#10468,#10469);
#10468 = CARTESIAN_POINT('',(10.5,-2.2,47.35));
#10469 = VECTOR('',#10470,1.);
#10470 = DIRECTION('',(1.110223024625E-16,1.,0.));
#10471 = PCURVE('',#9783,#10472);
#10472 = DEFINITIONAL_REPRESENTATION('',(#10473),#10477);
#10473 = LINE('',#10474,#10475);
#10474 = CARTESIAN_POINT('',(0.,0.));
#10475 = VECTOR('',#10476,1.);
#10476 = DIRECTION('',(0.,1.));
#10477 = ( GEOMETRIC_REPRESENTATION_CONTEXT(2) 
PARAMETRIC_REPRESENTATION_CONTEXT() REPRESENTATION_CONTEXT('2D SPACE',''
  ) );
#10478 = PCURVE('',#9936,#10479);
#10479 = DEFINITIONAL_REPRESENTATION('',(#10480),#10484);
#10480 = LINE('',#10481,#10482);
#10481 = CARTESIAN_POINT('',(0.,0.));
#10482 = VECTOR('',#10483,1.);
#10483 = DIRECTION('',(1.,0.));
#10484 = ( GEOMETRIC_REPRESENTATION_CONTEXT(2) 
PARAMETRIC_REPRESENTATION_CONTEXT() REPRESENTATION_CONTEXT('2D SPACE',''
  ) );
#10485 = ORIENTED_EDGE('',*,*,#9947,.F.);
#10486 = ORIENTED_EDGE('',*,*,#9768,.F.);
#10487 = ORIENTED_EDGE('',*,*,#10207,.T.);
#10488 = ORIENTED_EDGE('',*,*,#10489,.T.);
#10489 = EDGE_CURVE('',#10208,#10490,#10492,.T.);
#10490 = VERTEX_POINT('',#10491);
#10491 = CARTESIAN_POINT('',(10.5,0.8,84.65));
#10492 = SURFACE_CURVE('',#10493,(#10497,#10504),.PCURVE_S1.);
#10493 = LINE('',#10494,#10495);
#10494 = CARTESIAN_POINT('',(10.5,-2.2,84.65));
#10495 = VECTOR('',#10496,1.);
#10496 = DIRECTION('',(1.110223024625E-16,1.,0.));
#10497 = PCURVE('',#9783,#10498);
#10498 = DEFINITIONAL_REPRESENTATION('',(#10499),#10503);
#10499 = LINE('',#10500,#10501);
#10500 = CARTESIAN_POINT('',(37.3,0.));
#10501 = VECTOR('',#10502,1.);
#10502 = DIRECTION('',(0.,1.));
#10503 = ( GEOMETRIC_REPRESENTATION_CONTEXT(2) 
PARAMETRIC_REPRESENTATION_CONTEXT() REPRESENTATION_CONTEXT('2D SPACE',''
  ) );
#10504 = PCURVE('',#10299,#10505);
#10505 = DEFINITIONAL_REPRESENTATION('',(#10506),#10510);
#10506 = LINE('',#10507,#10508);
#10507 = CARTESIAN_POINT('',(0.,0.));
#10508 = VECTOR('',#10509,1.);
#10509 = DIRECTION('',(1.,0.));
#10510 = ( GEOMETRIC_REPRESENTATION_CONTEXT(2) 
PARAMETRIC_REPRESENTATION_CONTEXT() REPRESENTATION_CONTEXT('2D SPACE',''
  ) );
#10511 = ORIENTED_EDGE('',*,*,#10512,.F.);
#10512 = EDGE_CURVE('',#10464,#10490,#10513,.T.);
#10513 = SURFACE_CURVE('',#10514,(#10518,#10525),.PCURVE_S1.);
#10514 = LINE('',#10515,#10516);
#10515 = CARTESIAN_POINT('',(10.5,0.8,47.35));
#10516 = VECTOR('',#10517,1.);
#10517 = DIRECTION('',(0.,0.,1.));
#10518 = PCURVE('',#9783,#10519);
#10519 = DEFINITIONAL_REPRESENTATION('',(#10520),#10524);
#10520 = LINE('',#10521,#10522);
#10521 = CARTESIAN_POINT('',(0.,3.));
#10522 = VECTOR('',#10523,1.);
#10523 = DIRECTION('',(1.,0.));
#10524 = ( GEOMETRIC_REPRESENTATION_CONTEXT(2) 
PARAMETRIC_REPRESENTATION_CONTEXT() REPRESENTATION_CONTEXT('2D SPACE',''
  ) );
#10525 = PCURVE('',#10188,#10526);
#10526 = DEFINITIONAL_REPRESENTATION('',(#10527),#10531);
#10527 = LINE('',#10528,#10529);
#10528 = CARTESIAN_POINT('',(0.,0.));
#10529 = VECTOR('',#10530,1.);
#10530 = DIRECTION('',(1.,0.));
#10531 = ( GEOMETRIC_REPRESENTATION_CONTEXT(2) 
PARAMETRIC_REPRESENTATION_CONTEXT() REPRESENTATION_CONTEXT('2D SPACE',''
  ) );
#10532 = ADVANCED_FACE('',(#10533),#9936,.F.);
#10533 = FACE_BOUND('',#10534,.F.);
#10534 = EDGE_LOOP('',(#10535,#10536,#10537,#10538,#10539,#10562));
#10535 = ORIENTED_EDGE('',*,*,#10234,.F.);
#10536 = ORIENTED_EDGE('',*,*,#9974,.T.);
#10537 = ORIENTED_EDGE('',*,*,#9921,.F.);
#10538 = ORIENTED_EDGE('',*,*,#10463,.T.);
#10539 = ORIENTED_EDGE('',*,*,#10540,.T.);
#10540 = EDGE_CURVE('',#10464,#10541,#10543,.T.);
#10541 = VERTEX_POINT('',#10542);
#10542 = CARTESIAN_POINT('',(-10.5,0.8,47.35));
#10543 = SURFACE_CURVE('',#10544,(#10548,#10555),.PCURVE_S1.);
#10544 = LINE('',#10545,#10546);
#10545 = CARTESIAN_POINT('',(10.5,0.8,47.35));
#10546 = VECTOR('',#10547,1.);
#10547 = DIRECTION('',(-1.,1.110223024625E-16,0.));
#10548 = PCURVE('',#9936,#10549);
#10549 = DEFINITIONAL_REPRESENTATION('',(#10550),#10554);
#10550 = LINE('',#10551,#10552);
#10551 = CARTESIAN_POINT('',(3.,3.330669073875E-16));
#10552 = VECTOR('',#10553,1.);
#10553 = DIRECTION('',(0.,1.));
#10554 = ( GEOMETRIC_REPRESENTATION_CONTEXT(2) 
PARAMETRIC_REPRESENTATION_CONTEXT() REPRESENTATION_CONTEXT('2D SPACE',''
  ) );
#10555 = PCURVE('',#10188,#10556);
#10556 = DEFINITIONAL_REPRESENTATION('',(#10557),#10561);
#10557 = LINE('',#10558,#10559);
#10558 = CARTESIAN_POINT('',(0.,0.));
#10559 = VECTOR('',#10560,1.);
#10560 = DIRECTION('',(0.,-1.));
#10561 = ( GEOMETRIC_REPRESENTATION_CONTEXT(2) 
PARAMETRIC_REPRESENTATION_CONTEXT() REPRESENTATION_CONTEXT('2D SPACE',''
  ) );
#10562 = ORIENTED_EDGE('',*,*,#10563,.F.);
#10563 = EDGE_CURVE('',#10235,#10541,#10564,.T.);
#10564 = SURFACE_CURVE('',#10565,(#10569,#10576),.PCURVE_S1.);
#10565 = LINE('',#10566,#10567);
#10566 = CARTESIAN_POINT('',(-10.5,-2.2,47.35));
#10567 = VECTOR('',#10568,1.);
#10568 = DIRECTION('',(1.110223024625E-16,1.,0.));
#10569 = PCURVE('',#9936,#10570);
#10570 = DEFINITIONAL_REPRESENTATION('',(#10571),#10575);
#10571 = LINE('',#10572,#10573);
#10572 = CARTESIAN_POINT('',(3.330669073875E-16,21.));
#10573 = VECTOR('',#10574,1.);
#10574 = DIRECTION('',(1.,0.));
#10575 = ( GEOMETRIC_REPRESENTATION_CONTEXT(2) 
PARAMETRIC_REPRESENTATION_CONTEXT() REPRESENTATION_CONTEXT('2D SPACE',''
  ) );
#10576 = PCURVE('',#10273,#10577);
#10577 = DEFINITIONAL_REPRESENTATION('',(#10578),#10582);
#10578 = LINE('',#10579,#10580);
#10579 = CARTESIAN_POINT('',(0.,0.));
#10580 = VECTOR('',#10581,1.);
#10581 = DIRECTION('',(0.,1.));
#10582 = ( GEOMETRIC_REPRESENTATION_CONTEXT(2) 
PARAMETRIC_REPRESENTATION_CONTEXT() REPRESENTATION_CONTEXT('2D SPACE',''
  ) );
#10583 = ADVANCED_FACE('',(#10584,#10632,#10635,#10729),#10188,.T.);
#10584 = FACE_BOUND('',#10585,.T.);
#10585 = EDGE_LOOP('',(#10586,#10587,#10588,#10611));
#10586 = ORIENTED_EDGE('',*,*,#10512,.F.);
#10587 = ORIENTED_EDGE('',*,*,#10540,.T.);
#10588 = ORIENTED_EDGE('',*,*,#10589,.T.);
#10589 = EDGE_CURVE('',#10541,#10590,#10592,.T.);
#10590 = VERTEX_POINT('',#10591);
#10591 = CARTESIAN_POINT('',(-10.5,0.8,84.65));
#10592 = SURFACE_CURVE('',#10593,(#10597,#10604),.PCURVE_S1.);
#10593 = LINE('',#10594,#10595);
#10594 = CARTESIAN_POINT('',(-10.5,0.8,47.35));
#10595 = VECTOR('',#10596,1.);
#10596 = DIRECTION('',(0.,0.,1.));
#10597 = PCURVE('',#10188,#10598);
#10598 = DEFINITIONAL_REPRESENTATION('',(#10599),#10603);
#10599 = LINE('',#10600,#10601);
#10600 = CARTESIAN_POINT('',(0.,-21.));
#10601 = VECTOR('',#10602,1.);
#10602 = DIRECTION('',(1.,0.));
#10603 = ( GEOMETRIC_REPRESENTATION_CONTEXT(2) 
PARAMETRIC_REPRESENTATION_CONTEXT() REPRESENTATION_CONTEXT('2D SPACE',''
  ) );
#10604 = PCURVE('',#10273,#10605);
#10605 = DEFINITIONAL_REPRESENTATION('',(#10606),#10610);
#10606 = LINE('',#10607,#10608);
#10607 = CARTESIAN_POINT('',(0.,3.));
#10608 = VECTOR('',#10609,1.);
#10609 = DIRECTION('',(1.,0.));
#10610 = ( GEOMETRIC_REPRESENTATION_CONTEXT(2) 
PARAMETRIC_REPRESENTATION_CONTEXT() REPRESENTATION_CONTEXT('2D SPACE',''
  ) );
#10611 = ORIENTED_EDGE('',*,*,#10612,.F.);
#10612 = EDGE_CURVE('',#10490,#10590,#10613,.T.);
#10613 = SURFACE_CURVE('',#10614,(#10618,#10625),.PCURVE_S1.);
#10614 = LINE('',#10615,#10616);
#10615 = CARTESIAN_POINT('',(10.5,0.8,84.65));
#10616 = VECTOR('',#10617,1.);
#10617 = DIRECTION('',(-1.,1.110223024625E-16,0.));
#10618 = PCURVE('',#10188,#10619);
#10619 = DEFINITIONAL_REPRESENTATION('',(#10620),#10624);
#10620 = LINE('',#10621,#10622);
#10621 = CARTESIAN_POINT('',(37.3,0.));
#10622 = VECTOR('',#10623,1.);
#10623 = DIRECTION('',(0.,-1.));
#10624 = ( GEOMETRIC_REPRESENTATION_CONTEXT(2) 
PARAMETRIC_REPRESENTATION_CONTEXT() REPRESENTATION_CONTEXT('2D SPACE',''
  ) );
#10625 = PCURVE('',#10299,#10626);
#10626 = DEFINITIONAL_REPRESENTATION('',(#10627),#10631);
#10627 = LINE('',#10628,#10629);
#10628 = CARTESIAN_POINT('',(3.,3.330669073875E-16));
#10629 = VECTOR('',#10630,1.);
#10630 = DIRECTION('',(0.,1.));
#10631 = ( GEOMETRIC_REPRESENTATION_CONTEXT(2) 
PARAMETRIC_REPRESENTATION_CONTEXT() REPRESENTATION_CONTEXT('2D SPACE',''
  ) );
#10632 = FACE_BOUND('',#10633,.T.);
#10633 = EDGE_LOOP('',(#10634));
#10634 = ORIENTED_EDGE('',*,*,#10173,.T.);
#10635 = FACE_BOUND('',#10636,.T.);
#10636 = EDGE_LOOP('',(#10637,#10662,#10685,#10708));
#10637 = ORIENTED_EDGE('',*,*,#10638,.T.);
#10638 = EDGE_CURVE('',#10639,#10641,#10643,.T.);
#10639 = VERTEX_POINT('',#10640);
#10640 = CARTESIAN_POINT('',(-6.3,0.8,53.75));
#10641 = VERTEX_POINT('',#10642);
#10642 = CARTESIAN_POINT('',(6.3,0.8,53.75));
#10643 = SURFACE_CURVE('',#10644,(#10648,#10655),.PCURVE_S1.);
#10644 = LINE('',#10645,#10646);
#10645 = CARTESIAN_POINT('',(8.4,0.8,53.75));
#10646 = VECTOR('',#10647,1.);
#10647 = DIRECTION('',(1.,-1.110223024625E-16,0.));
#10648 = PCURVE('',#10188,#10649);
#10649 = DEFINITIONAL_REPRESENTATION('',(#10650),#10654);
#10650 = LINE('',#10651,#10652);
#10651 = CARTESIAN_POINT('',(6.4,-2.1));
#10652 = VECTOR('',#10653,1.);
#10653 = DIRECTION('',(0.,1.));
#10654 = ( GEOMETRIC_REPRESENTATION_CONTEXT(2) 
PARAMETRIC_REPRESENTATION_CONTEXT() REPRESENTATION_CONTEXT('2D SPACE',''
  ) );
#10655 = PCURVE('',#10331,#10656);
#10656 = DEFINITIONAL_REPRESENTATION('',(#10657),#10661);
#10657 = LINE('',#10658,#10659);
#10658 = CARTESIAN_POINT('',(5.5,-2.1));
#10659 = VECTOR('',#10660,1.);
#10660 = DIRECTION('',(0.,-1.));
#10661 = ( GEOMETRIC_REPRESENTATION_CONTEXT(2) 
PARAMETRIC_REPRESENTATION_CONTEXT() REPRESENTATION_CONTEXT('2D SPACE',''
  ) );
#10662 = ORIENTED_EDGE('',*,*,#10663,.T.);
#10663 = EDGE_CURVE('',#10641,#10664,#10666,.T.);
#10664 = VERTEX_POINT('',#10665);
#10665 = CARTESIAN_POINT('',(6.3,0.8,78.25));
#10666 = SURFACE_CURVE('',#10667,(#10671,#10678),.PCURVE_S1.);
#10667 = LINE('',#10668,#10669);
#10668 = CARTESIAN_POINT('',(6.3,0.8,50.55));
#10669 = VECTOR('',#10670,1.);
#10670 = DIRECTION('',(0.,0.,1.));
#10671 = PCURVE('',#10188,#10672);
#10672 = DEFINITIONAL_REPRESENTATION('',(#10673),#10677);
#10673 = LINE('',#10674,#10675);
#10674 = CARTESIAN_POINT('',(3.2,-4.2));
#10675 = VECTOR('',#10676,1.);
#10676 = DIRECTION('',(1.,0.));
#10677 = ( GEOMETRIC_REPRESENTATION_CONTEXT(2) 
PARAMETRIC_REPRESENTATION_CONTEXT() REPRESENTATION_CONTEXT('2D SPACE',''
  ) );
#10678 = PCURVE('',#10359,#10679);
#10679 = DEFINITIONAL_REPRESENTATION('',(#10680),#10684);
#10680 = LINE('',#10681,#10682);
#10681 = CARTESIAN_POINT('',(-3.2,5.5));
#10682 = VECTOR('',#10683,1.);
#10683 = DIRECTION('',(1.,0.));
#10684 = ( GEOMETRIC_REPRESENTATION_CONTEXT(2) 
PARAMETRIC_REPRESENTATION_CONTEXT() REPRESENTATION_CONTEXT('2D SPACE',''
  ) );
#10685 = ORIENTED_EDGE('',*,*,#10686,.F.);
#10686 = EDGE_CURVE('',#10687,#10664,#10689,.T.);
#10687 = VERTEX_POINT('',#10688);
#10688 = CARTESIAN_POINT('',(-6.3,0.8,78.25));
#10689 = SURFACE_CURVE('',#10690,(#10694,#10701),.PCURVE_S1.);
#10690 = LINE('',#10691,#10692);
#10691 = CARTESIAN_POINT('',(8.4,0.8,78.25));
#10692 = VECTOR('',#10693,1.);
#10693 = DIRECTION('',(1.,-1.110223024625E-16,0.));
#10694 = PCURVE('',#10188,#10695);
#10695 = DEFINITIONAL_REPRESENTATION('',(#10696),#10700);
#10696 = LINE('',#10697,#10698);
#10697 = CARTESIAN_POINT('',(30.9,-2.1));
#10698 = VECTOR('',#10699,1.);
#10699 = DIRECTION('',(0.,1.));
#10700 = ( GEOMETRIC_REPRESENTATION_CONTEXT(2) 
PARAMETRIC_REPRESENTATION_CONTEXT() REPRESENTATION_CONTEXT('2D SPACE',''
  ) );
#10701 = PCURVE('',#10387,#10702);
#10702 = DEFINITIONAL_REPRESENTATION('',(#10703),#10707);
#10703 = LINE('',#10704,#10705);
#10704 = CARTESIAN_POINT('',(5.5,-2.1));
#10705 = VECTOR('',#10706,1.);
#10706 = DIRECTION('',(0.,-1.));
#10707 = ( GEOMETRIC_REPRESENTATION_CONTEXT(2) 
PARAMETRIC_REPRESENTATION_CONTEXT() REPRESENTATION_CONTEXT('2D SPACE',''
  ) );
#10708 = ORIENTED_EDGE('',*,*,#10709,.F.);
#10709 = EDGE_CURVE('',#10639,#10687,#10710,.T.);
#10710 = SURFACE_CURVE('',#10711,(#10715,#10722),.PCURVE_S1.);
#10711 = LINE('',#10712,#10713);
#10712 = CARTESIAN_POINT('',(-6.3,0.8,50.55));
#10713 = VECTOR('',#10714,1.);
#10714 = DIRECTION('',(0.,0.,1.));
#10715 = PCURVE('',#10188,#10716);
#10716 = DEFINITIONAL_REPRESENTATION('',(#10717),#10721);
#10717 = LINE('',#10718,#10719);
#10718 = CARTESIAN_POINT('',(3.2,-16.8));
#10719 = VECTOR('',#10720,1.);
#10720 = DIRECTION('',(1.,0.));
#10721 = ( GEOMETRIC_REPRESENTATION_CONTEXT(2) 
PARAMETRIC_REPRESENTATION_CONTEXT() REPRESENTATION_CONTEXT('2D SPACE',''
  ) );
#10722 = PCURVE('',#10413,#10723);
#10723 = DEFINITIONAL_REPRESENTATION('',(#10724),#10728);
#10724 = LINE('',#10725,#10726);
#10725 = CARTESIAN_POINT('',(-3.2,5.5));
#10726 = VECTOR('',#10727,1.);
#10727 = DIRECTION('',(1.,0.));
#10728 = ( GEOMETRIC_REPRESENTATION_CONTEXT(2) 
PARAMETRIC_REPRESENTATION_CONTEXT() REPRESENTATION_CONTEXT('2D SPACE',''
  ) );
#10729 = FACE_BOUND('',#10730,.T.);
#10730 = EDGE_LOOP('',(#10731));
#10731 = ORIENTED_EDGE('',*,*,#10732,.T.);
#10732 = EDGE_CURVE('',#10733,#10733,#10735,.T.);
#10733 = VERTEX_POINT('',#10734);
#10734 = CARTESIAN_POINT('',(-1.1,0.8,79.9));
#10735 = SURFACE_CURVE('',#10736,(#10741,#10752),.PCURVE_S1.);
#10736 = CIRCLE('',#10737,1.1);
#10737 = AXIS2_PLACEMENT_3D('',#10738,#10739,#10740);
#10738 = CARTESIAN_POINT('',(8.881784197001E-17,0.8,79.9));
#10739 = DIRECTION('',(-1.110223024625E-16,-1.,-0.));
#10740 = DIRECTION('',(-1.,1.110223024625E-16,0.));
#10741 = PCURVE('',#10188,#10742);
#10742 = DEFINITIONAL_REPRESENTATION('',(#10743),#10751);
#10743 = ( BOUNDED_CURVE() B_SPLINE_CURVE(2,(#10744,#10745,#10746,#10747
    ,#10748,#10749,#10750),.UNSPECIFIED.,.T.,.F.) 
B_SPLINE_CURVE_WITH_KNOTS((1,2,2,2,2,1),(-2.094395102393,0.,
    2.094395102393,4.188790204786,6.28318530718,8.377580409573),
.UNSPECIFIED.) CURVE() GEOMETRIC_REPRESENTATION_ITEM() 
RATIONAL_B_SPLINE_CURVE((1.,0.5,1.,0.5,1.,0.5,1.)) REPRESENTATION_ITEM(
  '') );
#10744 = CARTESIAN_POINT('',(32.55,-11.6));
#10745 = CARTESIAN_POINT('',(30.644744111674,-11.6));
#10746 = CARTESIAN_POINT('',(31.597372055837,-9.95));
#10747 = CARTESIAN_POINT('',(32.55,-8.3));
#10748 = CARTESIAN_POINT('',(33.502627944163,-9.95));
#10749 = CARTESIAN_POINT('',(34.455255888326,-11.6));
#10750 = CARTESIAN_POINT('',(32.55,-11.6));
#10751 = ( GEOMETRIC_REPRESENTATION_CONTEXT(2) 
PARAMETRIC_REPRESENTATION_CONTEXT() REPRESENTATION_CONTEXT('2D SPACE',''
  ) );
#10752 = PCURVE('',#10448,#10753);
#10753 = DEFINITIONAL_REPRESENTATION('',(#10754),#10758);
#10754 = LINE('',#10755,#10756);
#10755 = CARTESIAN_POINT('',(-6.28318530718,-3.8));
#10756 = VECTOR('',#10757,1.);
#10757 = DIRECTION('',(1.,-0.));
#10758 = ( GEOMETRIC_REPRESENTATION_CONTEXT(2) 
PARAMETRIC_REPRESENTATION_CONTEXT() REPRESENTATION_CONTEXT('2D SPACE',''
  ) );
#10759 = ADVANCED_FACE('',(#10760),#10299,.T.);
#10760 = FACE_BOUND('',#10761,.T.);
#10761 = EDGE_LOOP('',(#10762,#10763,#10764,#10765));
#10762 = ORIENTED_EDGE('',*,*,#10285,.F.);
#10763 = ORIENTED_EDGE('',*,*,#10489,.T.);
#10764 = ORIENTED_EDGE('',*,*,#10612,.T.);
#10765 = ORIENTED_EDGE('',*,*,#10766,.F.);
#10766 = EDGE_CURVE('',#10258,#10590,#10767,.T.);
#10767 = SURFACE_CURVE('',#10768,(#10772,#10779),.PCURVE_S1.);
#10768 = LINE('',#10769,#10770);
#10769 = CARTESIAN_POINT('',(-10.5,-2.2,84.65));
#10770 = VECTOR('',#10771,1.);
#10771 = DIRECTION('',(1.110223024625E-16,1.,0.));
#10772 = PCURVE('',#10299,#10773);
#10773 = DEFINITIONAL_REPRESENTATION('',(#10774),#10778);
#10774 = LINE('',#10775,#10776);
#10775 = CARTESIAN_POINT('',(3.330669073875E-16,21.));
#10776 = VECTOR('',#10777,1.);
#10777 = DIRECTION('',(1.,0.));
#10778 = ( GEOMETRIC_REPRESENTATION_CONTEXT(2) 
PARAMETRIC_REPRESENTATION_CONTEXT() REPRESENTATION_CONTEXT('2D SPACE',''
  ) );
#10779 = PCURVE('',#10273,#10780);
#10780 = DEFINITIONAL_REPRESENTATION('',(#10781),#10785);
#10781 = LINE('',#10782,#10783);
#10782 = CARTESIAN_POINT('',(37.3,0.));
#10783 = VECTOR('',#10784,1.);
#10784 = DIRECTION('',(0.,1.));
#10785 = ( GEOMETRIC_REPRESENTATION_CONTEXT(2) 
PARAMETRIC_REPRESENTATION_CONTEXT() REPRESENTATION_CONTEXT('2D SPACE',''
  ) );
#10786 = ADVANCED_FACE('',(#10787),#10273,.T.);
#10787 = FACE_BOUND('',#10788,.T.);
#10788 = EDGE_LOOP('',(#10789,#10790,#10791,#10792));
#10789 = ORIENTED_EDGE('',*,*,#10563,.F.);
#10790 = ORIENTED_EDGE('',*,*,#10257,.T.);
#10791 = ORIENTED_EDGE('',*,*,#10766,.T.);
#10792 = ORIENTED_EDGE('',*,*,#10589,.F.);
#10793 = ADVANCED_FACE('',(#10794),#10331,.T.);
#10794 = FACE_BOUND('',#10795,.T.);
#10795 = EDGE_LOOP('',(#10796,#10817,#10818,#10839));
#10796 = ORIENTED_EDGE('',*,*,#10797,.F.);
#10797 = EDGE_CURVE('',#10314,#10639,#10798,.T.);
#10798 = SURFACE_CURVE('',#10799,(#10803,#10810),.PCURVE_S1.);
#10799 = LINE('',#10800,#10801);
#10800 = CARTESIAN_POINT('',(-6.3,-4.7,53.75));
#10801 = VECTOR('',#10802,1.);
#10802 = DIRECTION('',(1.110223024625E-16,1.,0.));
#10803 = PCURVE('',#10331,#10804);
#10804 = DEFINITIONAL_REPRESENTATION('',(#10805),#10809);
#10805 = LINE('',#10806,#10807);
#10806 = CARTESIAN_POINT('',(3.774758283726E-16,12.6));
#10807 = VECTOR('',#10808,1.);
#10808 = DIRECTION('',(1.,0.));
#10809 = ( GEOMETRIC_REPRESENTATION_CONTEXT(2) 
PARAMETRIC_REPRESENTATION_CONTEXT() REPRESENTATION_CONTEXT('2D SPACE',''
  ) );
#10810 = PCURVE('',#10413,#10811);
#10811 = DEFINITIONAL_REPRESENTATION('',(#10812),#10816);
#10812 = LINE('',#10813,#10814);
#10813 = CARTESIAN_POINT('',(0.,0.));
#10814 = VECTOR('',#10815,1.);
#10815 = DIRECTION('',(0.,1.));
#10816 = ( GEOMETRIC_REPRESENTATION_CONTEXT(2) 
PARAMETRIC_REPRESENTATION_CONTEXT() REPRESENTATION_CONTEXT('2D SPACE',''
  ) );
#10817 = ORIENTED_EDGE('',*,*,#10313,.T.);
#10818 = ORIENTED_EDGE('',*,*,#10819,.T.);
#10819 = EDGE_CURVE('',#10316,#10641,#10820,.T.);
#10820 = SURFACE_CURVE('',#10821,(#10825,#10832),.PCURVE_S1.);
#10821 = LINE('',#10822,#10823);
#10822 = CARTESIAN_POINT('',(6.3,-4.7,53.75));
#10823 = VECTOR('',#10824,1.);
#10824 = DIRECTION('',(1.110223024625E-16,1.,0.));
#10825 = PCURVE('',#10331,#10826);
#10826 = DEFINITIONAL_REPRESENTATION('',(#10827),#10831);
#10827 = LINE('',#10828,#10829);
#10828 = CARTESIAN_POINT('',(0.,0.));
#10829 = VECTOR('',#10830,1.);
#10830 = DIRECTION('',(1.,0.));
#10831 = ( GEOMETRIC_REPRESENTATION_CONTEXT(2) 
PARAMETRIC_REPRESENTATION_CONTEXT() REPRESENTATION_CONTEXT('2D SPACE',''
  ) );
#10832 = PCURVE('',#10359,#10833);
#10833 = DEFINITIONAL_REPRESENTATION('',(#10834),#10838);
#10834 = LINE('',#10835,#10836);
#10835 = CARTESIAN_POINT('',(0.,0.));
#10836 = VECTOR('',#10837,1.);
#10837 = DIRECTION('',(0.,1.));
#10838 = ( GEOMETRIC_REPRESENTATION_CONTEXT(2) 
PARAMETRIC_REPRESENTATION_CONTEXT() REPRESENTATION_CONTEXT('2D SPACE',''
  ) );
#10839 = ORIENTED_EDGE('',*,*,#10638,.F.);
#10840 = ADVANCED_FACE('',(#10841),#10413,.F.);
#10841 = FACE_BOUND('',#10842,.F.);
#10842 = EDGE_LOOP('',(#10843,#10844,#10845,#10866));
#10843 = ORIENTED_EDGE('',*,*,#10797,.F.);
#10844 = ORIENTED_EDGE('',*,*,#10399,.T.);
#10845 = ORIENTED_EDGE('',*,*,#10846,.T.);
#10846 = EDGE_CURVE('',#10372,#10687,#10847,.T.);
#10847 = SURFACE_CURVE('',#10848,(#10852,#10859),.PCURVE_S1.);
#10848 = LINE('',#10849,#10850);
#10849 = CARTESIAN_POINT('',(-6.3,-4.7,78.25));
#10850 = VECTOR('',#10851,1.);
#10851 = DIRECTION('',(1.110223024625E-16,1.,0.));
#10852 = PCURVE('',#10413,#10853);
#10853 = DEFINITIONAL_REPRESENTATION('',(#10854),#10858);
#10854 = LINE('',#10855,#10856);
#10855 = CARTESIAN_POINT('',(24.5,0.));
#10856 = VECTOR('',#10857,1.);
#10857 = DIRECTION('',(0.,1.));
#10858 = ( GEOMETRIC_REPRESENTATION_CONTEXT(2) 
PARAMETRIC_REPRESENTATION_CONTEXT() REPRESENTATION_CONTEXT('2D SPACE',''
  ) );
#10859 = PCURVE('',#10387,#10860);
#10860 = DEFINITIONAL_REPRESENTATION('',(#10861),#10865);
#10861 = LINE('',#10862,#10863);
#10862 = CARTESIAN_POINT('',(3.774758283726E-16,12.6));
#10863 = VECTOR('',#10864,1.);
#10864 = DIRECTION('',(1.,0.));
#10865 = ( GEOMETRIC_REPRESENTATION_CONTEXT(2) 
PARAMETRIC_REPRESENTATION_CONTEXT() REPRESENTATION_CONTEXT('2D SPACE',''
  ) );
#10866 = ORIENTED_EDGE('',*,*,#10709,.F.);
#10867 = ADVANCED_FACE('',(#10868),#10359,.T.);
#10868 = FACE_BOUND('',#10869,.T.);
#10869 = EDGE_LOOP('',(#10870,#10871,#10872,#10893));
#10870 = ORIENTED_EDGE('',*,*,#10819,.F.);
#10871 = ORIENTED_EDGE('',*,*,#10343,.T.);
#10872 = ORIENTED_EDGE('',*,*,#10873,.T.);
#10873 = EDGE_CURVE('',#10344,#10664,#10874,.T.);
#10874 = SURFACE_CURVE('',#10875,(#10879,#10886),.PCURVE_S1.);
#10875 = LINE('',#10876,#10877);
#10876 = CARTESIAN_POINT('',(6.3,-4.7,78.25));
#10877 = VECTOR('',#10878,1.);
#10878 = DIRECTION('',(1.110223024625E-16,1.,0.));
#10879 = PCURVE('',#10359,#10880);
#10880 = DEFINITIONAL_REPRESENTATION('',(#10881),#10885);
#10881 = LINE('',#10882,#10883);
#10882 = CARTESIAN_POINT('',(24.5,0.));
#10883 = VECTOR('',#10884,1.);
#10884 = DIRECTION('',(0.,1.));
#10885 = ( GEOMETRIC_REPRESENTATION_CONTEXT(2) 
PARAMETRIC_REPRESENTATION_CONTEXT() REPRESENTATION_CONTEXT('2D SPACE',''
  ) );
#10886 = PCURVE('',#10387,#10887);
#10887 = DEFINITIONAL_REPRESENTATION('',(#10888),#10892);
#10888 = LINE('',#10889,#10890);
#10889 = CARTESIAN_POINT('',(0.,0.));
#10890 = VECTOR('',#10891,1.);
#10891 = DIRECTION('',(1.,0.));
#10892 = ( GEOMETRIC_REPRESENTATION_CONTEXT(2) 
PARAMETRIC_REPRESENTATION_CONTEXT() REPRESENTATION_CONTEXT('2D SPACE',''
  ) );
#10893 = ORIENTED_EDGE('',*,*,#10663,.F.);
#10894 = ADVANCED_FACE('',(#10895),#10387,.F.);
#10895 = FACE_BOUND('',#10896,.F.);
#10896 = EDGE_LOOP('',(#10897,#10898,#10899,#10900));
#10897 = ORIENTED_EDGE('',*,*,#10846,.F.);
#10898 = ORIENTED_EDGE('',*,*,#10371,.T.);
#10899 = ORIENTED_EDGE('',*,*,#10873,.T.);
#10900 = ORIENTED_EDGE('',*,*,#10686,.F.);
#10901 = ADVANCED_FACE('',(#10902),#10448,.F.);
#10902 = FACE_BOUND('',#10903,.T.);
#10903 = EDGE_LOOP('',(#10904,#10905,#10926,#10927));
#10904 = ORIENTED_EDGE('',*,*,#10427,.T.);
#10905 = ORIENTED_EDGE('',*,*,#10906,.T.);
#10906 = EDGE_CURVE('',#10428,#10733,#10907,.T.);
#10907 = SEAM_CURVE('',#10908,(#10912,#10919),.PCURVE_S1.);
#10908 = LINE('',#10909,#10910);
#10909 = CARTESIAN_POINT('',(-1.1,-3.,79.9));
#10910 = VECTOR('',#10911,1.);
#10911 = DIRECTION('',(1.110223024625E-16,1.,0.));
#10912 = PCURVE('',#10448,#10913);
#10913 = DEFINITIONAL_REPRESENTATION('',(#10914),#10918);
#10914 = LINE('',#10915,#10916);
#10915 = CARTESIAN_POINT('',(-6.28318530718,0.));
#10916 = VECTOR('',#10917,1.);
#10917 = DIRECTION('',(-0.,-1.));
#10918 = ( GEOMETRIC_REPRESENTATION_CONTEXT(2) 
PARAMETRIC_REPRESENTATION_CONTEXT() REPRESENTATION_CONTEXT('2D SPACE',''
  ) );
#10919 = PCURVE('',#10448,#10920);
#10920 = DEFINITIONAL_REPRESENTATION('',(#10921),#10925);
#10921 = LINE('',#10922,#10923);
#10922 = CARTESIAN_POINT('',(-0.,0.));
#10923 = VECTOR('',#10924,1.);
#10924 = DIRECTION('',(-0.,-1.));
#10925 = ( GEOMETRIC_REPRESENTATION_CONTEXT(2) 
PARAMETRIC_REPRESENTATION_CONTEXT() REPRESENTATION_CONTEXT('2D SPACE',''
  ) );
#10926 = ORIENTED_EDGE('',*,*,#10732,.F.);
#10927 = ORIENTED_EDGE('',*,*,#10906,.F.);
#10928 = ( GEOMETRIC_REPRESENTATION_CONTEXT(3) 
GLOBAL_UNCERTAINTY_ASSIGNED_CONTEXT((#10932)) 
GLOBAL_UNIT_ASSIGNED_CONTEXT((#10929,#10930,#10931)) 
REPRESENTATION_CONTEXT('Context #1',
  '3D Context with UNIT and UNCERTAINTY') );
#10929 = ( LENGTH_UNIT() NAMED_UNIT(*) SI_UNIT(.MILLI.,.METRE.) );
#10930 = ( NAMED_UNIT(*) PLANE_ANGLE_UNIT() SI_UNIT($,.RADIAN.) );
#10931 = ( NAMED_UNIT(*) SI_UNIT($,.STERADIAN.) SOLID_ANGLE_UNIT() );
#10932 = UNCERTAINTY_MEASURE_WITH_UNIT(LENGTH_MEASURE(1.E-07),#10929,
  'distance_accuracy_value','confusion accuracy');
#10933 = CONTEXT_DEPENDENT_SHAPE_REPRESENTATION(#10934,#10936);
#10934 = ( REPRESENTATION_RELATIONSHIP('','',#7761,#10) 
REPRESENTATION_RELATIONSHIP_WITH_TRANSFORMATION(#10935) 
SHAPE_REPRESENTATION_RELATIONSHIP() );
#10935 = ITEM_DEFINED_TRANSFORMATION('','',#11,#19);
#10936 = PRODUCT_DEFINITION_SHAPE('Placement','Placement of an item',
  #10937);
#10937 = NEXT_ASSEMBLY_USAGE_OCCURRENCE('2','middle_link','',#5,#7756,$
  );
#10938 = PRODUCT_RELATED_PRODUCT_CATEGORY('part',$,(#7758));
#10939 = SHAPE_DEFINITION_REPRESENTATION(#10940,#10946);
#10940 = PRODUCT_DEFINITION_SHAPE('','',#10941);
#10941 = PRODUCT_DEFINITION('design','',#10942,#10945);
#10942 = PRODUCT_DEFINITION_FORMATION('','',#10943);
#10943 = PRODUCT('paddle','paddle','',(#10944));
#10944 = PRODUCT_CONTEXT('',#2,'mechanical');
#10945 = PRODUCT_DEFINITION_CONTEXT('part definition',#2,'design');
#10946 = ADVANCED_BREP_SHAPE_REPRESENTATION('',(#11,#10947),#13333);
#10947 = MANIFOLD_SOLID_BREP('',#10948);
#10948 = CLOSED_SHELL('',(#10949,#11075,#11789,#11894,#12387,#12460,
    #12560,#12609,#12658,#12685,#12732,#12759,#12786,#12793,#12840,
    #12867,#12894,#12901,#12928,#13021,#13075,#13102,#13153,#13200,
    #13227,#13254,#13261,#13312,#13319,#13326));
#10949 = ADVANCED_FACE('',(#10950),#10965,.T.);
#10950 = FACE_BOUND('',#10951,.F.);
#10951 = EDGE_LOOP('',(#10952,#10988,#11016,#11049));
#10952 = ORIENTED_EDGE('',*,*,#10953,.F.);
#10953 = EDGE_CURVE('',#10954,#10956,#10958,.T.);
#10954 = VERTEX_POINT('',#10955);
#10955 = CARTESIAN_POINT('',(8.,16.5,80.944271909999));
#10956 = VERTEX_POINT('',#10957);
#10957 = CARTESIAN_POINT('',(-8.,16.5,80.944271909999));
#10958 = SURFACE_CURVE('',#10959,(#10964,#10976),.PCURVE_S1.);
#10959 = CIRCLE('',#10960,12.);
#10960 = AXIS2_PLACEMENT_3D('',#10961,#10962,#10963);
#10961 = CARTESIAN_POINT('',(1.831867990632E-15,16.5,72.));
#10962 = DIRECTION('',(-0.,1.,0.));
#10963 = DIRECTION('',(0.666666666667,0.,0.7453559925));
#10964 = PCURVE('',#10965,#10970);
#10965 = CYLINDRICAL_SURFACE('',#10966,12.);
#10966 = AXIS2_PLACEMENT_3D('',#10967,#10968,#10969);
#10967 = CARTESIAN_POINT('',(1.831867990632E-15,16.5,72.));
#10968 = DIRECTION('',(-1.110223024625E-16,-1.,0.));
#10969 = DIRECTION('',(-1.,1.110223024625E-16,0.));
#10970 = DEFINITIONAL_REPRESENTATION('',(#10971),#10975);
#10971 = LINE('',#10972,#10973);
#10972 = CARTESIAN_POINT('',(-2.300523983022,0.));
#10973 = VECTOR('',#10974,1.);
#10974 = DIRECTION('',(-1.,0.));
#10975 = ( GEOMETRIC_REPRESENTATION_CONTEXT(2) 
PARAMETRIC_REPRESENTATION_CONTEXT() REPRESENTATION_CONTEXT('2D SPACE',''
  ) );
#10976 = PCURVE('',#10977,#10982);
#10977 = PLANE('',#10978);
#10978 = AXIS2_PLACEMENT_3D('',#10979,#10980,#10981);
#10979 = CARTESIAN_POINT('',(2.515588056901E-15,16.5,72.));
#10980 = DIRECTION('',(1.110223024625E-16,1.,0.));
#10981 = DIRECTION('',(0.,0.,1.));
#10982 = DEFINITIONAL_REPRESENTATION('',(#10983),#10987);
#10983 = CIRCLE('',#10984,12.);
#10984 = AXIS2_PLACEMENT_2D('',#10985,#10986);
#10985 = CARTESIAN_POINT('',(0.,-6.837200662697E-16));
#10986 = DIRECTION('',(0.7453559925,0.666666666667));
#10987 = ( GEOMETRIC_REPRESENTATION_CONTEXT(2) 
PARAMETRIC_REPRESENTATION_CONTEXT() REPRESENTATION_CONTEXT('2D SPACE',''
  ) );
#10988 = ORIENTED_EDGE('',*,*,#10989,.F.);
#10989 = EDGE_CURVE('',#10990,#10954,#10992,.T.);
#10990 = VERTEX_POINT('',#10991);
#10991 = CARTESIAN_POINT('',(8.,19.,80.944271909999));
#10992 = SURFACE_CURVE('',#10993,(#10997,#11004),.PCURVE_S1.);
#10993 = LINE('',#10994,#10995);
#10994 = CARTESIAN_POINT('',(8.,16.5,80.944271909999));
#10995 = VECTOR('',#10996,1.);
#10996 = DIRECTION('',(-1.110223024625E-16,-1.,0.));
#10997 = PCURVE('',#10965,#10998);
#10998 = DEFINITIONAL_REPRESENTATION('',(#10999),#11003);
#10999 = LINE('',#11000,#11001);
#11000 = CARTESIAN_POINT('',(-2.300523983022,-8.881784197001E-16));
#11001 = VECTOR('',#11002,1.);
#11002 = DIRECTION('',(-0.,1.));
#11003 = ( GEOMETRIC_REPRESENTATION_CONTEXT(2) 
PARAMETRIC_REPRESENTATION_CONTEXT() REPRESENTATION_CONTEXT('2D SPACE',''
  ) );
#11004 = PCURVE('',#11005,#11010);
#11005 = PLANE('',#11006);
#11006 = AXIS2_PLACEMENT_3D('',#11007,#11008,#11009);
#11007 = CARTESIAN_POINT('',(8.,16.5,80.));
#11008 = DIRECTION('',(1.,0.,0.));
#11009 = DIRECTION('',(0.,0.,1.));
#11010 = DEFINITIONAL_REPRESENTATION('',(#11011),#11015);
#11011 = LINE('',#11012,#11013);
#11012 = CARTESIAN_POINT('',(0.944271909999,0.));
#11013 = VECTOR('',#11014,1.);
#11014 = DIRECTION('',(0.,1.));
#11015 = ( GEOMETRIC_REPRESENTATION_CONTEXT(2) 
PARAMETRIC_REPRESENTATION_CONTEXT() REPRESENTATION_CONTEXT('2D SPACE',''
  ) );
#11016 = ORIENTED_EDGE('',*,*,#11017,.F.);
#11017 = EDGE_CURVE('',#11018,#10990,#11020,.T.);
#11018 = VERTEX_POINT('',#11019);
#11019 = CARTESIAN_POINT('',(-8.,19.,80.944271909999));
#11020 = SURFACE_CURVE('',#11021,(#11026,#11033),.PCURVE_S1.);
#11021 = CIRCLE('',#11022,12.);
#11022 = AXIS2_PLACEMENT_3D('',#11023,#11024,#11025);
#11023 = CARTESIAN_POINT('',(2.109423746788E-15,19.,72.));
#11024 = DIRECTION('',(-0.,-1.,0.));
#11025 = DIRECTION('',(-0.666666666667,0.,0.7453559925));
#11026 = PCURVE('',#10965,#11027);
#11027 = DEFINITIONAL_REPRESENTATION('',(#11028),#11032);
#11028 = LINE('',#11029,#11030);
#11029 = CARTESIAN_POINT('',(-7.124253977748,-2.5));
#11030 = VECTOR('',#11031,1.);
#11031 = DIRECTION('',(1.,-0.));
#11032 = ( GEOMETRIC_REPRESENTATION_CONTEXT(2) 
PARAMETRIC_REPRESENTATION_CONTEXT() REPRESENTATION_CONTEXT('2D SPACE',''
  ) );
#11033 = PCURVE('',#11034,#11039);
#11034 = PLANE('',#11035);
#11035 = AXIS2_PLACEMENT_3D('',#11036,#11037,#11038);
#11036 = CARTESIAN_POINT('',(2.793143813058E-15,19.,72.));
#11037 = DIRECTION('',(1.110223024625E-16,1.,0.));
#11038 = DIRECTION('',(0.,0.,1.));
#11039 = DEFINITIONAL_REPRESENTATION('',(#11040),#11048);
#11040 = ( BOUNDED_CURVE() B_SPLINE_CURVE(2,(#11041,#11042,#11043,#11044
    ,#11045,#11046,#11047),.UNSPECIFIED.,.T.,.F.) 
B_SPLINE_CURVE_WITH_KNOTS((1,2,2,2,2,1),(-2.094395102393,0.,
    2.094395102393,4.188790204786,6.28318530718,8.377580409573),
.UNSPECIFIED.) CURVE() GEOMETRIC_REPRESENTATION_ITEM() 
RATIONAL_B_SPLINE_CURVE((1.,0.5,1.,0.5,1.,0.5,1.)) REPRESENTATION_ITEM(
  '') );
#11041 = CARTESIAN_POINT('',(8.944271909999,-8.));
#11042 = CARTESIAN_POINT('',(-4.912134550552,-23.49193338483));
#11043 = CARTESIAN_POINT('',(-11.40033918527,-3.745966692415));
#11044 = CARTESIAN_POINT('',(-17.88854381999,16.));
#11045 = CARTESIAN_POINT('',(2.456067275276,11.745966692415));
#11046 = CARTESIAN_POINT('',(22.80067837055,7.49193338483));
#11047 = CARTESIAN_POINT('',(8.944271909999,-8.));
#11048 = ( GEOMETRIC_REPRESENTATION_CONTEXT(2) 
PARAMETRIC_REPRESENTATION_CONTEXT() REPRESENTATION_CONTEXT('2D SPACE',''
  ) );
#11049 = ORIENTED_EDGE('',*,*,#11050,.T.);
#11050 = EDGE_CURVE('',#11018,#10956,#11051,.T.);
#11051 = SURFACE_CURVE('',#11052,(#11056,#11063),.PCURVE_S1.);
#11052 = LINE('',#11053,#11054);
#11053 = CARTESIAN_POINT('',(-8.,16.5,80.944271909999));
#11054 = VECTOR('',#11055,1.);
#11055 = DIRECTION('',(-1.110223024625E-16,-1.,0.));
#11056 = PCURVE('',#10965,#11057);
#11057 = DEFINITIONAL_REPRESENTATION('',(#11058),#11062);
#11058 = LINE('',#11059,#11060);
#11059 = CARTESIAN_POINT('',(-7.124253977748,8.881784197001E-16));
#11060 = VECTOR('',#11061,1.);
#11061 = DIRECTION('',(-0.,1.));
#11062 = ( GEOMETRIC_REPRESENTATION_CONTEXT(2) 
PARAMETRIC_REPRESENTATION_CONTEXT() REPRESENTATION_CONTEXT('2D SPACE',''
  ) );
#11063 = PCURVE('',#11064,#11069);
#11064 = PLANE('',#11065);
#11065 = AXIS2_PLACEMENT_3D('',#11066,#11067,#11068);
#11066 = CARTESIAN_POINT('',(-8.,16.5,80.));
#11067 = DIRECTION('',(1.,0.,0.));
#11068 = DIRECTION('',(0.,0.,1.));
#11069 = DEFINITIONAL_REPRESENTATION('',(#11070),#11074);
#11070 = LINE('',#11071,#11072);
#11071 = CARTESIAN_POINT('',(0.944271909999,0.));
#11072 = VECTOR('',#11073,1.);
#11073 = DIRECTION('',(0.,1.));
#11074 = ( GEOMETRIC_REPRESENTATION_CONTEXT(2) 
PARAMETRIC_REPRESENTATION_CONTEXT() REPRESENTATION_CONTEXT('2D SPACE',''
  ) );
#11075 = ADVANCED_FACE('',(#11076,#11258,#11382,#11506,#11541,#11665),
  #10977,.F.);
#11076 = FACE_BOUND('',#11077,.F.);
#11077 = EDGE_LOOP('',(#11078,#11101,#11102,#11125,#11153,#11181,#11209,
    #11237));
#11078 = ORIENTED_EDGE('',*,*,#11079,.F.);
#11079 = EDGE_CURVE('',#10954,#11080,#11082,.T.);
#11080 = VERTEX_POINT('',#11081);
#11081 = CARTESIAN_POINT('',(8.,16.5,124.));
#11082 = SURFACE_CURVE('',#11083,(#11087,#11094),.PCURVE_S1.);
#11083 = LINE('',#11084,#11085);
#11084 = CARTESIAN_POINT('',(8.,16.5,80.));
#11085 = VECTOR('',#11086,1.);
#11086 = DIRECTION('',(0.,0.,1.));
#11087 = PCURVE('',#10977,#11088);
#11088 = DEFINITIONAL_REPRESENTATION('',(#11089),#11093);
#11089 = LINE('',#11090,#11091);
#11090 = CARTESIAN_POINT('',(8.,8.));
#11091 = VECTOR('',#11092,1.);
#11092 = DIRECTION('',(1.,0.));
#11093 = ( GEOMETRIC_REPRESENTATION_CONTEXT(2) 
PARAMETRIC_REPRESENTATION_CONTEXT() REPRESENTATION_CONTEXT('2D SPACE',''
  ) );
#11094 = PCURVE('',#11005,#11095);
#11095 = DEFINITIONAL_REPRESENTATION('',(#11096),#11100);
#11096 = LINE('',#11097,#11098);
#11097 = CARTESIAN_POINT('',(0.,0.));
#11098 = VECTOR('',#11099,1.);
#11099 = DIRECTION('',(1.,0.));
#11100 = ( GEOMETRIC_REPRESENTATION_CONTEXT(2) 
PARAMETRIC_REPRESENTATION_CONTEXT() REPRESENTATION_CONTEXT('2D SPACE',''
  ) );
#11101 = ORIENTED_EDGE('',*,*,#10953,.T.);
#11102 = ORIENTED_EDGE('',*,*,#11103,.T.);
#11103 = EDGE_CURVE('',#10956,#11104,#11106,.T.);
#11104 = VERTEX_POINT('',#11105);
#11105 = CARTESIAN_POINT('',(-8.,16.5,124.));
#11106 = SURFACE_CURVE('',#11107,(#11111,#11118),.PCURVE_S1.);
#11107 = LINE('',#11108,#11109);
#11108 = CARTESIAN_POINT('',(-8.,16.5,80.));
#11109 = VECTOR('',#11110,1.);
#11110 = DIRECTION('',(0.,0.,1.));
#11111 = PCURVE('',#10977,#11112);
#11112 = DEFINITIONAL_REPRESENTATION('',(#11113),#11117);
#11113 = LINE('',#11114,#11115);
#11114 = CARTESIAN_POINT('',(8.,-8.));
#11115 = VECTOR('',#11116,1.);
#11116 = DIRECTION('',(1.,0.));
#11117 = ( GEOMETRIC_REPRESENTATION_CONTEXT(2) 
PARAMETRIC_REPRESENTATION_CONTEXT() REPRESENTATION_CONTEXT('2D SPACE',''
  ) );
#11118 = PCURVE('',#11064,#11119);
#11119 = DEFINITIONAL_REPRESENTATION('',(#11120),#11124);
#11120 = LINE('',#11121,#11122);
#11121 = CARTESIAN_POINT('',(0.,0.));
#11122 = VECTOR('',#11123,1.);
#11123 = DIRECTION('',(1.,0.));
#11124 = ( GEOMETRIC_REPRESENTATION_CONTEXT(2) 
PARAMETRIC_REPRESENTATION_CONTEXT() REPRESENTATION_CONTEXT('2D SPACE',''
  ) );
#11125 = ORIENTED_EDGE('',*,*,#11126,.F.);
#11126 = EDGE_CURVE('',#11127,#11104,#11129,.T.);
#11127 = VERTEX_POINT('',#11128);
#11128 = CARTESIAN_POINT('',(-12.,16.5,124.));
#11129 = SURFACE_CURVE('',#11130,(#11134,#11141),.PCURVE_S1.);
#11130 = LINE('',#11131,#11132);
#11131 = CARTESIAN_POINT('',(-12.,16.5,124.));
#11132 = VECTOR('',#11133,1.);
#11133 = DIRECTION('',(1.,0.,0.));
#11134 = PCURVE('',#10977,#11135);
#11135 = DEFINITIONAL_REPRESENTATION('',(#11136),#11140);
#11136 = LINE('',#11137,#11138);
#11137 = CARTESIAN_POINT('',(52.,-12.));
#11138 = VECTOR('',#11139,1.);
#11139 = DIRECTION('',(0.,1.));
#11140 = ( GEOMETRIC_REPRESENTATION_CONTEXT(2) 
PARAMETRIC_REPRESENTATION_CONTEXT() REPRESENTATION_CONTEXT('2D SPACE',''
  ) );
#11141 = PCURVE('',#11142,#11147);
#11142 = PLANE('',#11143);
#11143 = AXIS2_PLACEMENT_3D('',#11144,#11145,#11146);
#11144 = CARTESIAN_POINT('',(-12.,16.5,124.));
#11145 = DIRECTION('',(0.,0.,1.));
#11146 = DIRECTION('',(1.,0.,0.));
#11147 = DEFINITIONAL_REPRESENTATION('',(#11148),#11152);
#11148 = LINE('',#11149,#11150);
#11149 = CARTESIAN_POINT('',(0.,0.));
#11150 = VECTOR('',#11151,1.);
#11151 = DIRECTION('',(1.,0.));
#11152 = ( GEOMETRIC_REPRESENTATION_CONTEXT(2) 
PARAMETRIC_REPRESENTATION_CONTEXT() REPRESENTATION_CONTEXT('2D SPACE',''
  ) );
#11153 = ORIENTED_EDGE('',*,*,#11154,.T.);
#11154 = EDGE_CURVE('',#11127,#11155,#11157,.T.);
#11155 = VERTEX_POINT('',#11156);
#11156 = CARTESIAN_POINT('',(-12.,16.5,132.));
#11157 = SURFACE_CURVE('',#11158,(#11162,#11169),.PCURVE_S1.);
#11158 = LINE('',#11159,#11160);
#11159 = CARTESIAN_POINT('',(-12.,16.5,124.));
#11160 = VECTOR('',#11161,1.);
#11161 = DIRECTION('',(0.,0.,1.));
#11162 = PCURVE('',#10977,#11163);
#11163 = DEFINITIONAL_REPRESENTATION('',(#11164),#11168);
#11164 = LINE('',#11165,#11166);
#11165 = CARTESIAN_POINT('',(52.,-12.));
#11166 = VECTOR('',#11167,1.);
#11167 = DIRECTION('',(1.,0.));
#11168 = ( GEOMETRIC_REPRESENTATION_CONTEXT(2) 
PARAMETRIC_REPRESENTATION_CONTEXT() REPRESENTATION_CONTEXT('2D SPACE',''
  ) );
#11169 = PCURVE('',#11170,#11175);
#11170 = PLANE('',#11171);
#11171 = AXIS2_PLACEMENT_3D('',#11172,#11173,#11174);
#11172 = CARTESIAN_POINT('',(-12.,16.5,124.));
#11173 = DIRECTION('',(1.,0.,0.));
#11174 = DIRECTION('',(0.,0.,1.));
#11175 = DEFINITIONAL_REPRESENTATION('',(#11176),#11180);
#11176 = LINE('',#11177,#11178);
#11177 = CARTESIAN_POINT('',(0.,0.));
#11178 = VECTOR('',#11179,1.);
#11179 = DIRECTION('',(1.,0.));
#11180 = ( GEOMETRIC_REPRESENTATION_CONTEXT(2) 
PARAMETRIC_REPRESENTATION_CONTEXT() REPRESENTATION_CONTEXT('2D SPACE',''
  ) );
#11181 = ORIENTED_EDGE('',*,*,#11182,.F.);
#11182 = EDGE_CURVE('',#11183,#11155,#11185,.T.);
#11183 = VERTEX_POINT('',#11184);
#11184 = CARTESIAN_POINT('',(12.,16.5,132.));
#11185 = SURFACE_CURVE('',#11186,(#11190,#11197),.PCURVE_S1.);
#11186 = LINE('',#11187,#11188);
#11187 = CARTESIAN_POINT('',(12.,16.5,132.));
#11188 = VECTOR('',#11189,1.);
#11189 = DIRECTION('',(-1.,0.,0.));
#11190 = PCURVE('',#10977,#11191);
#11191 = DEFINITIONAL_REPRESENTATION('',(#11192),#11196);
#11192 = LINE('',#11193,#11194);
#11193 = CARTESIAN_POINT('',(60.,12.));
#11194 = VECTOR('',#11195,1.);
#11195 = DIRECTION('',(0.,-1.));
#11196 = ( GEOMETRIC_REPRESENTATION_CONTEXT(2) 
PARAMETRIC_REPRESENTATION_CONTEXT() REPRESENTATION_CONTEXT('2D SPACE',''
  ) );
#11197 = PCURVE('',#11198,#11203);
#11198 = PLANE('',#11199);
#11199 = AXIS2_PLACEMENT_3D('',#11200,#11201,#11202);
#11200 = CARTESIAN_POINT('',(-8.,16.5,132.));
#11201 = DIRECTION('',(0.,0.,1.));
#11202 = DIRECTION('',(1.,0.,0.));
#11203 = DEFINITIONAL_REPRESENTATION('',(#11204),#11208);
#11204 = LINE('',#11205,#11206);
#11205 = CARTESIAN_POINT('',(20.,0.));
#11206 = VECTOR('',#11207,1.);
#11207 = DIRECTION('',(-1.,0.));
#11208 = ( GEOMETRIC_REPRESENTATION_CONTEXT(2) 
PARAMETRIC_REPRESENTATION_CONTEXT() REPRESENTATION_CONTEXT('2D SPACE',''
  ) );
#11209 = ORIENTED_EDGE('',*,*,#11210,.F.);
#11210 = EDGE_CURVE('',#11211,#11183,#11213,.T.);
#11211 = VERTEX_POINT('',#11212);
#11212 = CARTESIAN_POINT('',(12.,16.5,124.));
#11213 = SURFACE_CURVE('',#11214,(#11218,#11225),.PCURVE_S1.);
#11214 = LINE('',#11215,#11216);
#11215 = CARTESIAN_POINT('',(12.,16.5,124.));
#11216 = VECTOR('',#11217,1.);
#11217 = DIRECTION('',(0.,0.,1.));
#11218 = PCURVE('',#10977,#11219);
#11219 = DEFINITIONAL_REPRESENTATION('',(#11220),#11224);
#11220 = LINE('',#11221,#11222);
#11221 = CARTESIAN_POINT('',(52.,12.));
#11222 = VECTOR('',#11223,1.);
#11223 = DIRECTION('',(1.,0.));
#11224 = ( GEOMETRIC_REPRESENTATION_CONTEXT(2) 
PARAMETRIC_REPRESENTATION_CONTEXT() REPRESENTATION_CONTEXT('2D SPACE',''
  ) );
#11225 = PCURVE('',#11226,#11231);
#11226 = PLANE('',#11227);
#11227 = AXIS2_PLACEMENT_3D('',#11228,#11229,#11230);
#11228 = CARTESIAN_POINT('',(12.,16.5,124.));
#11229 = DIRECTION('',(1.,0.,0.));
#11230 = DIRECTION('',(0.,0.,1.));
#11231 = DEFINITIONAL_REPRESENTATION('',(#11232),#11236);
#11232 = LINE('',#11233,#11234);
#11233 = CARTESIAN_POINT('',(0.,0.));
#11234 = VECTOR('',#11235,1.);
#11235 = DIRECTION('',(1.,0.));
#11236 = ( GEOMETRIC_REPRESENTATION_CONTEXT(2) 
PARAMETRIC_REPRESENTATION_CONTEXT() REPRESENTATION_CONTEXT('2D SPACE',''
  ) );
#11237 = ORIENTED_EDGE('',*,*,#11238,.F.);
#11238 = EDGE_CURVE('',#11080,#11211,#11239,.T.);
#11239 = SURFACE_CURVE('',#11240,(#11244,#11251),.PCURVE_S1.);
#11240 = LINE('',#11241,#11242);
#11241 = CARTESIAN_POINT('',(-12.,16.5,124.));
#11242 = VECTOR('',#11243,1.);
#11243 = DIRECTION('',(1.,0.,0.));
#11244 = PCURVE('',#10977,#11245);
#11245 = DEFINITIONAL_REPRESENTATION('',(#11246),#11250);
#11246 = LINE('',#11247,#11248);
#11247 = CARTESIAN_POINT('',(52.,-12.));
#11248 = VECTOR('',#11249,1.);
#11249 = DIRECTION('',(0.,1.));
#11250 = ( GEOMETRIC_REPRESENTATION_CONTEXT(2) 
PARAMETRIC_REPRESENTATION_CONTEXT() REPRESENTATION_CONTEXT('2D SPACE',''
  ) );
#11251 = PCURVE('',#11142,#11252);
#11252 = DEFINITIONAL_REPRESENTATION('',(#11253),#11257);
#11253 = LINE('',#11254,#11255);
#11254 = CARTESIAN_POINT('',(0.,0.));
#11255 = VECTOR('',#11256,1.);
#11256 = DIRECTION('',(1.,0.));
#11257 = ( GEOMETRIC_REPRESENTATION_CONTEXT(2) 
PARAMETRIC_REPRESENTATION_CONTEXT() REPRESENTATION_CONTEXT('2D SPACE',''
  ) );
#11258 = FACE_BOUND('',#11259,.F.);
#11259 = EDGE_LOOP('',(#11260,#11290,#11323,#11351));
#11260 = ORIENTED_EDGE('',*,*,#11261,.F.);
#11261 = EDGE_CURVE('',#11262,#11264,#11266,.T.);
#11262 = VERTEX_POINT('',#11263);
#11263 = CARTESIAN_POINT('',(-8.9,16.5,73.1));
#11264 = VERTEX_POINT('',#11265);
#11265 = CARTESIAN_POINT('',(-6.1,16.5,73.1));
#11266 = SURFACE_CURVE('',#11267,(#11271,#11278),.PCURVE_S1.);
#11267 = LINE('',#11268,#11269);
#11268 = CARTESIAN_POINT('',(-3.05,16.5,73.1));
#11269 = VECTOR('',#11270,1.);
#11270 = DIRECTION('',(1.,-1.110223024625E-16,3.330669073875E-16));
#11271 = PCURVE('',#10977,#11272);
#11272 = DEFINITIONAL_REPRESENTATION('',(#11273),#11277);
#11273 = LINE('',#11274,#11275);
#11274 = CARTESIAN_POINT('',(1.1,-3.05));
#11275 = VECTOR('',#11276,1.);
#11276 = DIRECTION('',(3.330669073875E-16,1.));
#11277 = ( GEOMETRIC_REPRESENTATION_CONTEXT(2) 
PARAMETRIC_REPRESENTATION_CONTEXT() REPRESENTATION_CONTEXT('2D SPACE',''
  ) );
#11278 = PCURVE('',#11279,#11284);
#11279 = PLANE('',#11280);
#11280 = AXIS2_PLACEMENT_3D('',#11281,#11282,#11283);
#11281 = CARTESIAN_POINT('',(-6.1,15.5,73.1));
#11282 = DIRECTION('',(-3.330669073875E-16,3.697785493223E-32,1.));
#11283 = DIRECTION('',(-1.,1.110223024625E-16,-3.330669073875E-16));
#11284 = DEFINITIONAL_REPRESENTATION('',(#11285),#11289);
#11285 = LINE('',#11286,#11287);
#11286 = CARTESIAN_POINT('',(-3.05,-1.));
#11287 = VECTOR('',#11288,1.);
#11288 = DIRECTION('',(-1.,0.));
#11289 = ( GEOMETRIC_REPRESENTATION_CONTEXT(2) 
PARAMETRIC_REPRESENTATION_CONTEXT() REPRESENTATION_CONTEXT('2D SPACE',''
  ) );
#11290 = ORIENTED_EDGE('',*,*,#11291,.T.);
#11291 = EDGE_CURVE('',#11262,#11292,#11294,.T.);
#11292 = VERTEX_POINT('',#11293);
#11293 = CARTESIAN_POINT('',(-8.9,16.5,70.9));
#11294 = SURFACE_CURVE('',#11295,(#11300,#11311),.PCURVE_S1.);
#11295 = CIRCLE('',#11296,1.1);
#11296 = AXIS2_PLACEMENT_3D('',#11297,#11298,#11299);
#11297 = CARTESIAN_POINT('',(-8.9,16.5,72.));
#11298 = DIRECTION('',(-1.110223024625E-16,-1.,0.));
#11299 = DIRECTION('',(-3.330669073875E-16,3.697785493223E-32,1.));
#11300 = PCURVE('',#10977,#11301);
#11301 = DEFINITIONAL_REPRESENTATION('',(#11302),#11310);
#11302 = ( BOUNDED_CURVE() B_SPLINE_CURVE(2,(#11303,#11304,#11305,#11306
    ,#11307,#11308,#11309),.UNSPECIFIED.,.T.,.F.) 
B_SPLINE_CURVE_WITH_KNOTS((1,2,2,2,2,1),(-2.094395102393,0.,
    2.094395102393,4.188790204786,6.28318530718,8.377580409573),
.UNSPECIFIED.) CURVE() GEOMETRIC_REPRESENTATION_ITEM() 
RATIONAL_B_SPLINE_CURVE((1.,0.5,1.,0.5,1.,0.5,1.)) REPRESENTATION_ITEM(
  '') );
#11303 = CARTESIAN_POINT('',(1.1,-8.9));
#11304 = CARTESIAN_POINT('',(1.1,-10.80525588832));
#11305 = CARTESIAN_POINT('',(-0.55,-9.852627944163));
#11306 = CARTESIAN_POINT('',(-2.2,-8.9));
#11307 = CARTESIAN_POINT('',(-0.55,-7.947372055837));
#11308 = CARTESIAN_POINT('',(1.1,-6.994744111674));
#11309 = CARTESIAN_POINT('',(1.1,-8.9));
#11310 = ( GEOMETRIC_REPRESENTATION_CONTEXT(2) 
PARAMETRIC_REPRESENTATION_CONTEXT() REPRESENTATION_CONTEXT('2D SPACE',''
  ) );
#11311 = PCURVE('',#11312,#11317);
#11312 = CYLINDRICAL_SURFACE('',#11313,1.1);
#11313 = AXIS2_PLACEMENT_3D('',#11314,#11315,#11316);
#11314 = CARTESIAN_POINT('',(-8.9,15.5,72.));
#11315 = DIRECTION('',(-1.110223024625E-16,-1.,0.));
#11316 = DIRECTION('',(-3.330669073875E-16,3.697785493223E-32,1.));
#11317 = DEFINITIONAL_REPRESENTATION('',(#11318),#11322);
#11318 = LINE('',#11319,#11320);
#11319 = CARTESIAN_POINT('',(0.,-1.));
#11320 = VECTOR('',#11321,1.);
#11321 = DIRECTION('',(1.,0.));
#11322 = ( GEOMETRIC_REPRESENTATION_CONTEXT(2) 
PARAMETRIC_REPRESENTATION_CONTEXT() REPRESENTATION_CONTEXT('2D SPACE',''
  ) );
#11323 = ORIENTED_EDGE('',*,*,#11324,.F.);
#11324 = EDGE_CURVE('',#11325,#11292,#11327,.T.);
#11325 = VERTEX_POINT('',#11326);
#11326 = CARTESIAN_POINT('',(-6.1,16.5,70.9));
#11327 = SURFACE_CURVE('',#11328,(#11332,#11339),.PCURVE_S1.);
#11328 = LINE('',#11329,#11330);
#11329 = CARTESIAN_POINT('',(-4.45,16.5,70.9));
#11330 = VECTOR('',#11331,1.);
#11331 = DIRECTION('',(-1.,1.110223024625E-16,-3.330669073875E-16));
#11332 = PCURVE('',#10977,#11333);
#11333 = DEFINITIONAL_REPRESENTATION('',(#11334),#11338);
#11334 = LINE('',#11335,#11336);
#11335 = CARTESIAN_POINT('',(-1.1,-4.45));
#11336 = VECTOR('',#11337,1.);
#11337 = DIRECTION('',(-3.330669073875E-16,-1.));
#11338 = ( GEOMETRIC_REPRESENTATION_CONTEXT(2) 
PARAMETRIC_REPRESENTATION_CONTEXT() REPRESENTATION_CONTEXT('2D SPACE',''
  ) );
#11339 = PCURVE('',#11340,#11345);
#11340 = PLANE('',#11341);
#11341 = AXIS2_PLACEMENT_3D('',#11342,#11343,#11344);
#11342 = CARTESIAN_POINT('',(-8.9,15.5,70.9));
#11343 = DIRECTION('',(3.330669073875E-16,-3.697785493223E-32,-1.));
#11344 = DIRECTION('',(1.,-1.110223024625E-16,3.330669073875E-16));
#11345 = DEFINITIONAL_REPRESENTATION('',(#11346),#11350);
#11346 = LINE('',#11347,#11348);
#11347 = CARTESIAN_POINT('',(4.45,-1.));
#11348 = VECTOR('',#11349,1.);
#11349 = DIRECTION('',(-1.,0.));
#11350 = ( GEOMETRIC_REPRESENTATION_CONTEXT(2) 
PARAMETRIC_REPRESENTATION_CONTEXT() REPRESENTATION_CONTEXT('2D SPACE',''
  ) );
#11351 = ORIENTED_EDGE('',*,*,#11352,.T.);
#11352 = EDGE_CURVE('',#11325,#11264,#11353,.T.);
#11353 = SURFACE_CURVE('',#11354,(#11359,#11370),.PCURVE_S1.);
#11354 = CIRCLE('',#11355,1.1);
#11355 = AXIS2_PLACEMENT_3D('',#11356,#11357,#11358);
#11356 = CARTESIAN_POINT('',(-6.1,16.5,72.));
#11357 = DIRECTION('',(-1.110223024625E-16,-1.,0.));
#11358 = DIRECTION('',(3.330669073875E-16,-3.697785493223E-32,-1.));
#11359 = PCURVE('',#10977,#11360);
#11360 = DEFINITIONAL_REPRESENTATION('',(#11361),#11369);
#11361 = ( BOUNDED_CURVE() B_SPLINE_CURVE(2,(#11362,#11363,#11364,#11365
    ,#11366,#11367,#11368),.UNSPECIFIED.,.T.,.F.) 
B_SPLINE_CURVE_WITH_KNOTS((1,2,2,2,2,1),(-2.094395102393,0.,
    2.094395102393,4.188790204786,6.28318530718,8.377580409573),
.UNSPECIFIED.) CURVE() GEOMETRIC_REPRESENTATION_ITEM() 
RATIONAL_B_SPLINE_CURVE((1.,0.5,1.,0.5,1.,0.5,1.)) REPRESENTATION_ITEM(
  '') );
#11362 = CARTESIAN_POINT('',(-1.1,-6.1));
#11363 = CARTESIAN_POINT('',(-1.1,-4.194744111674));
#11364 = CARTESIAN_POINT('',(0.55,-5.147372055837));
#11365 = CARTESIAN_POINT('',(2.2,-6.1));
#11366 = CARTESIAN_POINT('',(0.55,-7.052627944163));
#11367 = CARTESIAN_POINT('',(-1.1,-8.005255888326));
#11368 = CARTESIAN_POINT('',(-1.1,-6.1));
#11369 = ( GEOMETRIC_REPRESENTATION_CONTEXT(2) 
PARAMETRIC_REPRESENTATION_CONTEXT() REPRESENTATION_CONTEXT('2D SPACE',''
  ) );
#11370 = PCURVE('',#11371,#11376);
#11371 = CYLINDRICAL_SURFACE('',#11372,1.1);
#11372 = AXIS2_PLACEMENT_3D('',#11373,#11374,#11375);
#11373 = CARTESIAN_POINT('',(-6.1,15.5,72.));
#11374 = DIRECTION('',(-1.110223024625E-16,-1.,0.));
#11375 = DIRECTION('',(3.330669073875E-16,-3.697785493223E-32,-1.));
#11376 = DEFINITIONAL_REPRESENTATION('',(#11377),#11381);
#11377 = LINE('',#11378,#11379);
#11378 = CARTESIAN_POINT('',(0.,-1.));
#11379 = VECTOR('',#11380,1.);
#11380 = DIRECTION('',(1.,0.));
#11381 = ( GEOMETRIC_REPRESENTATION_CONTEXT(2) 
PARAMETRIC_REPRESENTATION_CONTEXT() REPRESENTATION_CONTEXT('2D SPACE',''
  ) );
#11382 = FACE_BOUND('',#11383,.F.);
#11383 = EDGE_LOOP('',(#11384,#11414,#11447,#11475));
#11384 = ORIENTED_EDGE('',*,*,#11385,.F.);
#11385 = EDGE_CURVE('',#11386,#11388,#11390,.T.);
#11386 = VERTEX_POINT('',#11387);
#11387 = CARTESIAN_POINT('',(-1.1,16.5,63.1));
#11388 = VERTEX_POINT('',#11389);
#11389 = CARTESIAN_POINT('',(-1.1,16.5,65.9));
#11390 = SURFACE_CURVE('',#11391,(#11395,#11402),.PCURVE_S1.);
#11391 = LINE('',#11392,#11393);
#11392 = CARTESIAN_POINT('',(-1.1,16.5,68.95));
#11393 = VECTOR('',#11394,1.);
#11394 = DIRECTION('',(-2.334869823773E-16,2.592226237855E-32,1.));
#11395 = PCURVE('',#10977,#11396);
#11396 = DEFINITIONAL_REPRESENTATION('',(#11397),#11401);
#11397 = LINE('',#11398,#11399);
#11398 = CARTESIAN_POINT('',(-3.05,-1.1));
#11399 = VECTOR('',#11400,1.);
#11400 = DIRECTION('',(1.,-2.334869823773E-16));
#11401 = ( GEOMETRIC_REPRESENTATION_CONTEXT(2) 
PARAMETRIC_REPRESENTATION_CONTEXT() REPRESENTATION_CONTEXT('2D SPACE',''
  ) );
#11402 = PCURVE('',#11403,#11408);
#11403 = PLANE('',#11404);
#11404 = AXIS2_PLACEMENT_3D('',#11405,#11406,#11407);
#11405 = CARTESIAN_POINT('',(-1.1,15.5,65.9));
#11406 = DIRECTION('',(-1.,1.110223024625E-16,-2.334869823773E-16));
#11407 = DIRECTION('',(2.334869823773E-16,-2.592226237855E-32,-1.));
#11408 = DEFINITIONAL_REPRESENTATION('',(#11409),#11413);
#11409 = LINE('',#11410,#11411);
#11410 = CARTESIAN_POINT('',(-3.05,-1.));
#11411 = VECTOR('',#11412,1.);
#11412 = DIRECTION('',(-1.,0.));
#11413 = ( GEOMETRIC_REPRESENTATION_CONTEXT(2) 
PARAMETRIC_REPRESENTATION_CONTEXT() REPRESENTATION_CONTEXT('2D SPACE',''
  ) );
#11414 = ORIENTED_EDGE('',*,*,#11415,.T.);
#11415 = EDGE_CURVE('',#11386,#11416,#11418,.T.);
#11416 = VERTEX_POINT('',#11417);
#11417 = CARTESIAN_POINT('',(1.1,16.5,63.1));
#11418 = SURFACE_CURVE('',#11419,(#11424,#11435),.PCURVE_S1.);
#11419 = CIRCLE('',#11420,1.1);
#11420 = AXIS2_PLACEMENT_3D('',#11421,#11422,#11423);
#11421 = CARTESIAN_POINT('',(3.07723486532E-15,16.5,63.1));
#11422 = DIRECTION('',(-1.110223024625E-16,-1.,0.));
#11423 = DIRECTION('',(-1.,1.110223024625E-16,-2.334869823773E-16));
#11424 = PCURVE('',#10977,#11425);
#11425 = DEFINITIONAL_REPRESENTATION('',(#11426),#11434);
#11426 = ( BOUNDED_CURVE() B_SPLINE_CURVE(2,(#11427,#11428,#11429,#11430
    ,#11431,#11432,#11433),.UNSPECIFIED.,.T.,.F.) 
B_SPLINE_CURVE_WITH_KNOTS((1,2,2,2,2,1),(-2.094395102393,0.,
    2.094395102393,4.188790204786,6.28318530718,8.377580409573),
.UNSPECIFIED.) CURVE() GEOMETRIC_REPRESENTATION_ITEM() 
RATIONAL_B_SPLINE_CURVE((1.,0.5,1.,0.5,1.,0.5,1.)) REPRESENTATION_ITEM(
  '') );
#11427 = CARTESIAN_POINT('',(-8.9,-1.1));
#11428 = CARTESIAN_POINT('',(-10.80525588832,-1.1));
#11429 = CARTESIAN_POINT('',(-9.852627944163,0.55));
#11430 = CARTESIAN_POINT('',(-8.9,2.2));
#11431 = CARTESIAN_POINT('',(-7.947372055837,0.55));
#11432 = CARTESIAN_POINT('',(-6.994744111674,-1.1));
#11433 = CARTESIAN_POINT('',(-8.9,-1.1));
#11434 = ( GEOMETRIC_REPRESENTATION_CONTEXT(2) 
PARAMETRIC_REPRESENTATION_CONTEXT() REPRESENTATION_CONTEXT('2D SPACE',''
  ) );
#11435 = PCURVE('',#11436,#11441);
#11436 = CYLINDRICAL_SURFACE('',#11437,1.1);
#11437 = AXIS2_PLACEMENT_3D('',#11438,#11439,#11440);
#11438 = CARTESIAN_POINT('',(2.966212562858E-15,15.5,63.1));
#11439 = DIRECTION('',(-1.110223024625E-16,-1.,0.));
#11440 = DIRECTION('',(-1.,1.110223024625E-16,-2.334869823773E-16));
#11441 = DEFINITIONAL_REPRESENTATION('',(#11442),#11446);
#11442 = LINE('',#11443,#11444);
#11443 = CARTESIAN_POINT('',(0.,-1.));
#11444 = VECTOR('',#11445,1.);
#11445 = DIRECTION('',(1.,0.));
#11446 = ( GEOMETRIC_REPRESENTATION_CONTEXT(2) 
PARAMETRIC_REPRESENTATION_CONTEXT() REPRESENTATION_CONTEXT('2D SPACE',''
  ) );
#11447 = ORIENTED_EDGE('',*,*,#11448,.F.);
#11448 = EDGE_CURVE('',#11449,#11416,#11451,.T.);
#11449 = VERTEX_POINT('',#11450);
#11450 = CARTESIAN_POINT('',(1.1,16.5,65.9));
#11451 = SURFACE_CURVE('',#11452,(#11456,#11463),.PCURVE_S1.);
#11452 = LINE('',#11453,#11454);
#11453 = CARTESIAN_POINT('',(1.1,16.5,67.55));
#11454 = VECTOR('',#11455,1.);
#11455 = DIRECTION('',(2.334869823773E-16,-2.592226237855E-32,-1.));
#11456 = PCURVE('',#10977,#11457);
#11457 = DEFINITIONAL_REPRESENTATION('',(#11458),#11462);
#11458 = LINE('',#11459,#11460);
#11459 = CARTESIAN_POINT('',(-4.45,1.1));
#11460 = VECTOR('',#11461,1.);
#11461 = DIRECTION('',(-1.,2.334869823773E-16));
#11462 = ( GEOMETRIC_REPRESENTATION_CONTEXT(2) 
PARAMETRIC_REPRESENTATION_CONTEXT() REPRESENTATION_CONTEXT('2D SPACE',''
  ) );
#11463 = PCURVE('',#11464,#11469);
#11464 = PLANE('',#11465);
#11465 = AXIS2_PLACEMENT_3D('',#11466,#11467,#11468);
#11466 = CARTESIAN_POINT('',(1.1,15.5,63.1));
#11467 = DIRECTION('',(1.,-1.110223024625E-16,2.334869823773E-16));
#11468 = DIRECTION('',(-2.334869823773E-16,2.592226237855E-32,1.));
#11469 = DEFINITIONAL_REPRESENTATION('',(#11470),#11474);
#11470 = LINE('',#11471,#11472);
#11471 = CARTESIAN_POINT('',(4.45,-1.));
#11472 = VECTOR('',#11473,1.);
#11473 = DIRECTION('',(-1.,0.));
#11474 = ( GEOMETRIC_REPRESENTATION_CONTEXT(2) 
PARAMETRIC_REPRESENTATION_CONTEXT() REPRESENTATION_CONTEXT('2D SPACE',''
  ) );
#11475 = ORIENTED_EDGE('',*,*,#11476,.T.);
#11476 = EDGE_CURVE('',#11449,#11388,#11477,.T.);
#11477 = SURFACE_CURVE('',#11478,(#11483,#11494),.PCURVE_S1.);
#11478 = CIRCLE('',#11479,1.1);
#11479 = AXIS2_PLACEMENT_3D('',#11480,#11481,#11482);
#11480 = CARTESIAN_POINT('',(2.423471314664E-15,16.5,65.9));
#11481 = DIRECTION('',(-1.110223024625E-16,-1.,0.));
#11482 = DIRECTION('',(1.,-1.110223024625E-16,2.334869823773E-16));
#11483 = PCURVE('',#10977,#11484);
#11484 = DEFINITIONAL_REPRESENTATION('',(#11485),#11493);
#11485 = ( BOUNDED_CURVE() B_SPLINE_CURVE(2,(#11486,#11487,#11488,#11489
    ,#11490,#11491,#11492),.UNSPECIFIED.,.T.,.F.) 
B_SPLINE_CURVE_WITH_KNOTS((1,2,2,2,2,1),(-2.094395102393,0.,
    2.094395102393,4.188790204786,6.28318530718,8.377580409573),
.UNSPECIFIED.) CURVE() GEOMETRIC_REPRESENTATION_ITEM() 
RATIONAL_B_SPLINE_CURVE((1.,0.5,1.,0.5,1.,0.5,1.)) REPRESENTATION_ITEM(
  '') );
#11486 = CARTESIAN_POINT('',(-6.1,1.1));
#11487 = CARTESIAN_POINT('',(-4.194744111674,1.1));
#11488 = CARTESIAN_POINT('',(-5.147372055837,-0.55));
#11489 = CARTESIAN_POINT('',(-6.1,-2.2));
#11490 = CARTESIAN_POINT('',(-7.052627944163,-0.55));
#11491 = CARTESIAN_POINT('',(-8.005255888326,1.1));
#11492 = CARTESIAN_POINT('',(-6.1,1.1));
#11493 = ( GEOMETRIC_REPRESENTATION_CONTEXT(2) 
PARAMETRIC_REPRESENTATION_CONTEXT() REPRESENTATION_CONTEXT('2D SPACE',''
  ) );
#11494 = PCURVE('',#11495,#11500);
#11495 = CYLINDRICAL_SURFACE('',#11496,1.1);
#11496 = AXIS2_PLACEMENT_3D('',#11497,#11498,#11499);
#11497 = CARTESIAN_POINT('',(2.312449012201E-15,15.5,65.9));
#11498 = DIRECTION('',(-1.110223024625E-16,-1.,0.));
#11499 = DIRECTION('',(1.,-1.110223024625E-16,2.334869823773E-16));
#11500 = DEFINITIONAL_REPRESENTATION('',(#11501),#11505);
#11501 = LINE('',#11502,#11503);
#11502 = CARTESIAN_POINT('',(0.,-1.));
#11503 = VECTOR('',#11504,1.);
#11504 = DIRECTION('',(1.,0.));
#11505 = ( GEOMETRIC_REPRESENTATION_CONTEXT(2) 
PARAMETRIC_REPRESENTATION_CONTEXT() REPRESENTATION_CONTEXT('2D SPACE',''
  ) );
#11506 = FACE_BOUND('',#11507,.F.);
#11507 = EDGE_LOOP('',(#11508));
#11508 = ORIENTED_EDGE('',*,*,#11509,.T.);
#11509 = EDGE_CURVE('',#11510,#11510,#11512,.T.);
#11510 = VERTEX_POINT('',#11511);
#11511 = CARTESIAN_POINT('',(-3.4,16.5,72.));
#11512 = SURFACE_CURVE('',#11513,(#11518,#11529),.PCURVE_S1.);
#11513 = CIRCLE('',#11514,3.4);
#11514 = AXIS2_PLACEMENT_3D('',#11515,#11516,#11517);
#11515 = CARTESIAN_POINT('',(1.831867990632E-15,16.5,72.));
#11516 = DIRECTION('',(-1.110223024625E-16,-1.,-0.));
#11517 = DIRECTION('',(-1.,1.110223024625E-16,0.));
#11518 = PCURVE('',#10977,#11519);
#11519 = DEFINITIONAL_REPRESENTATION('',(#11520),#11528);
#11520 = ( BOUNDED_CURVE() B_SPLINE_CURVE(2,(#11521,#11522,#11523,#11524
    ,#11525,#11526,#11527),.UNSPECIFIED.,.T.,.F.) 
B_SPLINE_CURVE_WITH_KNOTS((1,2,2,2,2,1),(-2.094395102393,0.,
    2.094395102393,4.188790204786,6.28318530718,8.377580409573),
.UNSPECIFIED.) CURVE() GEOMETRIC_REPRESENTATION_ITEM() 
RATIONAL_B_SPLINE_CURVE((1.,0.5,1.,0.5,1.,0.5,1.)) REPRESENTATION_ITEM(
  '') );
#11521 = CARTESIAN_POINT('',(0.,-3.4));
#11522 = CARTESIAN_POINT('',(-5.888972745734,-3.4));
#11523 = CARTESIAN_POINT('',(-2.944486372867,1.7));
#11524 = CARTESIAN_POINT('',(-8.327598234202E-16,6.8));
#11525 = CARTESIAN_POINT('',(2.944486372867,1.7));
#11526 = CARTESIAN_POINT('',(5.888972745734,-3.4));
#11527 = CARTESIAN_POINT('',(0.,-3.4));
#11528 = ( GEOMETRIC_REPRESENTATION_CONTEXT(2) 
PARAMETRIC_REPRESENTATION_CONTEXT() REPRESENTATION_CONTEXT('2D SPACE',''
  ) );
#11529 = PCURVE('',#11530,#11535);
#11530 = CYLINDRICAL_SURFACE('',#11531,3.4);
#11531 = AXIS2_PLACEMENT_3D('',#11532,#11533,#11534);
#11532 = CARTESIAN_POINT('',(1.720845688169E-15,15.5,72.));
#11533 = DIRECTION('',(-1.110223024625E-16,-1.,-0.));
#11534 = DIRECTION('',(-1.,1.110223024625E-16,0.));
#11535 = DEFINITIONAL_REPRESENTATION('',(#11536),#11540);
#11536 = LINE('',#11537,#11538);
#11537 = CARTESIAN_POINT('',(-6.28318530718,-1.));
#11538 = VECTOR('',#11539,1.);
#11539 = DIRECTION('',(1.,-0.));
#11540 = ( GEOMETRIC_REPRESENTATION_CONTEXT(2) 
PARAMETRIC_REPRESENTATION_CONTEXT() REPRESENTATION_CONTEXT('2D SPACE',''
  ) );
#11541 = FACE_BOUND('',#11542,.F.);
#11542 = EDGE_LOOP('',(#11543,#11573,#11606,#11634));
#11543 = ORIENTED_EDGE('',*,*,#11544,.F.);
#11544 = EDGE_CURVE('',#11545,#11547,#11549,.T.);
#11545 = VERTEX_POINT('',#11546);
#11546 = CARTESIAN_POINT('',(1.1,16.5,80.9));
#11547 = VERTEX_POINT('',#11548);
#11548 = CARTESIAN_POINT('',(1.1,16.5,78.1));
#11549 = SURFACE_CURVE('',#11550,(#11554,#11561),.PCURVE_S1.);
#11550 = LINE('',#11551,#11552);
#11551 = CARTESIAN_POINT('',(1.1,16.5,75.05));
#11552 = VECTOR('',#11553,1.);
#11553 = DIRECTION('',(1.110223024625E-16,-1.232595164408E-32,-1.));
#11554 = PCURVE('',#10977,#11555);
#11555 = DEFINITIONAL_REPRESENTATION('',(#11556),#11560);
#11556 = LINE('',#11557,#11558);
#11557 = CARTESIAN_POINT('',(3.05,1.1));
#11558 = VECTOR('',#11559,1.);
#11559 = DIRECTION('',(-1.,1.110223024625E-16));
#11560 = ( GEOMETRIC_REPRESENTATION_CONTEXT(2) 
PARAMETRIC_REPRESENTATION_CONTEXT() REPRESENTATION_CONTEXT('2D SPACE',''
  ) );
#11561 = PCURVE('',#11562,#11567);
#11562 = PLANE('',#11563);
#11563 = AXIS2_PLACEMENT_3D('',#11564,#11565,#11566);
#11564 = CARTESIAN_POINT('',(1.1,15.5,78.1));
#11565 = DIRECTION('',(1.,-1.110223024625E-16,1.110223024625E-16));
#11566 = DIRECTION('',(-1.110223024625E-16,1.232595164408E-32,1.));
#11567 = DEFINITIONAL_REPRESENTATION('',(#11568),#11572);
#11568 = LINE('',#11569,#11570);
#11569 = CARTESIAN_POINT('',(-3.05,-1.));
#11570 = VECTOR('',#11571,1.);
#11571 = DIRECTION('',(-1.,0.));
#11572 = ( GEOMETRIC_REPRESENTATION_CONTEXT(2) 
PARAMETRIC_REPRESENTATION_CONTEXT() REPRESENTATION_CONTEXT('2D SPACE',''
  ) );
#11573 = ORIENTED_EDGE('',*,*,#11574,.T.);
#11574 = EDGE_CURVE('',#11545,#11575,#11577,.T.);
#11575 = VERTEX_POINT('',#11576);
#11576 = CARTESIAN_POINT('',(-1.1,16.5,80.9));
#11577 = SURFACE_CURVE('',#11578,(#11583,#11594),.PCURVE_S1.);
#11578 = CIRCLE('',#11579,1.1);
#11579 = AXIS2_PLACEMENT_3D('',#11580,#11581,#11582);
#11580 = CARTESIAN_POINT('',(1.676436767184E-15,16.5,80.9));
#11581 = DIRECTION('',(-1.110223024625E-16,-1.,0.));
#11582 = DIRECTION('',(1.,-1.110223024625E-16,1.110223024625E-16));
#11583 = PCURVE('',#10977,#11584);
#11584 = DEFINITIONAL_REPRESENTATION('',(#11585),#11593);
#11585 = ( BOUNDED_CURVE() B_SPLINE_CURVE(2,(#11586,#11587,#11588,#11589
    ,#11590,#11591,#11592),.UNSPECIFIED.,.T.,.F.) 
B_SPLINE_CURVE_WITH_KNOTS((1,2,2,2,2,1),(-2.094395102393,0.,
    2.094395102393,4.188790204786,6.28318530718,8.377580409573),
.UNSPECIFIED.) CURVE() GEOMETRIC_REPRESENTATION_ITEM() 
RATIONAL_B_SPLINE_CURVE((1.,0.5,1.,0.5,1.,0.5,1.)) REPRESENTATION_ITEM(
  '') );
#11586 = CARTESIAN_POINT('',(8.9,1.1));
#11587 = CARTESIAN_POINT('',(10.805255888326,1.1));
#11588 = CARTESIAN_POINT('',(9.852627944163,-0.55));
#11589 = CARTESIAN_POINT('',(8.9,-2.2));
#11590 = CARTESIAN_POINT('',(7.947372055837,-0.55));
#11591 = CARTESIAN_POINT('',(6.994744111674,1.1));
#11592 = CARTESIAN_POINT('',(8.9,1.1));
#11593 = ( GEOMETRIC_REPRESENTATION_CONTEXT(2) 
PARAMETRIC_REPRESENTATION_CONTEXT() REPRESENTATION_CONTEXT('2D SPACE',''
  ) );
#11594 = PCURVE('',#11595,#11600);
#11595 = CYLINDRICAL_SURFACE('',#11596,1.1);
#11596 = AXIS2_PLACEMENT_3D('',#11597,#11598,#11599);
#11597 = CARTESIAN_POINT('',(1.565414464721E-15,15.5,80.9));
#11598 = DIRECTION('',(-1.110223024625E-16,-1.,0.));
#11599 = DIRECTION('',(1.,-1.110223024625E-16,1.110223024625E-16));
#11600 = DEFINITIONAL_REPRESENTATION('',(#11601),#11605);
#11601 = LINE('',#11602,#11603);
#11602 = CARTESIAN_POINT('',(0.,-1.));
#11603 = VECTOR('',#11604,1.);
#11604 = DIRECTION('',(1.,0.));
#11605 = ( GEOMETRIC_REPRESENTATION_CONTEXT(2) 
PARAMETRIC_REPRESENTATION_CONTEXT() REPRESENTATION_CONTEXT('2D SPACE',''
  ) );
#11606 = ORIENTED_EDGE('',*,*,#11607,.F.);
#11607 = EDGE_CURVE('',#11608,#11575,#11610,.T.);
#11608 = VERTEX_POINT('',#11609);
#11609 = CARTESIAN_POINT('',(-1.1,16.5,78.1));
#11610 = SURFACE_CURVE('',#11611,(#11615,#11622),.PCURVE_S1.);
#11611 = LINE('',#11612,#11613);
#11612 = CARTESIAN_POINT('',(-1.1,16.5,76.45));
#11613 = VECTOR('',#11614,1.);
#11614 = DIRECTION('',(-1.110223024625E-16,1.232595164408E-32,1.));
#11615 = PCURVE('',#10977,#11616);
#11616 = DEFINITIONAL_REPRESENTATION('',(#11617),#11621);
#11617 = LINE('',#11618,#11619);
#11618 = CARTESIAN_POINT('',(4.45,-1.1));
#11619 = VECTOR('',#11620,1.);
#11620 = DIRECTION('',(1.,-1.110223024625E-16));
#11621 = ( GEOMETRIC_REPRESENTATION_CONTEXT(2) 
PARAMETRIC_REPRESENTATION_CONTEXT() REPRESENTATION_CONTEXT('2D SPACE',''
  ) );
#11622 = PCURVE('',#11623,#11628);
#11623 = PLANE('',#11624);
#11624 = AXIS2_PLACEMENT_3D('',#11625,#11626,#11627);
#11625 = CARTESIAN_POINT('',(-1.1,15.5,80.9));
#11626 = DIRECTION('',(-1.,1.110223024625E-16,-1.110223024625E-16));
#11627 = DIRECTION('',(1.110223024625E-16,-1.232595164408E-32,-1.));
#11628 = DEFINITIONAL_REPRESENTATION('',(#11629),#11633);
#11629 = LINE('',#11630,#11631);
#11630 = CARTESIAN_POINT('',(4.45,-1.));
#11631 = VECTOR('',#11632,1.);
#11632 = DIRECTION('',(-1.,0.));
#11633 = ( GEOMETRIC_REPRESENTATION_CONTEXT(2) 
PARAMETRIC_REPRESENTATION_CONTEXT() REPRESENTATION_CONTEXT('2D SPACE',''
  ) );
#11634 = ORIENTED_EDGE('',*,*,#11635,.T.);
#11635 = EDGE_CURVE('',#11608,#11547,#11636,.T.);
#11636 = SURFACE_CURVE('',#11637,(#11642,#11653),.PCURVE_S1.);
#11637 = CIRCLE('',#11638,1.1);
#11638 = AXIS2_PLACEMENT_3D('',#11639,#11640,#11641);
#11639 = CARTESIAN_POINT('',(1.987299214079E-15,16.5,78.1));
#11640 = DIRECTION('',(-1.110223024625E-16,-1.,0.));
#11641 = DIRECTION('',(-1.,1.110223024625E-16,-1.110223024625E-16));
#11642 = PCURVE('',#10977,#11643);
#11643 = DEFINITIONAL_REPRESENTATION('',(#11644),#11652);
#11644 = ( BOUNDED_CURVE() B_SPLINE_CURVE(2,(#11645,#11646,#11647,#11648
    ,#11649,#11650,#11651),.UNSPECIFIED.,.T.,.F.) 
B_SPLINE_CURVE_WITH_KNOTS((1,2,2,2,2,1),(-2.094395102393,0.,
    2.094395102393,4.188790204786,6.28318530718,8.377580409573),
.UNSPECIFIED.) CURVE() GEOMETRIC_REPRESENTATION_ITEM() 
RATIONAL_B_SPLINE_CURVE((1.,0.5,1.,0.5,1.,0.5,1.)) REPRESENTATION_ITEM(
  '') );
#11645 = CARTESIAN_POINT('',(6.1,-1.1));
#11646 = CARTESIAN_POINT('',(4.194744111674,-1.1));
#11647 = CARTESIAN_POINT('',(5.147372055837,0.55));
#11648 = CARTESIAN_POINT('',(6.1,2.2));
#11649 = CARTESIAN_POINT('',(7.052627944163,0.55));
#11650 = CARTESIAN_POINT('',(8.005255888326,-1.1));
#11651 = CARTESIAN_POINT('',(6.1,-1.1));
#11652 = ( GEOMETRIC_REPRESENTATION_CONTEXT(2) 
PARAMETRIC_REPRESENTATION_CONTEXT() REPRESENTATION_CONTEXT('2D SPACE',''
  ) );
#11653 = PCURVE('',#11654,#11659);
#11654 = CYLINDRICAL_SURFACE('',#11655,1.1);
#11655 = AXIS2_PLACEMENT_3D('',#11656,#11657,#11658);
#11656 = CARTESIAN_POINT('',(1.876276911617E-15,15.5,78.1));
#11657 = DIRECTION('',(-1.110223024625E-16,-1.,0.));
#11658 = DIRECTION('',(-1.,1.110223024625E-16,-1.110223024625E-16));
#11659 = DEFINITIONAL_REPRESENTATION('',(#11660),#11664);
#11660 = LINE('',#11661,#11662);
#11661 = CARTESIAN_POINT('',(0.,-1.));
#11662 = VECTOR('',#11663,1.);
#11663 = DIRECTION('',(1.,0.));
#11664 = ( GEOMETRIC_REPRESENTATION_CONTEXT(2) 
PARAMETRIC_REPRESENTATION_CONTEXT() REPRESENTATION_CONTEXT('2D SPACE',''
  ) );
#11665 = FACE_BOUND('',#11666,.F.);
#11666 = EDGE_LOOP('',(#11667,#11697,#11730,#11758));
#11667 = ORIENTED_EDGE('',*,*,#11668,.F.);
#11668 = EDGE_CURVE('',#11669,#11671,#11673,.T.);
#11669 = VERTEX_POINT('',#11670);
#11670 = CARTESIAN_POINT('',(8.9,16.5,70.9));
#11671 = VERTEX_POINT('',#11672);
#11672 = CARTESIAN_POINT('',(6.1,16.5,70.9));
#11673 = SURFACE_CURVE('',#11674,(#11678,#11685),.PCURVE_S1.);
#11674 = LINE('',#11675,#11676);
#11675 = CARTESIAN_POINT('',(3.05,16.5,70.9));
#11676 = VECTOR('',#11677,1.);
#11677 = DIRECTION('',(-1.,1.110223024625E-16,-2.22044604925E-16));
#11678 = PCURVE('',#10977,#11679);
#11679 = DEFINITIONAL_REPRESENTATION('',(#11680),#11684);
#11680 = LINE('',#11681,#11682);
#11681 = CARTESIAN_POINT('',(-1.1,3.05));
#11682 = VECTOR('',#11683,1.);
#11683 = DIRECTION('',(-2.22044604925E-16,-1.));
#11684 = ( GEOMETRIC_REPRESENTATION_CONTEXT(2) 
PARAMETRIC_REPRESENTATION_CONTEXT() REPRESENTATION_CONTEXT('2D SPACE',''
  ) );
#11685 = PCURVE('',#11686,#11691);
#11686 = PLANE('',#11687);
#11687 = AXIS2_PLACEMENT_3D('',#11688,#11689,#11690);
#11688 = CARTESIAN_POINT('',(6.1,15.5,70.9));
#11689 = DIRECTION('',(2.22044604925E-16,-2.465190328816E-32,-1.));
#11690 = DIRECTION('',(1.,-1.110223024625E-16,2.22044604925E-16));
#11691 = DEFINITIONAL_REPRESENTATION('',(#11692),#11696);
#11692 = LINE('',#11693,#11694);
#11693 = CARTESIAN_POINT('',(-3.05,-1.));
#11694 = VECTOR('',#11695,1.);
#11695 = DIRECTION('',(-1.,0.));
#11696 = ( GEOMETRIC_REPRESENTATION_CONTEXT(2) 
PARAMETRIC_REPRESENTATION_CONTEXT() REPRESENTATION_CONTEXT('2D SPACE',''
  ) );
#11697 = ORIENTED_EDGE('',*,*,#11698,.T.);
#11698 = EDGE_CURVE('',#11669,#11699,#11701,.T.);
#11699 = VERTEX_POINT('',#11700);
#11700 = CARTESIAN_POINT('',(8.9,16.5,73.1));
#11701 = SURFACE_CURVE('',#11702,(#11707,#11718),.PCURVE_S1.);
#11702 = CIRCLE('',#11703,1.1);
#11703 = AXIS2_PLACEMENT_3D('',#11704,#11705,#11706);
#11704 = CARTESIAN_POINT('',(8.9,16.5,72.));
#11705 = DIRECTION('',(-1.110223024625E-16,-1.,0.));
#11706 = DIRECTION('',(2.22044604925E-16,-2.465190328816E-32,-1.));
#11707 = PCURVE('',#10977,#11708);
#11708 = DEFINITIONAL_REPRESENTATION('',(#11709),#11717);
#11709 = ( BOUNDED_CURVE() B_SPLINE_CURVE(2,(#11710,#11711,#11712,#11713
    ,#11714,#11715,#11716),.UNSPECIFIED.,.T.,.F.) 
B_SPLINE_CURVE_WITH_KNOTS((1,2,2,2,2,1),(-2.094395102393,0.,
    2.094395102393,4.188790204786,6.28318530718,8.377580409573),
.UNSPECIFIED.) CURVE() GEOMETRIC_REPRESENTATION_ITEM() 
RATIONAL_B_SPLINE_CURVE((1.,0.5,1.,0.5,1.,0.5,1.)) REPRESENTATION_ITEM(
  '') );
#11710 = CARTESIAN_POINT('',(-1.1,8.9));
#11711 = CARTESIAN_POINT('',(-1.1,10.805255888326));
#11712 = CARTESIAN_POINT('',(0.55,9.852627944163));
#11713 = CARTESIAN_POINT('',(2.2,8.9));
#11714 = CARTESIAN_POINT('',(0.55,7.947372055837));
#11715 = CARTESIAN_POINT('',(-1.1,6.994744111674));
#11716 = CARTESIAN_POINT('',(-1.1,8.9));
#11717 = ( GEOMETRIC_REPRESENTATION_CONTEXT(2) 
PARAMETRIC_REPRESENTATION_CONTEXT() REPRESENTATION_CONTEXT('2D SPACE',''
  ) );
#11718 = PCURVE('',#11719,#11724);
#11719 = CYLINDRICAL_SURFACE('',#11720,1.1);
#11720 = AXIS2_PLACEMENT_3D('',#11721,#11722,#11723);
#11721 = CARTESIAN_POINT('',(8.9,15.5,72.));
#11722 = DIRECTION('',(-1.110223024625E-16,-1.,0.));
#11723 = DIRECTION('',(2.22044604925E-16,-2.465190328816E-32,-1.));
#11724 = DEFINITIONAL_REPRESENTATION('',(#11725),#11729);
#11725 = LINE('',#11726,#11727);
#11726 = CARTESIAN_POINT('',(0.,-1.));
#11727 = VECTOR('',#11728,1.);
#11728 = DIRECTION('',(1.,0.));
#11729 = ( GEOMETRIC_REPRESENTATION_CONTEXT(2) 
PARAMETRIC_REPRESENTATION_CONTEXT() REPRESENTATION_CONTEXT('2D SPACE',''
  ) );
#11730 = ORIENTED_EDGE('',*,*,#11731,.F.);
#11731 = EDGE_CURVE('',#11732,#11699,#11734,.T.);
#11732 = VERTEX_POINT('',#11733);
#11733 = CARTESIAN_POINT('',(6.1,16.5,73.1));
#11734 = SURFACE_CURVE('',#11735,(#11739,#11746),.PCURVE_S1.);
#11735 = LINE('',#11736,#11737);
#11736 = CARTESIAN_POINT('',(4.45,16.5,73.1));
#11737 = VECTOR('',#11738,1.);
#11738 = DIRECTION('',(1.,-1.110223024625E-16,2.22044604925E-16));
#11739 = PCURVE('',#10977,#11740);
#11740 = DEFINITIONAL_REPRESENTATION('',(#11741),#11745);
#11741 = LINE('',#11742,#11743);
#11742 = CARTESIAN_POINT('',(1.1,4.45));
#11743 = VECTOR('',#11744,1.);
#11744 = DIRECTION('',(2.22044604925E-16,1.));
#11745 = ( GEOMETRIC_REPRESENTATION_CONTEXT(2) 
PARAMETRIC_REPRESENTATION_CONTEXT() REPRESENTATION_CONTEXT('2D SPACE',''
  ) );
#11746 = PCURVE('',#11747,#11752);
#11747 = PLANE('',#11748);
#11748 = AXIS2_PLACEMENT_3D('',#11749,#11750,#11751);
#11749 = CARTESIAN_POINT('',(8.9,15.5,73.1));
#11750 = DIRECTION('',(-2.22044604925E-16,2.465190328816E-32,1.));
#11751 = DIRECTION('',(-1.,1.110223024625E-16,-2.22044604925E-16));
#11752 = DEFINITIONAL_REPRESENTATION('',(#11753),#11757);
#11753 = LINE('',#11754,#11755);
#11754 = CARTESIAN_POINT('',(4.45,-1.));
#11755 = VECTOR('',#11756,1.);
#11756 = DIRECTION('',(-1.,0.));
#11757 = ( GEOMETRIC_REPRESENTATION_CONTEXT(2) 
PARAMETRIC_REPRESENTATION_CONTEXT() REPRESENTATION_CONTEXT('2D SPACE',''
  ) );
#11758 = ORIENTED_EDGE('',*,*,#11759,.T.);
#11759 = EDGE_CURVE('',#11732,#11671,#11760,.T.);
#11760 = SURFACE_CURVE('',#11761,(#11766,#11777),.PCURVE_S1.);
#11761 = CIRCLE('',#11762,1.1);
#11762 = AXIS2_PLACEMENT_3D('',#11763,#11764,#11765);
#11763 = CARTESIAN_POINT('',(6.1,16.5,72.));
#11764 = DIRECTION('',(-1.110223024625E-16,-1.,0.));
#11765 = DIRECTION('',(-2.22044604925E-16,2.465190328816E-32,1.));
#11766 = PCURVE('',#10977,#11767);
#11767 = DEFINITIONAL_REPRESENTATION('',(#11768),#11776);
#11768 = ( BOUNDED_CURVE() B_SPLINE_CURVE(2,(#11769,#11770,#11771,#11772
    ,#11773,#11774,#11775),.UNSPECIFIED.,.T.,.F.) 
B_SPLINE_CURVE_WITH_KNOTS((1,2,2,2,2,1),(-2.094395102393,0.,
    2.094395102393,4.188790204786,6.28318530718,8.377580409573),
.UNSPECIFIED.) CURVE() GEOMETRIC_REPRESENTATION_ITEM() 
RATIONAL_B_SPLINE_CURVE((1.,0.5,1.,0.5,1.,0.5,1.)) REPRESENTATION_ITEM(
  '') );
#11769 = CARTESIAN_POINT('',(1.1,6.1));
#11770 = CARTESIAN_POINT('',(1.1,4.194744111674));
#11771 = CARTESIAN_POINT('',(-0.55,5.147372055837));
#11772 = CARTESIAN_POINT('',(-2.2,6.1));
#11773 = CARTESIAN_POINT('',(-0.55,7.052627944163));
#11774 = CARTESIAN_POINT('',(1.1,8.005255888326));
#11775 = CARTESIAN_POINT('',(1.1,6.1));
#11776 = ( GEOMETRIC_REPRESENTATION_CONTEXT(2) 
PARAMETRIC_REPRESENTATION_CONTEXT() REPRESENTATION_CONTEXT('2D SPACE',''
  ) );
#11777 = PCURVE('',#11778,#11783);
#11778 = CYLINDRICAL_SURFACE('',#11779,1.1);
#11779 = AXIS2_PLACEMENT_3D('',#11780,#11781,#11782);
#11780 = CARTESIAN_POINT('',(6.1,15.5,72.));
#11781 = DIRECTION('',(-1.110223024625E-16,-1.,0.));
#11782 = DIRECTION('',(-2.22044604925E-16,2.465190328816E-32,1.));
#11783 = DEFINITIONAL_REPRESENTATION('',(#11784),#11788);
#11784 = LINE('',#11785,#11786);
#11785 = CARTESIAN_POINT('',(0.,-1.));
#11786 = VECTOR('',#11787,1.);
#11787 = DIRECTION('',(1.,0.));
#11788 = ( GEOMETRIC_REPRESENTATION_CONTEXT(2) 
PARAMETRIC_REPRESENTATION_CONTEXT() REPRESENTATION_CONTEXT('2D SPACE',''
  ) );
#11789 = ADVANCED_FACE('',(#11790),#11005,.T.);
#11790 = FACE_BOUND('',#11791,.T.);
#11791 = EDGE_LOOP('',(#11792,#11793,#11794,#11817,#11845,#11873));
#11792 = ORIENTED_EDGE('',*,*,#11079,.F.);
#11793 = ORIENTED_EDGE('',*,*,#10989,.F.);
#11794 = ORIENTED_EDGE('',*,*,#11795,.T.);
#11795 = EDGE_CURVE('',#10990,#11796,#11798,.T.);
#11796 = VERTEX_POINT('',#11797);
#11797 = CARTESIAN_POINT('',(8.,19.,80.));
#11798 = SURFACE_CURVE('',#11799,(#11803,#11810),.PCURVE_S1.);
#11799 = LINE('',#11800,#11801);
#11800 = CARTESIAN_POINT('',(8.,19.,76.));
#11801 = VECTOR('',#11802,1.);
#11802 = DIRECTION('',(0.,0.,-1.));
#11803 = PCURVE('',#11005,#11804);
#11804 = DEFINITIONAL_REPRESENTATION('',(#11805),#11809);
#11805 = LINE('',#11806,#11807);
#11806 = CARTESIAN_POINT('',(-4.,-2.5));
#11807 = VECTOR('',#11808,1.);
#11808 = DIRECTION('',(-1.,0.));
#11809 = ( GEOMETRIC_REPRESENTATION_CONTEXT(2) 
PARAMETRIC_REPRESENTATION_CONTEXT() REPRESENTATION_CONTEXT('2D SPACE',''
  ) );
#11810 = PCURVE('',#11034,#11811);
#11811 = DEFINITIONAL_REPRESENTATION('',(#11812),#11816);
#11812 = LINE('',#11813,#11814);
#11813 = CARTESIAN_POINT('',(4.,8.));
#11814 = VECTOR('',#11815,1.);
#11815 = DIRECTION('',(-1.,0.));
#11816 = ( GEOMETRIC_REPRESENTATION_CONTEXT(2) 
PARAMETRIC_REPRESENTATION_CONTEXT() REPRESENTATION_CONTEXT('2D SPACE',''
  ) );
#11817 = ORIENTED_EDGE('',*,*,#11818,.T.);
#11818 = EDGE_CURVE('',#11796,#11819,#11821,.T.);
#11819 = VERTEX_POINT('',#11820);
#11820 = CARTESIAN_POINT('',(8.,22.,80.));
#11821 = SURFACE_CURVE('',#11822,(#11826,#11833),.PCURVE_S1.);
#11822 = LINE('',#11823,#11824);
#11823 = CARTESIAN_POINT('',(8.,16.5,80.));
#11824 = VECTOR('',#11825,1.);
#11825 = DIRECTION('',(0.,1.,0.));
#11826 = PCURVE('',#11005,#11827);
#11827 = DEFINITIONAL_REPRESENTATION('',(#11828),#11832);
#11828 = LINE('',#11829,#11830);
#11829 = CARTESIAN_POINT('',(0.,0.));
#11830 = VECTOR('',#11831,1.);
#11831 = DIRECTION('',(0.,-1.));
#11832 = ( GEOMETRIC_REPRESENTATION_CONTEXT(2) 
PARAMETRIC_REPRESENTATION_CONTEXT() REPRESENTATION_CONTEXT('2D SPACE',''
  ) );
#11833 = PCURVE('',#11834,#11839);
#11834 = PLANE('',#11835);
#11835 = AXIS2_PLACEMENT_3D('',#11836,#11837,#11838);
#11836 = CARTESIAN_POINT('',(-8.,16.5,80.));
#11837 = DIRECTION('',(0.,0.,1.));
#11838 = DIRECTION('',(1.,0.,0.));
#11839 = DEFINITIONAL_REPRESENTATION('',(#11840),#11844);
#11840 = LINE('',#11841,#11842);
#11841 = CARTESIAN_POINT('',(16.,0.));
#11842 = VECTOR('',#11843,1.);
#11843 = DIRECTION('',(0.,1.));
#11844 = ( GEOMETRIC_REPRESENTATION_CONTEXT(2) 
PARAMETRIC_REPRESENTATION_CONTEXT() REPRESENTATION_CONTEXT('2D SPACE',''
  ) );
#11845 = ORIENTED_EDGE('',*,*,#11846,.T.);
#11846 = EDGE_CURVE('',#11819,#11847,#11849,.T.);
#11847 = VERTEX_POINT('',#11848);
#11848 = CARTESIAN_POINT('',(8.,22.,124.));
#11849 = SURFACE_CURVE('',#11850,(#11854,#11861),.PCURVE_S1.);
#11850 = LINE('',#11851,#11852);
#11851 = CARTESIAN_POINT('',(8.,22.,80.));
#11852 = VECTOR('',#11853,1.);
#11853 = DIRECTION('',(0.,0.,1.));
#11854 = PCURVE('',#11005,#11855);
#11855 = DEFINITIONAL_REPRESENTATION('',(#11856),#11860);
#11856 = LINE('',#11857,#11858);
#11857 = CARTESIAN_POINT('',(0.,-5.5));
#11858 = VECTOR('',#11859,1.);
#11859 = DIRECTION('',(1.,0.));
#11860 = ( GEOMETRIC_REPRESENTATION_CONTEXT(2) 
PARAMETRIC_REPRESENTATION_CONTEXT() REPRESENTATION_CONTEXT('2D SPACE',''
  ) );
#11861 = PCURVE('',#11862,#11867);
#11862 = PLANE('',#11863);
#11863 = AXIS2_PLACEMENT_3D('',#11864,#11865,#11866);
#11864 = CARTESIAN_POINT('',(-8.,22.,80.));
#11865 = DIRECTION('',(0.,1.,0.));
#11866 = DIRECTION('',(0.,0.,1.));
#11867 = DEFINITIONAL_REPRESENTATION('',(#11868),#11872);
#11868 = LINE('',#11869,#11870);
#11869 = CARTESIAN_POINT('',(0.,16.));
#11870 = VECTOR('',#11871,1.);
#11871 = DIRECTION('',(1.,0.));
#11872 = ( GEOMETRIC_REPRESENTATION_CONTEXT(2) 
PARAMETRIC_REPRESENTATION_CONTEXT() REPRESENTATION_CONTEXT('2D SPACE',''
  ) );
#11873 = ORIENTED_EDGE('',*,*,#11874,.T.);
#11874 = EDGE_CURVE('',#11847,#11080,#11875,.T.);
#11875 = SURFACE_CURVE('',#11876,(#11880,#11887),.PCURVE_S1.);
#11876 = LINE('',#11877,#11878);
#11877 = CARTESIAN_POINT('',(8.,16.5,124.));
#11878 = VECTOR('',#11879,1.);
#11879 = DIRECTION('',(0.,-1.,0.));
#11880 = PCURVE('',#11005,#11881);
#11881 = DEFINITIONAL_REPRESENTATION('',(#11882),#11886);
#11882 = LINE('',#11883,#11884);
#11883 = CARTESIAN_POINT('',(44.,0.));
#11884 = VECTOR('',#11885,1.);
#11885 = DIRECTION('',(0.,1.));
#11886 = ( GEOMETRIC_REPRESENTATION_CONTEXT(2) 
PARAMETRIC_REPRESENTATION_CONTEXT() REPRESENTATION_CONTEXT('2D SPACE',''
  ) );
#11887 = PCURVE('',#11142,#11888);
#11888 = DEFINITIONAL_REPRESENTATION('',(#11889),#11893);
#11889 = LINE('',#11890,#11891);
#11890 = CARTESIAN_POINT('',(20.,0.));
#11891 = VECTOR('',#11892,1.);
#11892 = DIRECTION('',(0.,-1.));
#11893 = ( GEOMETRIC_REPRESENTATION_CONTEXT(2) 
PARAMETRIC_REPRESENTATION_CONTEXT() REPRESENTATION_CONTEXT('2D SPACE',''
  ) );
#11894 = ADVANCED_FACE('',(#11895,#12045,#12149,#12253,#12283),#11034,
  .T.);
#11895 = FACE_BOUND('',#11896,.T.);
#11896 = EDGE_LOOP('',(#11897,#11898,#11899,#11922,#11950,#11973,#12001,
    #12024));
#11897 = ORIENTED_EDGE('',*,*,#11795,.F.);
#11898 = ORIENTED_EDGE('',*,*,#11017,.F.);
#11899 = ORIENTED_EDGE('',*,*,#11900,.T.);
#11900 = EDGE_CURVE('',#11018,#11901,#11903,.T.);
#11901 = VERTEX_POINT('',#11902);
#11902 = CARTESIAN_POINT('',(-8.,19.,80.));
#11903 = SURFACE_CURVE('',#11904,(#11908,#11915),.PCURVE_S1.);
#11904 = LINE('',#11905,#11906);
#11905 = CARTESIAN_POINT('',(-8.,19.,76.));
#11906 = VECTOR('',#11907,1.);
#11907 = DIRECTION('',(0.,0.,-1.));
#11908 = PCURVE('',#11034,#11909);
#11909 = DEFINITIONAL_REPRESENTATION('',(#11910),#11914);
#11910 = LINE('',#11911,#11912);
#11911 = CARTESIAN_POINT('',(4.,-8.));
#11912 = VECTOR('',#11913,1.);
#11913 = DIRECTION('',(-1.,0.));
#11914 = ( GEOMETRIC_REPRESENTATION_CONTEXT(2) 
PARAMETRIC_REPRESENTATION_CONTEXT() REPRESENTATION_CONTEXT('2D SPACE',''
  ) );
#11915 = PCURVE('',#11064,#11916);
#11916 = DEFINITIONAL_REPRESENTATION('',(#11917),#11921);
#11917 = LINE('',#11918,#11919);
#11918 = CARTESIAN_POINT('',(-4.,-2.5));
#11919 = VECTOR('',#11920,1.);
#11920 = DIRECTION('',(-1.,0.));
#11921 = ( GEOMETRIC_REPRESENTATION_CONTEXT(2) 
PARAMETRIC_REPRESENTATION_CONTEXT() REPRESENTATION_CONTEXT('2D SPACE',''
  ) );
#11922 = ORIENTED_EDGE('',*,*,#11923,.T.);
#11923 = EDGE_CURVE('',#11901,#11924,#11926,.T.);
#11924 = VERTEX_POINT('',#11925);
#11925 = CARTESIAN_POINT('',(-1.1,19.,80.));
#11926 = SURFACE_CURVE('',#11927,(#11931,#11938),.PCURVE_S1.);
#11927 = LINE('',#11928,#11929);
#11928 = CARTESIAN_POINT('',(-4.,19.,80.));
#11929 = VECTOR('',#11930,1.);
#11930 = DIRECTION('',(1.,-1.110223024625E-16,0.));
#11931 = PCURVE('',#11034,#11932);
#11932 = DEFINITIONAL_REPRESENTATION('',(#11933),#11937);
#11933 = LINE('',#11934,#11935);
#11934 = CARTESIAN_POINT('',(8.,-4.));
#11935 = VECTOR('',#11936,1.);
#11936 = DIRECTION('',(0.,1.));
#11937 = ( GEOMETRIC_REPRESENTATION_CONTEXT(2) 
PARAMETRIC_REPRESENTATION_CONTEXT() REPRESENTATION_CONTEXT('2D SPACE',''
  ) );
#11938 = PCURVE('',#11939,#11944);
#11939 = PLANE('',#11940);
#11940 = AXIS2_PLACEMENT_3D('',#11941,#11942,#11943);
#11941 = CARTESIAN_POINT('',(-8.,16.5,80.));
#11942 = DIRECTION('',(0.,0.,1.));
#11943 = DIRECTION('',(1.,0.,0.));
#11944 = DEFINITIONAL_REPRESENTATION('',(#11945),#11949);
#11945 = LINE('',#11946,#11947);
#11946 = CARTESIAN_POINT('',(4.,2.5));
#11947 = VECTOR('',#11948,1.);
#11948 = DIRECTION('',(1.,-1.110223024625E-16));
#11949 = ( GEOMETRIC_REPRESENTATION_CONTEXT(2) 
PARAMETRIC_REPRESENTATION_CONTEXT() REPRESENTATION_CONTEXT('2D SPACE',''
  ) );
#11950 = ORIENTED_EDGE('',*,*,#11951,.F.);
#11951 = EDGE_CURVE('',#11952,#11924,#11954,.T.);
#11952 = VERTEX_POINT('',#11953);
#11953 = CARTESIAN_POINT('',(-1.1,19.,78.1));
#11954 = SURFACE_CURVE('',#11955,(#11959,#11966),.PCURVE_S1.);
#11955 = LINE('',#11956,#11957);
#11956 = CARTESIAN_POINT('',(-1.1,19.,76.45));
#11957 = VECTOR('',#11958,1.);
#11958 = DIRECTION('',(-1.110223024625E-16,1.232595164408E-32,1.));
#11959 = PCURVE('',#11034,#11960);
#11960 = DEFINITIONAL_REPRESENTATION('',(#11961),#11965);
#11961 = LINE('',#11962,#11963);
#11962 = CARTESIAN_POINT('',(4.45,-1.1));
#11963 = VECTOR('',#11964,1.);
#11964 = DIRECTION('',(1.,-1.110223024625E-16));
#11965 = ( GEOMETRIC_REPRESENTATION_CONTEXT(2) 
PARAMETRIC_REPRESENTATION_CONTEXT() REPRESENTATION_CONTEXT('2D SPACE',''
  ) );
#11966 = PCURVE('',#11623,#11967);
#11967 = DEFINITIONAL_REPRESENTATION('',(#11968),#11972);
#11968 = LINE('',#11969,#11970);
#11969 = CARTESIAN_POINT('',(4.45,-3.5));
#11970 = VECTOR('',#11971,1.);
#11971 = DIRECTION('',(-1.,0.));
#11972 = ( GEOMETRIC_REPRESENTATION_CONTEXT(2) 
PARAMETRIC_REPRESENTATION_CONTEXT() REPRESENTATION_CONTEXT('2D SPACE',''
  ) );
#11973 = ORIENTED_EDGE('',*,*,#11974,.T.);
#11974 = EDGE_CURVE('',#11952,#11975,#11977,.T.);
#11975 = VERTEX_POINT('',#11976);
#11976 = CARTESIAN_POINT('',(1.1,19.,78.1));
#11977 = SURFACE_CURVE('',#11978,(#11983,#11994),.PCURVE_S1.);
#11978 = CIRCLE('',#11979,1.1);
#11979 = AXIS2_PLACEMENT_3D('',#11980,#11981,#11982);
#11980 = CARTESIAN_POINT('',(2.264854970235E-15,19.,78.1));
#11981 = DIRECTION('',(-1.110223024625E-16,-1.,0.));
#11982 = DIRECTION('',(-1.,1.110223024625E-16,-1.110223024625E-16));
#11983 = PCURVE('',#11034,#11984);
#11984 = DEFINITIONAL_REPRESENTATION('',(#11985),#11993);
#11985 = ( BOUNDED_CURVE() B_SPLINE_CURVE(2,(#11986,#11987,#11988,#11989
    ,#11990,#11991,#11992),.UNSPECIFIED.,.T.,.F.) 
B_SPLINE_CURVE_WITH_KNOTS((1,2,2,2,2,1),(-2.094395102393,0.,
    2.094395102393,4.188790204786,6.28318530718,8.377580409573),
.UNSPECIFIED.) CURVE() GEOMETRIC_REPRESENTATION_ITEM() 
RATIONAL_B_SPLINE_CURVE((1.,0.5,1.,0.5,1.,0.5,1.)) REPRESENTATION_ITEM(
  '') );
#11986 = CARTESIAN_POINT('',(6.1,-1.1));
#11987 = CARTESIAN_POINT('',(4.194744111674,-1.1));
#11988 = CARTESIAN_POINT('',(5.147372055837,0.55));
#11989 = CARTESIAN_POINT('',(6.1,2.2));
#11990 = CARTESIAN_POINT('',(7.052627944163,0.55));
#11991 = CARTESIAN_POINT('',(8.005255888326,-1.1));
#11992 = CARTESIAN_POINT('',(6.1,-1.1));
#11993 = ( GEOMETRIC_REPRESENTATION_CONTEXT(2) 
PARAMETRIC_REPRESENTATION_CONTEXT() REPRESENTATION_CONTEXT('2D SPACE',''
  ) );
#11994 = PCURVE('',#11654,#11995);
#11995 = DEFINITIONAL_REPRESENTATION('',(#11996),#12000);
#11996 = LINE('',#11997,#11998);
#11997 = CARTESIAN_POINT('',(0.,-3.5));
#11998 = VECTOR('',#11999,1.);
#11999 = DIRECTION('',(1.,0.));
#12000 = ( GEOMETRIC_REPRESENTATION_CONTEXT(2) 
PARAMETRIC_REPRESENTATION_CONTEXT() REPRESENTATION_CONTEXT('2D SPACE',''
  ) );
#12001 = ORIENTED_EDGE('',*,*,#12002,.F.);
#12002 = EDGE_CURVE('',#12003,#11975,#12005,.T.);
#12003 = VERTEX_POINT('',#12004);
#12004 = CARTESIAN_POINT('',(1.1,19.,80.));
#12005 = SURFACE_CURVE('',#12006,(#12010,#12017),.PCURVE_S1.);
#12006 = LINE('',#12007,#12008);
#12007 = CARTESIAN_POINT('',(1.1,19.,75.05));
#12008 = VECTOR('',#12009,1.);
#12009 = DIRECTION('',(1.110223024625E-16,-1.232595164408E-32,-1.));
#12010 = PCURVE('',#11034,#12011);
#12011 = DEFINITIONAL_REPRESENTATION('',(#12012),#12016);
#12012 = LINE('',#12013,#12014);
#12013 = CARTESIAN_POINT('',(3.05,1.1));
#12014 = VECTOR('',#12015,1.);
#12015 = DIRECTION('',(-1.,1.110223024625E-16));
#12016 = ( GEOMETRIC_REPRESENTATION_CONTEXT(2) 
PARAMETRIC_REPRESENTATION_CONTEXT() REPRESENTATION_CONTEXT('2D SPACE',''
  ) );
#12017 = PCURVE('',#11562,#12018);
#12018 = DEFINITIONAL_REPRESENTATION('',(#12019),#12023);
#12019 = LINE('',#12020,#12021);
#12020 = CARTESIAN_POINT('',(-3.05,-3.5));
#12021 = VECTOR('',#12022,1.);
#12022 = DIRECTION('',(-1.,0.));
#12023 = ( GEOMETRIC_REPRESENTATION_CONTEXT(2) 
PARAMETRIC_REPRESENTATION_CONTEXT() REPRESENTATION_CONTEXT('2D SPACE',''
  ) );
#12024 = ORIENTED_EDGE('',*,*,#12025,.T.);
#12025 = EDGE_CURVE('',#12003,#11796,#12026,.T.);
#12026 = SURFACE_CURVE('',#12027,(#12031,#12038),.PCURVE_S1.);
#12027 = LINE('',#12028,#12029);
#12028 = CARTESIAN_POINT('',(-4.,19.,80.));
#12029 = VECTOR('',#12030,1.);
#12030 = DIRECTION('',(1.,-1.110223024625E-16,0.));
#12031 = PCURVE('',#11034,#12032);
#12032 = DEFINITIONAL_REPRESENTATION('',(#12033),#12037);
#12033 = LINE('',#12034,#12035);
#12034 = CARTESIAN_POINT('',(8.,-4.));
#12035 = VECTOR('',#12036,1.);
#12036 = DIRECTION('',(0.,1.));
#12037 = ( GEOMETRIC_REPRESENTATION_CONTEXT(2) 
PARAMETRIC_REPRESENTATION_CONTEXT() REPRESENTATION_CONTEXT('2D SPACE',''
  ) );
#12038 = PCURVE('',#11834,#12039);
#12039 = DEFINITIONAL_REPRESENTATION('',(#12040),#12044);
#12040 = LINE('',#12041,#12042);
#12041 = CARTESIAN_POINT('',(4.,2.5));
#12042 = VECTOR('',#12043,1.);
#12043 = DIRECTION('',(1.,-1.110223024625E-16));
#12044 = ( GEOMETRIC_REPRESENTATION_CONTEXT(2) 
PARAMETRIC_REPRESENTATION_CONTEXT() REPRESENTATION_CONTEXT('2D SPACE',''
  ) );
#12045 = FACE_BOUND('',#12046,.T.);
#12046 = EDGE_LOOP('',(#12047,#12072,#12100,#12123));
#12047 = ORIENTED_EDGE('',*,*,#12048,.F.);
#12048 = EDGE_CURVE('',#12049,#12051,#12053,.T.);
#12049 = VERTEX_POINT('',#12050);
#12050 = CARTESIAN_POINT('',(-8.9,19.,73.1));
#12051 = VERTEX_POINT('',#12052);
#12052 = CARTESIAN_POINT('',(-6.1,19.,73.1));
#12053 = SURFACE_CURVE('',#12054,(#12058,#12065),.PCURVE_S1.);
#12054 = LINE('',#12055,#12056);
#12055 = CARTESIAN_POINT('',(-3.05,19.,73.1));
#12056 = VECTOR('',#12057,1.);
#12057 = DIRECTION('',(1.,-1.110223024625E-16,3.330669073875E-16));
#12058 = PCURVE('',#11034,#12059);
#12059 = DEFINITIONAL_REPRESENTATION('',(#12060),#12064);
#12060 = LINE('',#12061,#12062);
#12061 = CARTESIAN_POINT('',(1.1,-3.05));
#12062 = VECTOR('',#12063,1.);
#12063 = DIRECTION('',(3.330669073875E-16,1.));
#12064 = ( GEOMETRIC_REPRESENTATION_CONTEXT(2) 
PARAMETRIC_REPRESENTATION_CONTEXT() REPRESENTATION_CONTEXT('2D SPACE',''
  ) );
#12065 = PCURVE('',#11279,#12066);
#12066 = DEFINITIONAL_REPRESENTATION('',(#12067),#12071);
#12067 = LINE('',#12068,#12069);
#12068 = CARTESIAN_POINT('',(-3.05,-3.5));
#12069 = VECTOR('',#12070,1.);
#12070 = DIRECTION('',(-1.,0.));
#12071 = ( GEOMETRIC_REPRESENTATION_CONTEXT(2) 
PARAMETRIC_REPRESENTATION_CONTEXT() REPRESENTATION_CONTEXT('2D SPACE',''
  ) );
#12072 = ORIENTED_EDGE('',*,*,#12073,.T.);
#12073 = EDGE_CURVE('',#12049,#12074,#12076,.T.);
#12074 = VERTEX_POINT('',#12075);
#12075 = CARTESIAN_POINT('',(-8.9,19.,70.9));
#12076 = SURFACE_CURVE('',#12077,(#12082,#12093),.PCURVE_S1.);
#12077 = CIRCLE('',#12078,1.1);
#12078 = AXIS2_PLACEMENT_3D('',#12079,#12080,#12081);
#12079 = CARTESIAN_POINT('',(-8.9,19.,72.));
#12080 = DIRECTION('',(-1.110223024625E-16,-1.,0.));
#12081 = DIRECTION('',(-3.330669073875E-16,3.697785493223E-32,1.));
#12082 = PCURVE('',#11034,#12083);
#12083 = DEFINITIONAL_REPRESENTATION('',(#12084),#12092);
#12084 = ( BOUNDED_CURVE() B_SPLINE_CURVE(2,(#12085,#12086,#12087,#12088
    ,#12089,#12090,#12091),.UNSPECIFIED.,.T.,.F.) 
B_SPLINE_CURVE_WITH_KNOTS((1,2,2,2,2,1),(-2.094395102393,0.,
    2.094395102393,4.188790204786,6.28318530718,8.377580409573),
.UNSPECIFIED.) CURVE() GEOMETRIC_REPRESENTATION_ITEM() 
RATIONAL_B_SPLINE_CURVE((1.,0.5,1.,0.5,1.,0.5,1.)) REPRESENTATION_ITEM(
  '') );
#12085 = CARTESIAN_POINT('',(1.1,-8.9));
#12086 = CARTESIAN_POINT('',(1.1,-10.80525588832));
#12087 = CARTESIAN_POINT('',(-0.55,-9.852627944163));
#12088 = CARTESIAN_POINT('',(-2.2,-8.9));
#12089 = CARTESIAN_POINT('',(-0.55,-7.947372055837));
#12090 = CARTESIAN_POINT('',(1.1,-6.994744111674));
#12091 = CARTESIAN_POINT('',(1.1,-8.9));
#12092 = ( GEOMETRIC_REPRESENTATION_CONTEXT(2) 
PARAMETRIC_REPRESENTATION_CONTEXT() REPRESENTATION_CONTEXT('2D SPACE',''
  ) );
#12093 = PCURVE('',#11312,#12094);
#12094 = DEFINITIONAL_REPRESENTATION('',(#12095),#12099);
#12095 = LINE('',#12096,#12097);
#12096 = CARTESIAN_POINT('',(0.,-3.5));
#12097 = VECTOR('',#12098,1.);
#12098 = DIRECTION('',(1.,0.));
#12099 = ( GEOMETRIC_REPRESENTATION_CONTEXT(2) 
PARAMETRIC_REPRESENTATION_CONTEXT() REPRESENTATION_CONTEXT('2D SPACE',''
  ) );
#12100 = ORIENTED_EDGE('',*,*,#12101,.F.);
#12101 = EDGE_CURVE('',#12102,#12074,#12104,.T.);
#12102 = VERTEX_POINT('',#12103);
#12103 = CARTESIAN_POINT('',(-6.1,19.,70.9));
#12104 = SURFACE_CURVE('',#12105,(#12109,#12116),.PCURVE_S1.);
#12105 = LINE('',#12106,#12107);
#12106 = CARTESIAN_POINT('',(-4.45,19.,70.9));
#12107 = VECTOR('',#12108,1.);
#12108 = DIRECTION('',(-1.,1.110223024625E-16,-3.330669073875E-16));
#12109 = PCURVE('',#11034,#12110);
#12110 = DEFINITIONAL_REPRESENTATION('',(#12111),#12115);
#12111 = LINE('',#12112,#12113);
#12112 = CARTESIAN_POINT('',(-1.1,-4.45));
#12113 = VECTOR('',#12114,1.);
#12114 = DIRECTION('',(-3.330669073875E-16,-1.));
#12115 = ( GEOMETRIC_REPRESENTATION_CONTEXT(2) 
PARAMETRIC_REPRESENTATION_CONTEXT() REPRESENTATION_CONTEXT('2D SPACE',''
  ) );
#12116 = PCURVE('',#11340,#12117);
#12117 = DEFINITIONAL_REPRESENTATION('',(#12118),#12122);
#12118 = LINE('',#12119,#12120);
#12119 = CARTESIAN_POINT('',(4.45,-3.5));
#12120 = VECTOR('',#12121,1.);
#12121 = DIRECTION('',(-1.,0.));
#12122 = ( GEOMETRIC_REPRESENTATION_CONTEXT(2) 
PARAMETRIC_REPRESENTATION_CONTEXT() REPRESENTATION_CONTEXT('2D SPACE',''
  ) );
#12123 = ORIENTED_EDGE('',*,*,#12124,.T.);
#12124 = EDGE_CURVE('',#12102,#12051,#12125,.T.);
#12125 = SURFACE_CURVE('',#12126,(#12131,#12142),.PCURVE_S1.);
#12126 = CIRCLE('',#12127,1.1);
#12127 = AXIS2_PLACEMENT_3D('',#12128,#12129,#12130);
#12128 = CARTESIAN_POINT('',(-6.1,19.,72.));
#12129 = DIRECTION('',(-1.110223024625E-16,-1.,0.));
#12130 = DIRECTION('',(3.330669073875E-16,-3.697785493223E-32,-1.));
#12131 = PCURVE('',#11034,#12132);
#12132 = DEFINITIONAL_REPRESENTATION('',(#12133),#12141);
#12133 = ( BOUNDED_CURVE() B_SPLINE_CURVE(2,(#12134,#12135,#12136,#12137
    ,#12138,#12139,#12140),.UNSPECIFIED.,.T.,.F.) 
B_SPLINE_CURVE_WITH_KNOTS((1,2,2,2,2,1),(-2.094395102393,0.,
    2.094395102393,4.188790204786,6.28318530718,8.377580409573),
.UNSPECIFIED.) CURVE() GEOMETRIC_REPRESENTATION_ITEM() 
RATIONAL_B_SPLINE_CURVE((1.,0.5,1.,0.5,1.,0.5,1.)) REPRESENTATION_ITEM(
  '') );
#12134 = CARTESIAN_POINT('',(-1.1,-6.1));
#12135 = CARTESIAN_POINT('',(-1.1,-4.194744111674));
#12136 = CARTESIAN_POINT('',(0.55,-5.147372055837));
#12137 = CARTESIAN_POINT('',(2.2,-6.1));
#12138 = CARTESIAN_POINT('',(0.55,-7.052627944163));
#12139 = CARTESIAN_POINT('',(-1.1,-8.005255888326));
#12140 = CARTESIAN_POINT('',(-1.1,-6.1));
#12141 = ( GEOMETRIC_REPRESENTATION_CONTEXT(2) 
PARAMETRIC_REPRESENTATION_CONTEXT() REPRESENTATION_CONTEXT('2D SPACE',''
  ) );
#12142 = PCURVE('',#11371,#12143);
#12143 = DEFINITIONAL_REPRESENTATION('',(#12144),#12148);
#12144 = LINE('',#12145,#12146);
#12145 = CARTESIAN_POINT('',(0.,-3.5));
#12146 = VECTOR('',#12147,1.);
#12147 = DIRECTION('',(1.,0.));
#12148 = ( GEOMETRIC_REPRESENTATION_CONTEXT(2) 
PARAMETRIC_REPRESENTATION_CONTEXT() REPRESENTATION_CONTEXT('2D SPACE',''
  ) );
#12149 = FACE_BOUND('',#12150,.T.);
#12150 = EDGE_LOOP('',(#12151,#12176,#12204,#12227));
#12151 = ORIENTED_EDGE('',*,*,#12152,.F.);
#12152 = EDGE_CURVE('',#12153,#12155,#12157,.T.);
#12153 = VERTEX_POINT('',#12154);
#12154 = CARTESIAN_POINT('',(-1.1,19.,63.1));
#12155 = VERTEX_POINT('',#12156);
#12156 = CARTESIAN_POINT('',(-1.1,19.,65.9));
#12157 = SURFACE_CURVE('',#12158,(#12162,#12169),.PCURVE_S1.);
#12158 = LINE('',#12159,#12160);
#12159 = CARTESIAN_POINT('',(-1.1,19.,68.95));
#12160 = VECTOR('',#12161,1.);
#12161 = DIRECTION('',(-2.334869823773E-16,2.592226237855E-32,1.));
#12162 = PCURVE('',#11034,#12163);
#12163 = DEFINITIONAL_REPRESENTATION('',(#12164),#12168);
#12164 = LINE('',#12165,#12166);
#12165 = CARTESIAN_POINT('',(-3.05,-1.1));
#12166 = VECTOR('',#12167,1.);
#12167 = DIRECTION('',(1.,-2.334869823773E-16));
#12168 = ( GEOMETRIC_REPRESENTATION_CONTEXT(2) 
PARAMETRIC_REPRESENTATION_CONTEXT() REPRESENTATION_CONTEXT('2D SPACE',''
  ) );
#12169 = PCURVE('',#11403,#12170);
#12170 = DEFINITIONAL_REPRESENTATION('',(#12171),#12175);
#12171 = LINE('',#12172,#12173);
#12172 = CARTESIAN_POINT('',(-3.05,-3.5));
#12173 = VECTOR('',#12174,1.);
#12174 = DIRECTION('',(-1.,0.));
#12175 = ( GEOMETRIC_REPRESENTATION_CONTEXT(2) 
PARAMETRIC_REPRESENTATION_CONTEXT() REPRESENTATION_CONTEXT('2D SPACE',''
  ) );
#12176 = ORIENTED_EDGE('',*,*,#12177,.T.);
#12177 = EDGE_CURVE('',#12153,#12178,#12180,.T.);
#12178 = VERTEX_POINT('',#12179);
#12179 = CARTESIAN_POINT('',(1.1,19.,63.1));
#12180 = SURFACE_CURVE('',#12181,(#12186,#12197),.PCURVE_S1.);
#12181 = CIRCLE('',#12182,1.1);
#12182 = AXIS2_PLACEMENT_3D('',#12183,#12184,#12185);
#12183 = CARTESIAN_POINT('',(3.354790621476E-15,19.,63.1));
#12184 = DIRECTION('',(-1.110223024625E-16,-1.,0.));
#12185 = DIRECTION('',(-1.,1.110223024625E-16,-2.334869823773E-16));
#12186 = PCURVE('',#11034,#12187);
#12187 = DEFINITIONAL_REPRESENTATION('',(#12188),#12196);
#12188 = ( BOUNDED_CURVE() B_SPLINE_CURVE(2,(#12189,#12190,#12191,#12192
    ,#12193,#12194,#12195),.UNSPECIFIED.,.T.,.F.) 
B_SPLINE_CURVE_WITH_KNOTS((1,2,2,2,2,1),(-2.094395102393,0.,
    2.094395102393,4.188790204786,6.28318530718,8.377580409573),
.UNSPECIFIED.) CURVE() GEOMETRIC_REPRESENTATION_ITEM() 
RATIONAL_B_SPLINE_CURVE((1.,0.5,1.,0.5,1.,0.5,1.)) REPRESENTATION_ITEM(
  '') );
#12189 = CARTESIAN_POINT('',(-8.9,-1.1));
#12190 = CARTESIAN_POINT('',(-10.80525588832,-1.1));
#12191 = CARTESIAN_POINT('',(-9.852627944163,0.55));
#12192 = CARTESIAN_POINT('',(-8.9,2.2));
#12193 = CARTESIAN_POINT('',(-7.947372055837,0.55));
#12194 = CARTESIAN_POINT('',(-6.994744111674,-1.1));
#12195 = CARTESIAN_POINT('',(-8.9,-1.1));
#12196 = ( GEOMETRIC_REPRESENTATION_CONTEXT(2) 
PARAMETRIC_REPRESENTATION_CONTEXT() REPRESENTATION_CONTEXT('2D SPACE',''
  ) );
#12197 = PCURVE('',#11436,#12198);
#12198 = DEFINITIONAL_REPRESENTATION('',(#12199),#12203);
#12199 = LINE('',#12200,#12201);
#12200 = CARTESIAN_POINT('',(0.,-3.5));
#12201 = VECTOR('',#12202,1.);
#12202 = DIRECTION('',(1.,0.));
#12203 = ( GEOMETRIC_REPRESENTATION_CONTEXT(2) 
PARAMETRIC_REPRESENTATION_CONTEXT() REPRESENTATION_CONTEXT('2D SPACE',''
  ) );
#12204 = ORIENTED_EDGE('',*,*,#12205,.F.);
#12205 = EDGE_CURVE('',#12206,#12178,#12208,.T.);
#12206 = VERTEX_POINT('',#12207);
#12207 = CARTESIAN_POINT('',(1.1,19.,65.9));
#12208 = SURFACE_CURVE('',#12209,(#12213,#12220),.PCURVE_S1.);
#12209 = LINE('',#12210,#12211);
#12210 = CARTESIAN_POINT('',(1.1,19.,67.55));
#12211 = VECTOR('',#12212,1.);
#12212 = DIRECTION('',(2.334869823773E-16,-2.592226237855E-32,-1.));
#12213 = PCURVE('',#11034,#12214);
#12214 = DEFINITIONAL_REPRESENTATION('',(#12215),#12219);
#12215 = LINE('',#12216,#12217);
#12216 = CARTESIAN_POINT('',(-4.45,1.1));
#12217 = VECTOR('',#12218,1.);
#12218 = DIRECTION('',(-1.,2.334869823773E-16));
#12219 = ( GEOMETRIC_REPRESENTATION_CONTEXT(2) 
PARAMETRIC_REPRESENTATION_CONTEXT() REPRESENTATION_CONTEXT('2D SPACE',''
  ) );
#12220 = PCURVE('',#11464,#12221);
#12221 = DEFINITIONAL_REPRESENTATION('',(#12222),#12226);
#12222 = LINE('',#12223,#12224);
#12223 = CARTESIAN_POINT('',(4.45,-3.5));
#12224 = VECTOR('',#12225,1.);
#12225 = DIRECTION('',(-1.,0.));
#12226 = ( GEOMETRIC_REPRESENTATION_CONTEXT(2) 
PARAMETRIC_REPRESENTATION_CONTEXT() REPRESENTATION_CONTEXT('2D SPACE',''
  ) );
#12227 = ORIENTED_EDGE('',*,*,#12228,.T.);
#12228 = EDGE_CURVE('',#12206,#12155,#12229,.T.);
#12229 = SURFACE_CURVE('',#12230,(#12235,#12246),.PCURVE_S1.);
#12230 = CIRCLE('',#12231,1.1);
#12231 = AXIS2_PLACEMENT_3D('',#12232,#12233,#12234);
#12232 = CARTESIAN_POINT('',(2.70102707082E-15,19.,65.9));
#12233 = DIRECTION('',(-1.110223024625E-16,-1.,0.));
#12234 = DIRECTION('',(1.,-1.110223024625E-16,2.334869823773E-16));
#12235 = PCURVE('',#11034,#12236);
#12236 = DEFINITIONAL_REPRESENTATION('',(#12237),#12245);
#12237 = ( BOUNDED_CURVE() B_SPLINE_CURVE(2,(#12238,#12239,#12240,#12241
    ,#12242,#12243,#12244),.UNSPECIFIED.,.T.,.F.) 
B_SPLINE_CURVE_WITH_KNOTS((1,2,2,2,2,1),(-2.094395102393,0.,
    2.094395102393,4.188790204786,6.28318530718,8.377580409573),
.UNSPECIFIED.) CURVE() GEOMETRIC_REPRESENTATION_ITEM() 
RATIONAL_B_SPLINE_CURVE((1.,0.5,1.,0.5,1.,0.5,1.)) REPRESENTATION_ITEM(
  '') );
#12238 = CARTESIAN_POINT('',(-6.1,1.1));
#12239 = CARTESIAN_POINT('',(-4.194744111674,1.1));
#12240 = CARTESIAN_POINT('',(-5.147372055837,-0.55));
#12241 = CARTESIAN_POINT('',(-6.1,-2.2));
#12242 = CARTESIAN_POINT('',(-7.052627944163,-0.55));
#12243 = CARTESIAN_POINT('',(-8.005255888326,1.1));
#12244 = CARTESIAN_POINT('',(-6.1,1.1));
#12245 = ( GEOMETRIC_REPRESENTATION_CONTEXT(2) 
PARAMETRIC_REPRESENTATION_CONTEXT() REPRESENTATION_CONTEXT('2D SPACE',''
  ) );
#12246 = PCURVE('',#11495,#12247);
#12247 = DEFINITIONAL_REPRESENTATION('',(#12248),#12252);
#12248 = LINE('',#12249,#12250);
#12249 = CARTESIAN_POINT('',(0.,-3.5));
#12250 = VECTOR('',#12251,1.);
#12251 = DIRECTION('',(1.,0.));
#12252 = ( GEOMETRIC_REPRESENTATION_CONTEXT(2) 
PARAMETRIC_REPRESENTATION_CONTEXT() REPRESENTATION_CONTEXT('2D SPACE',''
  ) );
#12253 = FACE_BOUND('',#12254,.T.);
#12254 = EDGE_LOOP('',(#12255));
#12255 = ORIENTED_EDGE('',*,*,#12256,.T.);
#12256 = EDGE_CURVE('',#12257,#12257,#12259,.T.);
#12257 = VERTEX_POINT('',#12258);
#12258 = CARTESIAN_POINT('',(-3.4,19.,72.));
#12259 = SURFACE_CURVE('',#12260,(#12265,#12276),.PCURVE_S1.);
#12260 = CIRCLE('',#12261,3.4);
#12261 = AXIS2_PLACEMENT_3D('',#12262,#12263,#12264);
#12262 = CARTESIAN_POINT('',(2.109423746788E-15,19.,72.));
#12263 = DIRECTION('',(-1.110223024625E-16,-1.,-0.));
#12264 = DIRECTION('',(-1.,1.110223024625E-16,0.));
#12265 = PCURVE('',#11034,#12266);
#12266 = DEFINITIONAL_REPRESENTATION('',(#12267),#12275);
#12267 = ( BOUNDED_CURVE() B_SPLINE_CURVE(2,(#12268,#12269,#12270,#12271
    ,#12272,#12273,#12274),.UNSPECIFIED.,.T.,.F.) 
B_SPLINE_CURVE_WITH_KNOTS((1,2,2,2,2,1),(-2.094395102393,0.,
    2.094395102393,4.188790204786,6.28318530718,8.377580409573),
.UNSPECIFIED.) CURVE() GEOMETRIC_REPRESENTATION_ITEM() 
RATIONAL_B_SPLINE_CURVE((1.,0.5,1.,0.5,1.,0.5,1.)) REPRESENTATION_ITEM(
  '') );
#12268 = CARTESIAN_POINT('',(0.,-3.4));
#12269 = CARTESIAN_POINT('',(-5.888972745734,-3.4));
#12270 = CARTESIAN_POINT('',(-2.944486372867,1.7));
#12271 = CARTESIAN_POINT('',(-8.327598234202E-16,6.8));
#12272 = CARTESIAN_POINT('',(2.944486372867,1.7));
#12273 = CARTESIAN_POINT('',(5.888972745734,-3.4));
#12274 = CARTESIAN_POINT('',(0.,-3.4));
#12275 = ( GEOMETRIC_REPRESENTATION_CONTEXT(2) 
PARAMETRIC_REPRESENTATION_CONTEXT() REPRESENTATION_CONTEXT('2D SPACE',''
  ) );
#12276 = PCURVE('',#11530,#12277);
#12277 = DEFINITIONAL_REPRESENTATION('',(#12278),#12282);
#12278 = LINE('',#12279,#12280);
#12279 = CARTESIAN_POINT('',(-6.28318530718,-3.5));
#12280 = VECTOR('',#12281,1.);
#12281 = DIRECTION('',(1.,-0.));
#12282 = ( GEOMETRIC_REPRESENTATION_CONTEXT(2) 
PARAMETRIC_REPRESENTATION_CONTEXT() REPRESENTATION_CONTEXT('2D SPACE',''
  ) );
#12283 = FACE_BOUND('',#12284,.T.);
#12284 = EDGE_LOOP('',(#12285,#12310,#12338,#12361));
#12285 = ORIENTED_EDGE('',*,*,#12286,.F.);
#12286 = EDGE_CURVE('',#12287,#12289,#12291,.T.);
#12287 = VERTEX_POINT('',#12288);
#12288 = CARTESIAN_POINT('',(8.9,19.,70.9));
#12289 = VERTEX_POINT('',#12290);
#12290 = CARTESIAN_POINT('',(6.1,19.,70.9));
#12291 = SURFACE_CURVE('',#12292,(#12296,#12303),.PCURVE_S1.);
#12292 = LINE('',#12293,#12294);
#12293 = CARTESIAN_POINT('',(3.05,19.,70.9));
#12294 = VECTOR('',#12295,1.);
#12295 = DIRECTION('',(-1.,1.110223024625E-16,-2.22044604925E-16));
#12296 = PCURVE('',#11034,#12297);
#12297 = DEFINITIONAL_REPRESENTATION('',(#12298),#12302);
#12298 = LINE('',#12299,#12300);
#12299 = CARTESIAN_POINT('',(-1.1,3.05));
#12300 = VECTOR('',#12301,1.);
#12301 = DIRECTION('',(-2.22044604925E-16,-1.));
#12302 = ( GEOMETRIC_REPRESENTATION_CONTEXT(2) 
PARAMETRIC_REPRESENTATION_CONTEXT() REPRESENTATION_CONTEXT('2D SPACE',''
  ) );
#12303 = PCURVE('',#11686,#12304);
#12304 = DEFINITIONAL_REPRESENTATION('',(#12305),#12309);
#12305 = LINE('',#12306,#12307);
#12306 = CARTESIAN_POINT('',(-3.05,-3.5));
#12307 = VECTOR('',#12308,1.);
#12308 = DIRECTION('',(-1.,0.));
#12309 = ( GEOMETRIC_REPRESENTATION_CONTEXT(2) 
PARAMETRIC_REPRESENTATION_CONTEXT() REPRESENTATION_CONTEXT('2D SPACE',''
  ) );
#12310 = ORIENTED_EDGE('',*,*,#12311,.T.);
#12311 = EDGE_CURVE('',#12287,#12312,#12314,.T.);
#12312 = VERTEX_POINT('',#12313);
#12313 = CARTESIAN_POINT('',(8.9,19.,73.1));
#12314 = SURFACE_CURVE('',#12315,(#12320,#12331),.PCURVE_S1.);
#12315 = CIRCLE('',#12316,1.1);
#12316 = AXIS2_PLACEMENT_3D('',#12317,#12318,#12319);
#12317 = CARTESIAN_POINT('',(8.9,19.,72.));
#12318 = DIRECTION('',(-1.110223024625E-16,-1.,0.));
#12319 = DIRECTION('',(2.22044604925E-16,-2.465190328816E-32,-1.));
#12320 = PCURVE('',#11034,#12321);
#12321 = DEFINITIONAL_REPRESENTATION('',(#12322),#12330);
#12322 = ( BOUNDED_CURVE() B_SPLINE_CURVE(2,(#12323,#12324,#12325,#12326
    ,#12327,#12328,#12329),.UNSPECIFIED.,.T.,.F.) 
B_SPLINE_CURVE_WITH_KNOTS((1,2,2,2,2,1),(-2.094395102393,0.,
    2.094395102393,4.188790204786,6.28318530718,8.377580409573),
.UNSPECIFIED.) CURVE() GEOMETRIC_REPRESENTATION_ITEM() 
RATIONAL_B_SPLINE_CURVE((1.,0.5,1.,0.5,1.,0.5,1.)) REPRESENTATION_ITEM(
  '') );
#12323 = CARTESIAN_POINT('',(-1.1,8.9));
#12324 = CARTESIAN_POINT('',(-1.1,10.805255888326));
#12325 = CARTESIAN_POINT('',(0.55,9.852627944163));
#12326 = CARTESIAN_POINT('',(2.2,8.9));
#12327 = CARTESIAN_POINT('',(0.55,7.947372055837));
#12328 = CARTESIAN_POINT('',(-1.1,6.994744111674));
#12329 = CARTESIAN_POINT('',(-1.1,8.9));
#12330 = ( GEOMETRIC_REPRESENTATION_CONTEXT(2) 
PARAMETRIC_REPRESENTATION_CONTEXT() REPRESENTATION_CONTEXT('2D SPACE',''
  ) );
#12331 = PCURVE('',#11719,#12332);
#12332 = DEFINITIONAL_REPRESENTATION('',(#12333),#12337);
#12333 = LINE('',#12334,#12335);
#12334 = CARTESIAN_POINT('',(0.,-3.5));
#12335 = VECTOR('',#12336,1.);
#12336 = DIRECTION('',(1.,0.));
#12337 = ( GEOMETRIC_REPRESENTATION_CONTEXT(2) 
PARAMETRIC_REPRESENTATION_CONTEXT() REPRESENTATION_CONTEXT('2D SPACE',''
  ) );
#12338 = ORIENTED_EDGE('',*,*,#12339,.F.);
#12339 = EDGE_CURVE('',#12340,#12312,#12342,.T.);
#12340 = VERTEX_POINT('',#12341);
#12341 = CARTESIAN_POINT('',(6.1,19.,73.1));
#12342 = SURFACE_CURVE('',#12343,(#12347,#12354),.PCURVE_S1.);
#12343 = LINE('',#12344,#12345);
#12344 = CARTESIAN_POINT('',(4.45,19.,73.1));
#12345 = VECTOR('',#12346,1.);
#12346 = DIRECTION('',(1.,-1.110223024625E-16,2.22044604925E-16));
#12347 = PCURVE('',#11034,#12348);
#12348 = DEFINITIONAL_REPRESENTATION('',(#12349),#12353);
#12349 = LINE('',#12350,#12351);
#12350 = CARTESIAN_POINT('',(1.1,4.45));
#12351 = VECTOR('',#12352,1.);
#12352 = DIRECTION('',(2.22044604925E-16,1.));
#12353 = ( GEOMETRIC_REPRESENTATION_CONTEXT(2) 
PARAMETRIC_REPRESENTATION_CONTEXT() REPRESENTATION_CONTEXT('2D SPACE',''
  ) );
#12354 = PCURVE('',#11747,#12355);
#12355 = DEFINITIONAL_REPRESENTATION('',(#12356),#12360);
#12356 = LINE('',#12357,#12358);
#12357 = CARTESIAN_POINT('',(4.45,-3.5));
#12358 = VECTOR('',#12359,1.);
#12359 = DIRECTION('',(-1.,0.));
#12360 = ( GEOMETRIC_REPRESENTATION_CONTEXT(2) 
PARAMETRIC_REPRESENTATION_CONTEXT() REPRESENTATION_CONTEXT('2D SPACE',''
  ) );
#12361 = ORIENTED_EDGE('',*,*,#12362,.T.);
#12362 = EDGE_CURVE('',#12340,#12289,#12363,.T.);
#12363 = SURFACE_CURVE('',#12364,(#12369,#12380),.PCURVE_S1.);
#12364 = CIRCLE('',#12365,1.1);
#12365 = AXIS2_PLACEMENT_3D('',#12366,#12367,#12368);
#12366 = CARTESIAN_POINT('',(6.1,19.,72.));
#12367 = DIRECTION('',(-1.110223024625E-16,-1.,0.));
#12368 = DIRECTION('',(-2.22044604925E-16,2.465190328816E-32,1.));
#12369 = PCURVE('',#11034,#12370);
#12370 = DEFINITIONAL_REPRESENTATION('',(#12371),#12379);
#12371 = ( BOUNDED_CURVE() B_SPLINE_CURVE(2,(#12372,#12373,#12374,#12375
    ,#12376,#12377,#12378),.UNSPECIFIED.,.T.,.F.) 
B_SPLINE_CURVE_WITH_KNOTS((1,2,2,2,2,1),(-2.094395102393,0.,
    2.094395102393,4.188790204786,6.28318530718,8.377580409573),
.UNSPECIFIED.) CURVE() GEOMETRIC_REPRESENTATION_ITEM() 
RATIONAL_B_SPLINE_CURVE((1.,0.5,1.,0.5,1.,0.5,1.)) REPRESENTATION_ITEM(
  '') );
#12372 = CARTESIAN_POINT('',(1.1,6.1));
#12373 = CARTESIAN_POINT('',(1.1,4.194744111674));
#12374 = CARTESIAN_POINT('',(-0.55,5.147372055837));
#12375 = CARTESIAN_POINT('',(-2.2,6.1));
#12376 = CARTESIAN_POINT('',(-0.55,7.052627944163));
#12377 = CARTESIAN_POINT('',(1.1,8.005255888326));
#12378 = CARTESIAN_POINT('',(1.1,6.1));
#12379 = ( GEOMETRIC_REPRESENTATION_CONTEXT(2) 
PARAMETRIC_REPRESENTATION_CONTEXT() REPRESENTATION_CONTEXT('2D SPACE',''
  ) );
#12380 = PCURVE('',#11778,#12381);
#12381 = DEFINITIONAL_REPRESENTATION('',(#12382),#12386);
#12382 = LINE('',#12383,#12384);
#12383 = CARTESIAN_POINT('',(0.,-3.5));
#12384 = VECTOR('',#12385,1.);
#12385 = DIRECTION('',(1.,0.));
#12386 = ( GEOMETRIC_REPRESENTATION_CONTEXT(2) 
PARAMETRIC_REPRESENTATION_CONTEXT() REPRESENTATION_CONTEXT('2D SPACE',''
  ) );
#12387 = ADVANCED_FACE('',(#12388),#11064,.F.);
#12388 = FACE_BOUND('',#12389,.F.);
#12389 = EDGE_LOOP('',(#12390,#12391,#12392,#12393,#12416,#12439));
#12390 = ORIENTED_EDGE('',*,*,#11103,.F.);
#12391 = ORIENTED_EDGE('',*,*,#11050,.F.);
#12392 = ORIENTED_EDGE('',*,*,#11900,.T.);
#12393 = ORIENTED_EDGE('',*,*,#12394,.T.);
#12394 = EDGE_CURVE('',#11901,#12395,#12397,.T.);
#12395 = VERTEX_POINT('',#12396);
#12396 = CARTESIAN_POINT('',(-8.,22.,80.));
#12397 = SURFACE_CURVE('',#12398,(#12402,#12409),.PCURVE_S1.);
#12398 = LINE('',#12399,#12400);
#12399 = CARTESIAN_POINT('',(-8.,16.5,80.));
#12400 = VECTOR('',#12401,1.);
#12401 = DIRECTION('',(0.,1.,0.));
#12402 = PCURVE('',#11064,#12403);
#12403 = DEFINITIONAL_REPRESENTATION('',(#12404),#12408);
#12404 = LINE('',#12405,#12406);
#12405 = CARTESIAN_POINT('',(0.,0.));
#12406 = VECTOR('',#12407,1.);
#12407 = DIRECTION('',(0.,-1.));
#12408 = ( GEOMETRIC_REPRESENTATION_CONTEXT(2) 
PARAMETRIC_REPRESENTATION_CONTEXT() REPRESENTATION_CONTEXT('2D SPACE',''
  ) );
#12409 = PCURVE('',#11939,#12410);
#12410 = DEFINITIONAL_REPRESENTATION('',(#12411),#12415);
#12411 = LINE('',#12412,#12413);
#12412 = CARTESIAN_POINT('',(0.,0.));
#12413 = VECTOR('',#12414,1.);
#12414 = DIRECTION('',(0.,1.));
#12415 = ( GEOMETRIC_REPRESENTATION_CONTEXT(2) 
PARAMETRIC_REPRESENTATION_CONTEXT() REPRESENTATION_CONTEXT('2D SPACE',''
  ) );
#12416 = ORIENTED_EDGE('',*,*,#12417,.T.);
#12417 = EDGE_CURVE('',#12395,#12418,#12420,.T.);
#12418 = VERTEX_POINT('',#12419);
#12419 = CARTESIAN_POINT('',(-8.,22.,124.));
#12420 = SURFACE_CURVE('',#12421,(#12425,#12432),.PCURVE_S1.);
#12421 = LINE('',#12422,#12423);
#12422 = CARTESIAN_POINT('',(-8.,22.,80.));
#12423 = VECTOR('',#12424,1.);
#12424 = DIRECTION('',(0.,0.,1.));
#12425 = PCURVE('',#11064,#12426);
#12426 = DEFINITIONAL_REPRESENTATION('',(#12427),#12431);
#12427 = LINE('',#12428,#12429);
#12428 = CARTESIAN_POINT('',(0.,-5.5));
#12429 = VECTOR('',#12430,1.);
#12430 = DIRECTION('',(1.,0.));
#12431 = ( GEOMETRIC_REPRESENTATION_CONTEXT(2) 
PARAMETRIC_REPRESENTATION_CONTEXT() REPRESENTATION_CONTEXT('2D SPACE',''
  ) );
#12432 = PCURVE('',#11862,#12433);
#12433 = DEFINITIONAL_REPRESENTATION('',(#12434),#12438);
#12434 = LINE('',#12435,#12436);
#12435 = CARTESIAN_POINT('',(0.,0.));
#12436 = VECTOR('',#12437,1.);
#12437 = DIRECTION('',(1.,0.));
#12438 = ( GEOMETRIC_REPRESENTATION_CONTEXT(2) 
PARAMETRIC_REPRESENTATION_CONTEXT() REPRESENTATION_CONTEXT('2D SPACE',''
  ) );
#12439 = ORIENTED_EDGE('',*,*,#12440,.T.);
#12440 = EDGE_CURVE('',#12418,#11104,#12441,.T.);
#12441 = SURFACE_CURVE('',#12442,(#12446,#12453),.PCURVE_S1.);
#12442 = LINE('',#12443,#12444);
#12443 = CARTESIAN_POINT('',(-8.,16.5,124.));
#12444 = VECTOR('',#12445,1.);
#12445 = DIRECTION('',(0.,-1.,0.));
#12446 = PCURVE('',#11064,#12447);
#12447 = DEFINITIONAL_REPRESENTATION('',(#12448),#12452);
#12448 = LINE('',#12449,#12450);
#12449 = CARTESIAN_POINT('',(44.,0.));
#12450 = VECTOR('',#12451,1.);
#12451 = DIRECTION('',(0.,1.));
#12452 = ( GEOMETRIC_REPRESENTATION_CONTEXT(2) 
PARAMETRIC_REPRESENTATION_CONTEXT() REPRESENTATION_CONTEXT('2D SPACE',''
  ) );
#12453 = PCURVE('',#11142,#12454);
#12454 = DEFINITIONAL_REPRESENTATION('',(#12455),#12459);
#12455 = LINE('',#12456,#12457);
#12456 = CARTESIAN_POINT('',(4.,0.));
#12457 = VECTOR('',#12458,1.);
#12458 = DIRECTION('',(0.,-1.));
#12459 = ( GEOMETRIC_REPRESENTATION_CONTEXT(2) 
PARAMETRIC_REPRESENTATION_CONTEXT() REPRESENTATION_CONTEXT('2D SPACE',''
  ) );
#12460 = ADVANCED_FACE('',(#12461),#11142,.F.);
#12461 = FACE_BOUND('',#12462,.F.);
#12462 = EDGE_LOOP('',(#12463,#12493,#12514,#12515,#12516,#12537,#12538,
    #12539));
#12463 = ORIENTED_EDGE('',*,*,#12464,.F.);
#12464 = EDGE_CURVE('',#12465,#12467,#12469,.T.);
#12465 = VERTEX_POINT('',#12466);
#12466 = CARTESIAN_POINT('',(-12.,23.5,124.));
#12467 = VERTEX_POINT('',#12468);
#12468 = CARTESIAN_POINT('',(12.,23.5,124.));
#12469 = SURFACE_CURVE('',#12470,(#12474,#12481),.PCURVE_S1.);
#12470 = LINE('',#12471,#12472);
#12471 = CARTESIAN_POINT('',(-12.,23.5,124.));
#12472 = VECTOR('',#12473,1.);
#12473 = DIRECTION('',(1.,0.,0.));
#12474 = PCURVE('',#11142,#12475);
#12475 = DEFINITIONAL_REPRESENTATION('',(#12476),#12480);
#12476 = LINE('',#12477,#12478);
#12477 = CARTESIAN_POINT('',(0.,7.));
#12478 = VECTOR('',#12479,1.);
#12479 = DIRECTION('',(1.,0.));
#12480 = ( GEOMETRIC_REPRESENTATION_CONTEXT(2) 
PARAMETRIC_REPRESENTATION_CONTEXT() REPRESENTATION_CONTEXT('2D SPACE',''
  ) );
#12481 = PCURVE('',#12482,#12487);
#12482 = PLANE('',#12483);
#12483 = AXIS2_PLACEMENT_3D('',#12484,#12485,#12486);
#12484 = CARTESIAN_POINT('',(-12.,23.5,124.));
#12485 = DIRECTION('',(0.,1.,0.));
#12486 = DIRECTION('',(0.,0.,1.));
#12487 = DEFINITIONAL_REPRESENTATION('',(#12488),#12492);
#12488 = LINE('',#12489,#12490);
#12489 = CARTESIAN_POINT('',(0.,0.));
#12490 = VECTOR('',#12491,1.);
#12491 = DIRECTION('',(0.,1.));
#12492 = ( GEOMETRIC_REPRESENTATION_CONTEXT(2) 
PARAMETRIC_REPRESENTATION_CONTEXT() REPRESENTATION_CONTEXT('2D SPACE',''
  ) );
#12493 = ORIENTED_EDGE('',*,*,#12494,.F.);
#12494 = EDGE_CURVE('',#11127,#12465,#12495,.T.);
#12495 = SURFACE_CURVE('',#12496,(#12500,#12507),.PCURVE_S1.);
#12496 = LINE('',#12497,#12498);
#12497 = CARTESIAN_POINT('',(-12.,16.5,124.));
#12498 = VECTOR('',#12499,1.);
#12499 = DIRECTION('',(0.,1.,0.));
#12500 = PCURVE('',#11142,#12501);
#12501 = DEFINITIONAL_REPRESENTATION('',(#12502),#12506);
#12502 = LINE('',#12503,#12504);
#12503 = CARTESIAN_POINT('',(0.,0.));
#12504 = VECTOR('',#12505,1.);
#12505 = DIRECTION('',(0.,1.));
#12506 = ( GEOMETRIC_REPRESENTATION_CONTEXT(2) 
PARAMETRIC_REPRESENTATION_CONTEXT() REPRESENTATION_CONTEXT('2D SPACE',''
  ) );
#12507 = PCURVE('',#11170,#12508);
#12508 = DEFINITIONAL_REPRESENTATION('',(#12509),#12513);
#12509 = LINE('',#12510,#12511);
#12510 = CARTESIAN_POINT('',(0.,0.));
#12511 = VECTOR('',#12512,1.);
#12512 = DIRECTION('',(0.,-1.));
#12513 = ( GEOMETRIC_REPRESENTATION_CONTEXT(2) 
PARAMETRIC_REPRESENTATION_CONTEXT() REPRESENTATION_CONTEXT('2D SPACE',''
  ) );
#12514 = ORIENTED_EDGE('',*,*,#11126,.T.);
#12515 = ORIENTED_EDGE('',*,*,#12440,.F.);
#12516 = ORIENTED_EDGE('',*,*,#12517,.T.);
#12517 = EDGE_CURVE('',#12418,#11847,#12518,.T.);
#12518 = SURFACE_CURVE('',#12519,(#12523,#12530),.PCURVE_S1.);
#12519 = LINE('',#12520,#12521);
#12520 = CARTESIAN_POINT('',(-10.,22.,124.));
#12521 = VECTOR('',#12522,1.);
#12522 = DIRECTION('',(1.,0.,0.));
#12523 = PCURVE('',#11142,#12524);
#12524 = DEFINITIONAL_REPRESENTATION('',(#12525),#12529);
#12525 = LINE('',#12526,#12527);
#12526 = CARTESIAN_POINT('',(2.,5.5));
#12527 = VECTOR('',#12528,1.);
#12528 = DIRECTION('',(1.,0.));
#12529 = ( GEOMETRIC_REPRESENTATION_CONTEXT(2) 
PARAMETRIC_REPRESENTATION_CONTEXT() REPRESENTATION_CONTEXT('2D SPACE',''
  ) );
#12530 = PCURVE('',#11862,#12531);
#12531 = DEFINITIONAL_REPRESENTATION('',(#12532),#12536);
#12532 = LINE('',#12533,#12534);
#12533 = CARTESIAN_POINT('',(44.,-2.));
#12534 = VECTOR('',#12535,1.);
#12535 = DIRECTION('',(0.,1.));
#12536 = ( GEOMETRIC_REPRESENTATION_CONTEXT(2) 
PARAMETRIC_REPRESENTATION_CONTEXT() REPRESENTATION_CONTEXT('2D SPACE',''
  ) );
#12537 = ORIENTED_EDGE('',*,*,#11874,.T.);
#12538 = ORIENTED_EDGE('',*,*,#11238,.T.);
#12539 = ORIENTED_EDGE('',*,*,#12540,.T.);
#12540 = EDGE_CURVE('',#11211,#12467,#12541,.T.);
#12541 = SURFACE_CURVE('',#12542,(#12546,#12553),.PCURVE_S1.);
#12542 = LINE('',#12543,#12544);
#12543 = CARTESIAN_POINT('',(12.,16.5,124.));
#12544 = VECTOR('',#12545,1.);
#12545 = DIRECTION('',(0.,1.,0.));
#12546 = PCURVE('',#11142,#12547);
#12547 = DEFINITIONAL_REPRESENTATION('',(#12548),#12552);
#12548 = LINE('',#12549,#12550);
#12549 = CARTESIAN_POINT('',(24.,0.));
#12550 = VECTOR('',#12551,1.);
#12551 = DIRECTION('',(0.,1.));
#12552 = ( GEOMETRIC_REPRESENTATION_CONTEXT(2) 
PARAMETRIC_REPRESENTATION_CONTEXT() REPRESENTATION_CONTEXT('2D SPACE',''
  ) );
#12553 = PCURVE('',#11226,#12554);
#12554 = DEFINITIONAL_REPRESENTATION('',(#12555),#12559);
#12555 = LINE('',#12556,#12557);
#12556 = CARTESIAN_POINT('',(0.,0.));
#12557 = VECTOR('',#12558,1.);
#12558 = DIRECTION('',(0.,-1.));
#12559 = ( GEOMETRIC_REPRESENTATION_CONTEXT(2) 
PARAMETRIC_REPRESENTATION_CONTEXT() REPRESENTATION_CONTEXT('2D SPACE',''
  ) );
#12560 = ADVANCED_FACE('',(#12561),#11226,.T.);
#12561 = FACE_BOUND('',#12562,.T.);
#12562 = EDGE_LOOP('',(#12563,#12564,#12565,#12588));
#12563 = ORIENTED_EDGE('',*,*,#11210,.F.);
#12564 = ORIENTED_EDGE('',*,*,#12540,.T.);
#12565 = ORIENTED_EDGE('',*,*,#12566,.T.);
#12566 = EDGE_CURVE('',#12467,#12567,#12569,.T.);
#12567 = VERTEX_POINT('',#12568);
#12568 = CARTESIAN_POINT('',(12.,23.5,132.));
#12569 = SURFACE_CURVE('',#12570,(#12574,#12581),.PCURVE_S1.);
#12570 = LINE('',#12571,#12572);
#12571 = CARTESIAN_POINT('',(12.,23.5,124.));
#12572 = VECTOR('',#12573,1.);
#12573 = DIRECTION('',(0.,0.,1.));
#12574 = PCURVE('',#11226,#12575);
#12575 = DEFINITIONAL_REPRESENTATION('',(#12576),#12580);
#12576 = LINE('',#12577,#12578);
#12577 = CARTESIAN_POINT('',(0.,-7.));
#12578 = VECTOR('',#12579,1.);
#12579 = DIRECTION('',(1.,0.));
#12580 = ( GEOMETRIC_REPRESENTATION_CONTEXT(2) 
PARAMETRIC_REPRESENTATION_CONTEXT() REPRESENTATION_CONTEXT('2D SPACE',''
  ) );
#12581 = PCURVE('',#12482,#12582);
#12582 = DEFINITIONAL_REPRESENTATION('',(#12583),#12587);
#12583 = LINE('',#12584,#12585);
#12584 = CARTESIAN_POINT('',(0.,24.));
#12585 = VECTOR('',#12586,1.);
#12586 = DIRECTION('',(1.,0.));
#12587 = ( GEOMETRIC_REPRESENTATION_CONTEXT(2) 
PARAMETRIC_REPRESENTATION_CONTEXT() REPRESENTATION_CONTEXT('2D SPACE',''
  ) );
#12588 = ORIENTED_EDGE('',*,*,#12589,.F.);
#12589 = EDGE_CURVE('',#11183,#12567,#12590,.T.);
#12590 = SURFACE_CURVE('',#12591,(#12595,#12602),.PCURVE_S1.);
#12591 = LINE('',#12592,#12593);
#12592 = CARTESIAN_POINT('',(12.,16.5,132.));
#12593 = VECTOR('',#12594,1.);
#12594 = DIRECTION('',(0.,1.,0.));
#12595 = PCURVE('',#11226,#12596);
#12596 = DEFINITIONAL_REPRESENTATION('',(#12597),#12601);
#12597 = LINE('',#12598,#12599);
#12598 = CARTESIAN_POINT('',(8.,0.));
#12599 = VECTOR('',#12600,1.);
#12600 = DIRECTION('',(0.,-1.));
#12601 = ( GEOMETRIC_REPRESENTATION_CONTEXT(2) 
PARAMETRIC_REPRESENTATION_CONTEXT() REPRESENTATION_CONTEXT('2D SPACE',''
  ) );
#12602 = PCURVE('',#11198,#12603);
#12603 = DEFINITIONAL_REPRESENTATION('',(#12604),#12608);
#12604 = LINE('',#12605,#12606);
#12605 = CARTESIAN_POINT('',(20.,0.));
#12606 = VECTOR('',#12607,1.);
#12607 = DIRECTION('',(0.,1.));
#12608 = ( GEOMETRIC_REPRESENTATION_CONTEXT(2) 
PARAMETRIC_REPRESENTATION_CONTEXT() REPRESENTATION_CONTEXT('2D SPACE',''
  ) );
#12609 = ADVANCED_FACE('',(#12610),#11198,.T.);
#12610 = FACE_BOUND('',#12611,.T.);
#12611 = EDGE_LOOP('',(#12612,#12613,#12614,#12637));
#12612 = ORIENTED_EDGE('',*,*,#11182,.F.);
#12613 = ORIENTED_EDGE('',*,*,#12589,.T.);
#12614 = ORIENTED_EDGE('',*,*,#12615,.F.);
#12615 = EDGE_CURVE('',#12616,#12567,#12618,.T.);
#12616 = VERTEX_POINT('',#12617);
#12617 = CARTESIAN_POINT('',(-12.,23.5,132.));
#12618 = SURFACE_CURVE('',#12619,(#12623,#12630),.PCURVE_S1.);
#12619 = LINE('',#12620,#12621);
#12620 = CARTESIAN_POINT('',(-12.,23.5,132.));
#12621 = VECTOR('',#12622,1.);
#12622 = DIRECTION('',(1.,0.,0.));
#12623 = PCURVE('',#11198,#12624);
#12624 = DEFINITIONAL_REPRESENTATION('',(#12625),#12629);
#12625 = LINE('',#12626,#12627);
#12626 = CARTESIAN_POINT('',(-4.,7.));
#12627 = VECTOR('',#12628,1.);
#12628 = DIRECTION('',(1.,0.));
#12629 = ( GEOMETRIC_REPRESENTATION_CONTEXT(2) 
PARAMETRIC_REPRESENTATION_CONTEXT() REPRESENTATION_CONTEXT('2D SPACE',''
  ) );
#12630 = PCURVE('',#12482,#12631);
#12631 = DEFINITIONAL_REPRESENTATION('',(#12632),#12636);
#12632 = LINE('',#12633,#12634);
#12633 = CARTESIAN_POINT('',(8.,0.));
#12634 = VECTOR('',#12635,1.);
#12635 = DIRECTION('',(0.,1.));
#12636 = ( GEOMETRIC_REPRESENTATION_CONTEXT(2) 
PARAMETRIC_REPRESENTATION_CONTEXT() REPRESENTATION_CONTEXT('2D SPACE',''
  ) );
#12637 = ORIENTED_EDGE('',*,*,#12638,.F.);
#12638 = EDGE_CURVE('',#11155,#12616,#12639,.T.);
#12639 = SURFACE_CURVE('',#12640,(#12644,#12651),.PCURVE_S1.);
#12640 = LINE('',#12641,#12642);
#12641 = CARTESIAN_POINT('',(-12.,16.5,132.));
#12642 = VECTOR('',#12643,1.);
#12643 = DIRECTION('',(0.,1.,0.));
#12644 = PCURVE('',#11198,#12645);
#12645 = DEFINITIONAL_REPRESENTATION('',(#12646),#12650);
#12646 = LINE('',#12647,#12648);
#12647 = CARTESIAN_POINT('',(-4.,0.));
#12648 = VECTOR('',#12649,1.);
#12649 = DIRECTION('',(0.,1.));
#12650 = ( GEOMETRIC_REPRESENTATION_CONTEXT(2) 
PARAMETRIC_REPRESENTATION_CONTEXT() REPRESENTATION_CONTEXT('2D SPACE',''
  ) );
#12651 = PCURVE('',#11170,#12652);
#12652 = DEFINITIONAL_REPRESENTATION('',(#12653),#12657);
#12653 = LINE('',#12654,#12655);
#12654 = CARTESIAN_POINT('',(8.,0.));
#12655 = VECTOR('',#12656,1.);
#12656 = DIRECTION('',(0.,-1.));
#12657 = ( GEOMETRIC_REPRESENTATION_CONTEXT(2) 
PARAMETRIC_REPRESENTATION_CONTEXT() REPRESENTATION_CONTEXT('2D SPACE',''
  ) );
#12658 = ADVANCED_FACE('',(#12659),#11170,.F.);
#12659 = FACE_BOUND('',#12660,.F.);
#12660 = EDGE_LOOP('',(#12661,#12662,#12663,#12684));
#12661 = ORIENTED_EDGE('',*,*,#11154,.F.);
#12662 = ORIENTED_EDGE('',*,*,#12494,.T.);
#12663 = ORIENTED_EDGE('',*,*,#12664,.T.);
#12664 = EDGE_CURVE('',#12465,#12616,#12665,.T.);
#12665 = SURFACE_CURVE('',#12666,(#12670,#12677),.PCURVE_S1.);
#12666 = LINE('',#12667,#12668);
#12667 = CARTESIAN_POINT('',(-12.,23.5,124.));
#12668 = VECTOR('',#12669,1.);
#12669 = DIRECTION('',(0.,0.,1.));
#12670 = PCURVE('',#11170,#12671);
#12671 = DEFINITIONAL_REPRESENTATION('',(#12672),#12676);
#12672 = LINE('',#12673,#12674);
#12673 = CARTESIAN_POINT('',(0.,-7.));
#12674 = VECTOR('',#12675,1.);
#12675 = DIRECTION('',(1.,0.));
#12676 = ( GEOMETRIC_REPRESENTATION_CONTEXT(2) 
PARAMETRIC_REPRESENTATION_CONTEXT() REPRESENTATION_CONTEXT('2D SPACE',''
  ) );
#12677 = PCURVE('',#12482,#12678);
#12678 = DEFINITIONAL_REPRESENTATION('',(#12679),#12683);
#12679 = LINE('',#12680,#12681);
#12680 = CARTESIAN_POINT('',(0.,0.));
#12681 = VECTOR('',#12682,1.);
#12682 = DIRECTION('',(1.,0.));
#12683 = ( GEOMETRIC_REPRESENTATION_CONTEXT(2) 
PARAMETRIC_REPRESENTATION_CONTEXT() REPRESENTATION_CONTEXT('2D SPACE',''
  ) );
#12684 = ORIENTED_EDGE('',*,*,#12638,.F.);
#12685 = ADVANCED_FACE('',(#12686),#11279,.F.);
#12686 = FACE_BOUND('',#12687,.F.);
#12687 = EDGE_LOOP('',(#12688,#12689,#12710,#12711));
#12688 = ORIENTED_EDGE('',*,*,#11261,.T.);
#12689 = ORIENTED_EDGE('',*,*,#12690,.T.);
#12690 = EDGE_CURVE('',#11264,#12051,#12691,.T.);
#12691 = SURFACE_CURVE('',#12692,(#12696,#12703),.PCURVE_S1.);
#12692 = LINE('',#12693,#12694);
#12693 = CARTESIAN_POINT('',(-6.1,15.5,73.1));
#12694 = VECTOR('',#12695,1.);
#12695 = DIRECTION('',(1.110223024625E-16,1.,0.));
#12696 = PCURVE('',#11279,#12697);
#12697 = DEFINITIONAL_REPRESENTATION('',(#12698),#12702);
#12698 = LINE('',#12699,#12700);
#12699 = CARTESIAN_POINT('',(0.,0.));
#12700 = VECTOR('',#12701,1.);
#12701 = DIRECTION('',(0.,-1.));
#12702 = ( GEOMETRIC_REPRESENTATION_CONTEXT(2) 
PARAMETRIC_REPRESENTATION_CONTEXT() REPRESENTATION_CONTEXT('2D SPACE',''
  ) );
#12703 = PCURVE('',#11371,#12704);
#12704 = DEFINITIONAL_REPRESENTATION('',(#12705),#12709);
#12705 = LINE('',#12706,#12707);
#12706 = CARTESIAN_POINT('',(3.14159265359,0.));
#12707 = VECTOR('',#12708,1.);
#12708 = DIRECTION('',(0.,-1.));
#12709 = ( GEOMETRIC_REPRESENTATION_CONTEXT(2) 
PARAMETRIC_REPRESENTATION_CONTEXT() REPRESENTATION_CONTEXT('2D SPACE',''
  ) );
#12710 = ORIENTED_EDGE('',*,*,#12048,.F.);
#12711 = ORIENTED_EDGE('',*,*,#12712,.F.);
#12712 = EDGE_CURVE('',#11262,#12049,#12713,.T.);
#12713 = SURFACE_CURVE('',#12714,(#12718,#12725),.PCURVE_S1.);
#12714 = LINE('',#12715,#12716);
#12715 = CARTESIAN_POINT('',(-8.9,15.5,73.1));
#12716 = VECTOR('',#12717,1.);
#12717 = DIRECTION('',(1.110223024625E-16,1.,0.));
#12718 = PCURVE('',#11279,#12719);
#12719 = DEFINITIONAL_REPRESENTATION('',(#12720),#12724);
#12720 = LINE('',#12721,#12722);
#12721 = CARTESIAN_POINT('',(2.8,-1.465494392505E-15));
#12722 = VECTOR('',#12723,1.);
#12723 = DIRECTION('',(0.,-1.));
#12724 = ( GEOMETRIC_REPRESENTATION_CONTEXT(2) 
PARAMETRIC_REPRESENTATION_CONTEXT() REPRESENTATION_CONTEXT('2D SPACE',''
  ) );
#12725 = PCURVE('',#11312,#12726);
#12726 = DEFINITIONAL_REPRESENTATION('',(#12727),#12731);
#12727 = LINE('',#12728,#12729);
#12728 = CARTESIAN_POINT('',(0.,0.));
#12729 = VECTOR('',#12730,1.);
#12730 = DIRECTION('',(0.,-1.));
#12731 = ( GEOMETRIC_REPRESENTATION_CONTEXT(2) 
PARAMETRIC_REPRESENTATION_CONTEXT() REPRESENTATION_CONTEXT('2D SPACE',''
  ) );
#12732 = ADVANCED_FACE('',(#12733),#11371,.F.);
#12733 = FACE_BOUND('',#12734,.F.);
#12734 = EDGE_LOOP('',(#12735,#12736,#12757,#12758));
#12735 = ORIENTED_EDGE('',*,*,#11352,.F.);
#12736 = ORIENTED_EDGE('',*,*,#12737,.T.);
#12737 = EDGE_CURVE('',#11325,#12102,#12738,.T.);
#12738 = SURFACE_CURVE('',#12739,(#12743,#12750),.PCURVE_S1.);
#12739 = LINE('',#12740,#12741);
#12740 = CARTESIAN_POINT('',(-6.1,15.5,70.9));
#12741 = VECTOR('',#12742,1.);
#12742 = DIRECTION('',(1.110223024625E-16,1.,0.));
#12743 = PCURVE('',#11371,#12744);
#12744 = DEFINITIONAL_REPRESENTATION('',(#12745),#12749);
#12745 = LINE('',#12746,#12747);
#12746 = CARTESIAN_POINT('',(0.,0.));
#12747 = VECTOR('',#12748,1.);
#12748 = DIRECTION('',(0.,-1.));
#12749 = ( GEOMETRIC_REPRESENTATION_CONTEXT(2) 
PARAMETRIC_REPRESENTATION_CONTEXT() REPRESENTATION_CONTEXT('2D SPACE',''
  ) );
#12750 = PCURVE('',#11340,#12751);
#12751 = DEFINITIONAL_REPRESENTATION('',(#12752),#12756);
#12752 = LINE('',#12753,#12754);
#12753 = CARTESIAN_POINT('',(2.8,1.465494392505E-15));
#12754 = VECTOR('',#12755,1.);
#12755 = DIRECTION('',(0.,-1.));
#12756 = ( GEOMETRIC_REPRESENTATION_CONTEXT(2) 
PARAMETRIC_REPRESENTATION_CONTEXT() REPRESENTATION_CONTEXT('2D SPACE',''
  ) );
#12757 = ORIENTED_EDGE('',*,*,#12124,.T.);
#12758 = ORIENTED_EDGE('',*,*,#12690,.F.);
#12759 = ADVANCED_FACE('',(#12760),#11340,.F.);
#12760 = FACE_BOUND('',#12761,.F.);
#12761 = EDGE_LOOP('',(#12762,#12763,#12784,#12785));
#12762 = ORIENTED_EDGE('',*,*,#11324,.T.);
#12763 = ORIENTED_EDGE('',*,*,#12764,.T.);
#12764 = EDGE_CURVE('',#11292,#12074,#12765,.T.);
#12765 = SURFACE_CURVE('',#12766,(#12770,#12777),.PCURVE_S1.);
#12766 = LINE('',#12767,#12768);
#12767 = CARTESIAN_POINT('',(-8.9,15.5,70.9));
#12768 = VECTOR('',#12769,1.);
#12769 = DIRECTION('',(1.110223024625E-16,1.,0.));
#12770 = PCURVE('',#11340,#12771);
#12771 = DEFINITIONAL_REPRESENTATION('',(#12772),#12776);
#12772 = LINE('',#12773,#12774);
#12773 = CARTESIAN_POINT('',(0.,0.));
#12774 = VECTOR('',#12775,1.);
#12775 = DIRECTION('',(0.,-1.));
#12776 = ( GEOMETRIC_REPRESENTATION_CONTEXT(2) 
PARAMETRIC_REPRESENTATION_CONTEXT() REPRESENTATION_CONTEXT('2D SPACE',''
  ) );
#12777 = PCURVE('',#11312,#12778);
#12778 = DEFINITIONAL_REPRESENTATION('',(#12779),#12783);
#12779 = LINE('',#12780,#12781);
#12780 = CARTESIAN_POINT('',(3.14159265359,0.));
#12781 = VECTOR('',#12782,1.);
#12782 = DIRECTION('',(0.,-1.));
#12783 = ( GEOMETRIC_REPRESENTATION_CONTEXT(2) 
PARAMETRIC_REPRESENTATION_CONTEXT() REPRESENTATION_CONTEXT('2D SPACE',''
  ) );
#12784 = ORIENTED_EDGE('',*,*,#12101,.F.);
#12785 = ORIENTED_EDGE('',*,*,#12737,.F.);
#12786 = ADVANCED_FACE('',(#12787),#11312,.F.);
#12787 = FACE_BOUND('',#12788,.F.);
#12788 = EDGE_LOOP('',(#12789,#12790,#12791,#12792));
#12789 = ORIENTED_EDGE('',*,*,#11291,.F.);
#12790 = ORIENTED_EDGE('',*,*,#12712,.T.);
#12791 = ORIENTED_EDGE('',*,*,#12073,.T.);
#12792 = ORIENTED_EDGE('',*,*,#12764,.F.);
#12793 = ADVANCED_FACE('',(#12794),#11403,.F.);
#12794 = FACE_BOUND('',#12795,.F.);
#12795 = EDGE_LOOP('',(#12796,#12797,#12818,#12819));
#12796 = ORIENTED_EDGE('',*,*,#11385,.T.);
#12797 = ORIENTED_EDGE('',*,*,#12798,.T.);
#12798 = EDGE_CURVE('',#11388,#12155,#12799,.T.);
#12799 = SURFACE_CURVE('',#12800,(#12804,#12811),.PCURVE_S1.);
#12800 = LINE('',#12801,#12802);
#12801 = CARTESIAN_POINT('',(-1.1,15.5,65.9));
#12802 = VECTOR('',#12803,1.);
#12803 = DIRECTION('',(1.110223024625E-16,1.,0.));
#12804 = PCURVE('',#11403,#12805);
#12805 = DEFINITIONAL_REPRESENTATION('',(#12806),#12810);
#12806 = LINE('',#12807,#12808);
#12807 = CARTESIAN_POINT('',(0.,0.));
#12808 = VECTOR('',#12809,1.);
#12809 = DIRECTION('',(0.,-1.));
#12810 = ( GEOMETRIC_REPRESENTATION_CONTEXT(2) 
PARAMETRIC_REPRESENTATION_CONTEXT() REPRESENTATION_CONTEXT('2D SPACE',''
  ) );
#12811 = PCURVE('',#11495,#12812);
#12812 = DEFINITIONAL_REPRESENTATION('',(#12813),#12817);
#12813 = LINE('',#12814,#12815);
#12814 = CARTESIAN_POINT('',(3.14159265359,0.));
#12815 = VECTOR('',#12816,1.);
#12816 = DIRECTION('',(0.,-1.));
#12817 = ( GEOMETRIC_REPRESENTATION_CONTEXT(2) 
PARAMETRIC_REPRESENTATION_CONTEXT() REPRESENTATION_CONTEXT('2D SPACE',''
  ) );
#12818 = ORIENTED_EDGE('',*,*,#12152,.F.);
#12819 = ORIENTED_EDGE('',*,*,#12820,.F.);
#12820 = EDGE_CURVE('',#11386,#12153,#12821,.T.);
#12821 = SURFACE_CURVE('',#12822,(#12826,#12833),.PCURVE_S1.);
#12822 = LINE('',#12823,#12824);
#12823 = CARTESIAN_POINT('',(-1.1,15.5,63.1));
#12824 = VECTOR('',#12825,1.);
#12825 = DIRECTION('',(1.110223024625E-16,1.,0.));
#12826 = PCURVE('',#11403,#12827);
#12827 = DEFINITIONAL_REPRESENTATION('',(#12828),#12832);
#12828 = LINE('',#12829,#12830);
#12829 = CARTESIAN_POINT('',(2.8,-7.395570986447E-32));
#12830 = VECTOR('',#12831,1.);
#12831 = DIRECTION('',(0.,-1.));
#12832 = ( GEOMETRIC_REPRESENTATION_CONTEXT(2) 
PARAMETRIC_REPRESENTATION_CONTEXT() REPRESENTATION_CONTEXT('2D SPACE',''
  ) );
#12833 = PCURVE('',#11436,#12834);
#12834 = DEFINITIONAL_REPRESENTATION('',(#12835),#12839);
#12835 = LINE('',#12836,#12837);
#12836 = CARTESIAN_POINT('',(0.,0.));
#12837 = VECTOR('',#12838,1.);
#12838 = DIRECTION('',(0.,-1.));
#12839 = ( GEOMETRIC_REPRESENTATION_CONTEXT(2) 
PARAMETRIC_REPRESENTATION_CONTEXT() REPRESENTATION_CONTEXT('2D SPACE',''
  ) );
#12840 = ADVANCED_FACE('',(#12841),#11436,.F.);
#12841 = FACE_BOUND('',#12842,.F.);
#12842 = EDGE_LOOP('',(#12843,#12844,#12845,#12846));
#12843 = ORIENTED_EDGE('',*,*,#11415,.F.);
#12844 = ORIENTED_EDGE('',*,*,#12820,.T.);
#12845 = ORIENTED_EDGE('',*,*,#12177,.T.);
#12846 = ORIENTED_EDGE('',*,*,#12847,.F.);
#12847 = EDGE_CURVE('',#11416,#12178,#12848,.T.);
#12848 = SURFACE_CURVE('',#12849,(#12853,#12860),.PCURVE_S1.);
#12849 = LINE('',#12850,#12851);
#12850 = CARTESIAN_POINT('',(1.1,15.5,63.1));
#12851 = VECTOR('',#12852,1.);
#12852 = DIRECTION('',(1.110223024625E-16,1.,0.));
#12853 = PCURVE('',#11436,#12854);
#12854 = DEFINITIONAL_REPRESENTATION('',(#12855),#12859);
#12855 = LINE('',#12856,#12857);
#12856 = CARTESIAN_POINT('',(3.14159265359,0.));
#12857 = VECTOR('',#12858,1.);
#12858 = DIRECTION('',(0.,-1.));
#12859 = ( GEOMETRIC_REPRESENTATION_CONTEXT(2) 
PARAMETRIC_REPRESENTATION_CONTEXT() REPRESENTATION_CONTEXT('2D SPACE',''
  ) );
#12860 = PCURVE('',#11464,#12861);
#12861 = DEFINITIONAL_REPRESENTATION('',(#12862),#12866);
#12862 = LINE('',#12863,#12864);
#12863 = CARTESIAN_POINT('',(0.,0.));
#12864 = VECTOR('',#12865,1.);
#12865 = DIRECTION('',(0.,-1.));
#12866 = ( GEOMETRIC_REPRESENTATION_CONTEXT(2) 
PARAMETRIC_REPRESENTATION_CONTEXT() REPRESENTATION_CONTEXT('2D SPACE',''
  ) );
#12867 = ADVANCED_FACE('',(#12868),#11495,.F.);
#12868 = FACE_BOUND('',#12869,.F.);
#12869 = EDGE_LOOP('',(#12870,#12871,#12892,#12893));
#12870 = ORIENTED_EDGE('',*,*,#11476,.F.);
#12871 = ORIENTED_EDGE('',*,*,#12872,.T.);
#12872 = EDGE_CURVE('',#11449,#12206,#12873,.T.);
#12873 = SURFACE_CURVE('',#12874,(#12878,#12885),.PCURVE_S1.);
#12874 = LINE('',#12875,#12876);
#12875 = CARTESIAN_POINT('',(1.1,15.5,65.9));
#12876 = VECTOR('',#12877,1.);
#12877 = DIRECTION('',(1.110223024625E-16,1.,0.));
#12878 = PCURVE('',#11495,#12879);
#12879 = DEFINITIONAL_REPRESENTATION('',(#12880),#12884);
#12880 = LINE('',#12881,#12882);
#12881 = CARTESIAN_POINT('',(0.,0.));
#12882 = VECTOR('',#12883,1.);
#12883 = DIRECTION('',(0.,-1.));
#12884 = ( GEOMETRIC_REPRESENTATION_CONTEXT(2) 
PARAMETRIC_REPRESENTATION_CONTEXT() REPRESENTATION_CONTEXT('2D SPACE',''
  ) );
#12885 = PCURVE('',#11464,#12886);
#12886 = DEFINITIONAL_REPRESENTATION('',(#12887),#12891);
#12887 = LINE('',#12888,#12889);
#12888 = CARTESIAN_POINT('',(2.8,7.395570986447E-32));
#12889 = VECTOR('',#12890,1.);
#12890 = DIRECTION('',(0.,-1.));
#12891 = ( GEOMETRIC_REPRESENTATION_CONTEXT(2) 
PARAMETRIC_REPRESENTATION_CONTEXT() REPRESENTATION_CONTEXT('2D SPACE',''
  ) );
#12892 = ORIENTED_EDGE('',*,*,#12228,.T.);
#12893 = ORIENTED_EDGE('',*,*,#12798,.F.);
#12894 = ADVANCED_FACE('',(#12895),#11464,.F.);
#12895 = FACE_BOUND('',#12896,.F.);
#12896 = EDGE_LOOP('',(#12897,#12898,#12899,#12900));
#12897 = ORIENTED_EDGE('',*,*,#11448,.T.);
#12898 = ORIENTED_EDGE('',*,*,#12847,.T.);
#12899 = ORIENTED_EDGE('',*,*,#12205,.F.);
#12900 = ORIENTED_EDGE('',*,*,#12872,.F.);
#12901 = ADVANCED_FACE('',(#12902),#11530,.F.);
#12902 = FACE_BOUND('',#12903,.T.);
#12903 = EDGE_LOOP('',(#12904,#12905,#12926,#12927));
#12904 = ORIENTED_EDGE('',*,*,#11509,.T.);
#12905 = ORIENTED_EDGE('',*,*,#12906,.T.);
#12906 = EDGE_CURVE('',#11510,#12257,#12907,.T.);
#12907 = SEAM_CURVE('',#12908,(#12912,#12919),.PCURVE_S1.);
#12908 = LINE('',#12909,#12910);
#12909 = CARTESIAN_POINT('',(-3.4,15.5,72.));
#12910 = VECTOR('',#12911,1.);
#12911 = DIRECTION('',(1.110223024625E-16,1.,0.));
#12912 = PCURVE('',#11530,#12913);
#12913 = DEFINITIONAL_REPRESENTATION('',(#12914),#12918);
#12914 = LINE('',#12915,#12916);
#12915 = CARTESIAN_POINT('',(-6.28318530718,0.));
#12916 = VECTOR('',#12917,1.);
#12917 = DIRECTION('',(-0.,-1.));
#12918 = ( GEOMETRIC_REPRESENTATION_CONTEXT(2) 
PARAMETRIC_REPRESENTATION_CONTEXT() REPRESENTATION_CONTEXT('2D SPACE',''
  ) );
#12919 = PCURVE('',#11530,#12920);
#12920 = DEFINITIONAL_REPRESENTATION('',(#12921),#12925);
#12921 = LINE('',#12922,#12923);
#12922 = CARTESIAN_POINT('',(-0.,0.));
#12923 = VECTOR('',#12924,1.);
#12924 = DIRECTION('',(-0.,-1.));
#12925 = ( GEOMETRIC_REPRESENTATION_CONTEXT(2) 
PARAMETRIC_REPRESENTATION_CONTEXT() REPRESENTATION_CONTEXT('2D SPACE',''
  ) );
#12926 = ORIENTED_EDGE('',*,*,#12256,.F.);
#12927 = ORIENTED_EDGE('',*,*,#12906,.F.);
#12928 = ADVANCED_FACE('',(#12929),#11562,.F.);
#12929 = FACE_BOUND('',#12930,.F.);
#12930 = EDGE_LOOP('',(#12931,#12932,#12953,#12954,#12977,#13000));
#12931 = ORIENTED_EDGE('',*,*,#11544,.T.);
#12932 = ORIENTED_EDGE('',*,*,#12933,.T.);
#12933 = EDGE_CURVE('',#11547,#11975,#12934,.T.);
#12934 = SURFACE_CURVE('',#12935,(#12939,#12946),.PCURVE_S1.);
#12935 = LINE('',#12936,#12937);
#12936 = CARTESIAN_POINT('',(1.1,15.5,78.1));
#12937 = VECTOR('',#12938,1.);
#12938 = DIRECTION('',(1.110223024625E-16,1.,0.));
#12939 = PCURVE('',#11562,#12940);
#12940 = DEFINITIONAL_REPRESENTATION('',(#12941),#12945);
#12941 = LINE('',#12942,#12943);
#12942 = CARTESIAN_POINT('',(0.,0.));
#12943 = VECTOR('',#12944,1.);
#12944 = DIRECTION('',(0.,-1.));
#12945 = ( GEOMETRIC_REPRESENTATION_CONTEXT(2) 
PARAMETRIC_REPRESENTATION_CONTEXT() REPRESENTATION_CONTEXT('2D SPACE',''
  ) );
#12946 = PCURVE('',#11654,#12947);
#12947 = DEFINITIONAL_REPRESENTATION('',(#12948),#12952);
#12948 = LINE('',#12949,#12950);
#12949 = CARTESIAN_POINT('',(3.14159265359,0.));
#12950 = VECTOR('',#12951,1.);
#12951 = DIRECTION('',(0.,-1.));
#12952 = ( GEOMETRIC_REPRESENTATION_CONTEXT(2) 
PARAMETRIC_REPRESENTATION_CONTEXT() REPRESENTATION_CONTEXT('2D SPACE',''
  ) );
#12953 = ORIENTED_EDGE('',*,*,#12002,.F.);
#12954 = ORIENTED_EDGE('',*,*,#12955,.T.);
#12955 = EDGE_CURVE('',#12003,#12956,#12958,.T.);
#12956 = VERTEX_POINT('',#12957);
#12957 = CARTESIAN_POINT('',(1.1,22.,80.));
#12958 = SURFACE_CURVE('',#12959,(#12963,#12970),.PCURVE_S1.);
#12959 = LINE('',#12960,#12961);
#12960 = CARTESIAN_POINT('',(1.1,16.,80.));
#12961 = VECTOR('',#12962,1.);
#12962 = DIRECTION('',(1.110223024625E-16,1.,0.));
#12963 = PCURVE('',#11562,#12964);
#12964 = DEFINITIONAL_REPRESENTATION('',(#12965),#12969);
#12965 = LINE('',#12966,#12967);
#12966 = CARTESIAN_POINT('',(1.9,-0.5));
#12967 = VECTOR('',#12968,1.);
#12968 = DIRECTION('',(0.,-1.));
#12969 = ( GEOMETRIC_REPRESENTATION_CONTEXT(2) 
PARAMETRIC_REPRESENTATION_CONTEXT() REPRESENTATION_CONTEXT('2D SPACE',''
  ) );
#12970 = PCURVE('',#11834,#12971);
#12971 = DEFINITIONAL_REPRESENTATION('',(#12972),#12976);
#12972 = LINE('',#12973,#12974);
#12973 = CARTESIAN_POINT('',(9.1,-0.5));
#12974 = VECTOR('',#12975,1.);
#12975 = DIRECTION('',(1.110223024625E-16,1.));
#12976 = ( GEOMETRIC_REPRESENTATION_CONTEXT(2) 
PARAMETRIC_REPRESENTATION_CONTEXT() REPRESENTATION_CONTEXT('2D SPACE',''
  ) );
#12977 = ORIENTED_EDGE('',*,*,#12978,.F.);
#12978 = EDGE_CURVE('',#12979,#12956,#12981,.T.);
#12979 = VERTEX_POINT('',#12980);
#12980 = CARTESIAN_POINT('',(1.1,22.,80.9));
#12981 = SURFACE_CURVE('',#12982,(#12986,#12993),.PCURVE_S1.);
#12982 = LINE('',#12983,#12984);
#12983 = CARTESIAN_POINT('',(1.1,22.,79.05));
#12984 = VECTOR('',#12985,1.);
#12985 = DIRECTION('',(1.110223024625E-16,0.,-1.));
#12986 = PCURVE('',#11562,#12987);
#12987 = DEFINITIONAL_REPRESENTATION('',(#12988),#12992);
#12988 = LINE('',#12989,#12990);
#12989 = CARTESIAN_POINT('',(0.95,-6.5));
#12990 = VECTOR('',#12991,1.);
#12991 = DIRECTION('',(-1.,-1.232595164408E-32));
#12992 = ( GEOMETRIC_REPRESENTATION_CONTEXT(2) 
PARAMETRIC_REPRESENTATION_CONTEXT() REPRESENTATION_CONTEXT('2D SPACE',''
  ) );
#12993 = PCURVE('',#11862,#12994);
#12994 = DEFINITIONAL_REPRESENTATION('',(#12995),#12999);
#12995 = LINE('',#12996,#12997);
#12996 = CARTESIAN_POINT('',(-0.95,9.1));
#12997 = VECTOR('',#12998,1.);
#12998 = DIRECTION('',(-1.,1.110223024625E-16));
#12999 = ( GEOMETRIC_REPRESENTATION_CONTEXT(2) 
PARAMETRIC_REPRESENTATION_CONTEXT() REPRESENTATION_CONTEXT('2D SPACE',''
  ) );
#13000 = ORIENTED_EDGE('',*,*,#13001,.F.);
#13001 = EDGE_CURVE('',#11545,#12979,#13002,.T.);
#13002 = SURFACE_CURVE('',#13003,(#13007,#13014),.PCURVE_S1.);
#13003 = LINE('',#13004,#13005);
#13004 = CARTESIAN_POINT('',(1.1,15.5,80.9));
#13005 = VECTOR('',#13006,1.);
#13006 = DIRECTION('',(1.110223024625E-16,1.,0.));
#13007 = PCURVE('',#11562,#13008);
#13008 = DEFINITIONAL_REPRESENTATION('',(#13009),#13013);
#13009 = LINE('',#13010,#13011);
#13010 = CARTESIAN_POINT('',(2.8,2.465190328816E-32));
#13011 = VECTOR('',#13012,1.);
#13012 = DIRECTION('',(0.,-1.));
#13013 = ( GEOMETRIC_REPRESENTATION_CONTEXT(2) 
PARAMETRIC_REPRESENTATION_CONTEXT() REPRESENTATION_CONTEXT('2D SPACE',''
  ) );
#13014 = PCURVE('',#11595,#13015);
#13015 = DEFINITIONAL_REPRESENTATION('',(#13016),#13020);
#13016 = LINE('',#13017,#13018);
#13017 = CARTESIAN_POINT('',(0.,0.));
#13018 = VECTOR('',#13019,1.);
#13019 = DIRECTION('',(0.,-1.));
#13020 = ( GEOMETRIC_REPRESENTATION_CONTEXT(2) 
PARAMETRIC_REPRESENTATION_CONTEXT() REPRESENTATION_CONTEXT('2D SPACE',''
  ) );
#13021 = ADVANCED_FACE('',(#13022),#11595,.F.);
#13022 = FACE_BOUND('',#13023,.F.);
#13023 = EDGE_LOOP('',(#13024,#13025,#13026,#13054));
#13024 = ORIENTED_EDGE('',*,*,#11574,.F.);
#13025 = ORIENTED_EDGE('',*,*,#13001,.T.);
#13026 = ORIENTED_EDGE('',*,*,#13027,.T.);
#13027 = EDGE_CURVE('',#12979,#13028,#13030,.T.);
#13028 = VERTEX_POINT('',#13029);
#13029 = CARTESIAN_POINT('',(-1.1,22.,80.9));
#13030 = SURFACE_CURVE('',#13031,(#13036,#13043),.PCURVE_S1.);
#13031 = CIRCLE('',#13032,1.1);
#13032 = AXIS2_PLACEMENT_3D('',#13033,#13034,#13035);
#13033 = CARTESIAN_POINT('',(2.287059430728E-15,22.,80.9));
#13034 = DIRECTION('',(-1.110223024625E-16,-1.,0.));
#13035 = DIRECTION('',(1.,-1.110223024625E-16,1.110223024625E-16));
#13036 = PCURVE('',#11595,#13037);
#13037 = DEFINITIONAL_REPRESENTATION('',(#13038),#13042);
#13038 = LINE('',#13039,#13040);
#13039 = CARTESIAN_POINT('',(0.,-6.5));
#13040 = VECTOR('',#13041,1.);
#13041 = DIRECTION('',(1.,0.));
#13042 = ( GEOMETRIC_REPRESENTATION_CONTEXT(2) 
PARAMETRIC_REPRESENTATION_CONTEXT() REPRESENTATION_CONTEXT('2D SPACE',''
  ) );
#13043 = PCURVE('',#11862,#13044);
#13044 = DEFINITIONAL_REPRESENTATION('',(#13045),#13053);
#13045 = ( BOUNDED_CURVE() B_SPLINE_CURVE(2,(#13046,#13047,#13048,#13049
    ,#13050,#13051,#13052),.UNSPECIFIED.,.T.,.F.) 
B_SPLINE_CURVE_WITH_KNOTS((1,2,2,2,2,1),(-2.094395102393,0.,
    2.094395102393,4.188790204786,6.28318530718,8.377580409573),
.UNSPECIFIED.) CURVE() GEOMETRIC_REPRESENTATION_ITEM() 
RATIONAL_B_SPLINE_CURVE((1.,0.5,1.,0.5,1.,0.5,1.)) REPRESENTATION_ITEM(
  '') );
#13046 = CARTESIAN_POINT('',(0.9,9.1));
#13047 = CARTESIAN_POINT('',(2.805255888326,9.1));
#13048 = CARTESIAN_POINT('',(1.852627944163,7.45));
#13049 = CARTESIAN_POINT('',(0.9,5.8));
#13050 = CARTESIAN_POINT('',(-5.262794416288E-02,7.45));
#13051 = CARTESIAN_POINT('',(-1.005255888326,9.1));
#13052 = CARTESIAN_POINT('',(0.9,9.1));
#13053 = ( GEOMETRIC_REPRESENTATION_CONTEXT(2) 
PARAMETRIC_REPRESENTATION_CONTEXT() REPRESENTATION_CONTEXT('2D SPACE',''
  ) );
#13054 = ORIENTED_EDGE('',*,*,#13055,.F.);
#13055 = EDGE_CURVE('',#11575,#13028,#13056,.T.);
#13056 = SURFACE_CURVE('',#13057,(#13061,#13068),.PCURVE_S1.);
#13057 = LINE('',#13058,#13059);
#13058 = CARTESIAN_POINT('',(-1.1,15.5,80.9));
#13059 = VECTOR('',#13060,1.);
#13060 = DIRECTION('',(1.110223024625E-16,1.,0.));
#13061 = PCURVE('',#11595,#13062);
#13062 = DEFINITIONAL_REPRESENTATION('',(#13063),#13067);
#13063 = LINE('',#13064,#13065);
#13064 = CARTESIAN_POINT('',(3.14159265359,0.));
#13065 = VECTOR('',#13066,1.);
#13066 = DIRECTION('',(0.,-1.));
#13067 = ( GEOMETRIC_REPRESENTATION_CONTEXT(2) 
PARAMETRIC_REPRESENTATION_CONTEXT() REPRESENTATION_CONTEXT('2D SPACE',''
  ) );
#13068 = PCURVE('',#11623,#13069);
#13069 = DEFINITIONAL_REPRESENTATION('',(#13070),#13074);
#13070 = LINE('',#13071,#13072);
#13071 = CARTESIAN_POINT('',(0.,0.));
#13072 = VECTOR('',#13073,1.);
#13073 = DIRECTION('',(0.,-1.));
#13074 = ( GEOMETRIC_REPRESENTATION_CONTEXT(2) 
PARAMETRIC_REPRESENTATION_CONTEXT() REPRESENTATION_CONTEXT('2D SPACE',''
  ) );
#13075 = ADVANCED_FACE('',(#13076),#11654,.F.);
#13076 = FACE_BOUND('',#13077,.F.);
#13077 = EDGE_LOOP('',(#13078,#13079,#13100,#13101));
#13078 = ORIENTED_EDGE('',*,*,#11635,.F.);
#13079 = ORIENTED_EDGE('',*,*,#13080,.T.);
#13080 = EDGE_CURVE('',#11608,#11952,#13081,.T.);
#13081 = SURFACE_CURVE('',#13082,(#13086,#13093),.PCURVE_S1.);
#13082 = LINE('',#13083,#13084);
#13083 = CARTESIAN_POINT('',(-1.1,15.5,78.1));
#13084 = VECTOR('',#13085,1.);
#13085 = DIRECTION('',(1.110223024625E-16,1.,0.));
#13086 = PCURVE('',#11654,#13087);
#13087 = DEFINITIONAL_REPRESENTATION('',(#13088),#13092);
#13088 = LINE('',#13089,#13090);
#13089 = CARTESIAN_POINT('',(0.,0.));
#13090 = VECTOR('',#13091,1.);
#13091 = DIRECTION('',(0.,-1.));
#13092 = ( GEOMETRIC_REPRESENTATION_CONTEXT(2) 
PARAMETRIC_REPRESENTATION_CONTEXT() REPRESENTATION_CONTEXT('2D SPACE',''
  ) );
#13093 = PCURVE('',#11623,#13094);
#13094 = DEFINITIONAL_REPRESENTATION('',(#13095),#13099);
#13095 = LINE('',#13096,#13097);
#13096 = CARTESIAN_POINT('',(2.8,-2.465190328816E-32));
#13097 = VECTOR('',#13098,1.);
#13098 = DIRECTION('',(0.,-1.));
#13099 = ( GEOMETRIC_REPRESENTATION_CONTEXT(2) 
PARAMETRIC_REPRESENTATION_CONTEXT() REPRESENTATION_CONTEXT('2D SPACE',''
  ) );
#13100 = ORIENTED_EDGE('',*,*,#11974,.T.);
#13101 = ORIENTED_EDGE('',*,*,#12933,.F.);
#13102 = ADVANCED_FACE('',(#13103),#11623,.F.);
#13103 = FACE_BOUND('',#13104,.F.);
#13104 = EDGE_LOOP('',(#13105,#13106,#13107,#13130,#13151,#13152));
#13105 = ORIENTED_EDGE('',*,*,#11607,.T.);
#13106 = ORIENTED_EDGE('',*,*,#13055,.T.);
#13107 = ORIENTED_EDGE('',*,*,#13108,.F.);
#13108 = EDGE_CURVE('',#13109,#13028,#13111,.T.);
#13109 = VERTEX_POINT('',#13110);
#13110 = CARTESIAN_POINT('',(-1.1,22.,80.));
#13111 = SURFACE_CURVE('',#13112,(#13116,#13123),.PCURVE_S1.);
#13112 = LINE('',#13113,#13114);
#13113 = CARTESIAN_POINT('',(-1.1,22.,80.45));
#13114 = VECTOR('',#13115,1.);
#13115 = DIRECTION('',(-1.110223024625E-16,0.,1.));
#13116 = PCURVE('',#11623,#13117);
#13117 = DEFINITIONAL_REPRESENTATION('',(#13118),#13122);
#13118 = LINE('',#13119,#13120);
#13119 = CARTESIAN_POINT('',(0.45,-6.5));
#13120 = VECTOR('',#13121,1.);
#13121 = DIRECTION('',(-1.,1.232595164408E-32));
#13122 = ( GEOMETRIC_REPRESENTATION_CONTEXT(2) 
PARAMETRIC_REPRESENTATION_CONTEXT() REPRESENTATION_CONTEXT('2D SPACE',''
  ) );
#13123 = PCURVE('',#11862,#13124);
#13124 = DEFINITIONAL_REPRESENTATION('',(#13125),#13129);
#13125 = LINE('',#13126,#13127);
#13126 = CARTESIAN_POINT('',(0.45,6.9));
#13127 = VECTOR('',#13128,1.);
#13128 = DIRECTION('',(1.,-1.110223024625E-16));
#13129 = ( GEOMETRIC_REPRESENTATION_CONTEXT(2) 
PARAMETRIC_REPRESENTATION_CONTEXT() REPRESENTATION_CONTEXT('2D SPACE',''
  ) );
#13130 = ORIENTED_EDGE('',*,*,#13131,.T.);
#13131 = EDGE_CURVE('',#13109,#11924,#13132,.T.);
#13132 = SURFACE_CURVE('',#13133,(#13137,#13144),.PCURVE_S1.);
#13133 = LINE('',#13134,#13135);
#13134 = CARTESIAN_POINT('',(-1.1,16.,80.));
#13135 = VECTOR('',#13136,1.);
#13136 = DIRECTION('',(-1.110223024625E-16,-1.,0.));
#13137 = PCURVE('',#11623,#13138);
#13138 = DEFINITIONAL_REPRESENTATION('',(#13139),#13143);
#13139 = LINE('',#13140,#13141);
#13140 = CARTESIAN_POINT('',(0.9,-0.5));
#13141 = VECTOR('',#13142,1.);
#13142 = DIRECTION('',(0.,1.));
#13143 = ( GEOMETRIC_REPRESENTATION_CONTEXT(2) 
PARAMETRIC_REPRESENTATION_CONTEXT() REPRESENTATION_CONTEXT('2D SPACE',''
  ) );
#13144 = PCURVE('',#11939,#13145);
#13145 = DEFINITIONAL_REPRESENTATION('',(#13146),#13150);
#13146 = LINE('',#13147,#13148);
#13147 = CARTESIAN_POINT('',(6.9,-0.5));
#13148 = VECTOR('',#13149,1.);
#13149 = DIRECTION('',(-1.110223024625E-16,-1.));
#13150 = ( GEOMETRIC_REPRESENTATION_CONTEXT(2) 
PARAMETRIC_REPRESENTATION_CONTEXT() REPRESENTATION_CONTEXT('2D SPACE',''
  ) );
#13151 = ORIENTED_EDGE('',*,*,#11951,.F.);
#13152 = ORIENTED_EDGE('',*,*,#13080,.F.);
#13153 = ADVANCED_FACE('',(#13154),#11686,.F.);
#13154 = FACE_BOUND('',#13155,.F.);
#13155 = EDGE_LOOP('',(#13156,#13157,#13178,#13179));
#13156 = ORIENTED_EDGE('',*,*,#11668,.T.);
#13157 = ORIENTED_EDGE('',*,*,#13158,.T.);
#13158 = EDGE_CURVE('',#11671,#12289,#13159,.T.);
#13159 = SURFACE_CURVE('',#13160,(#13164,#13171),.PCURVE_S1.);
#13160 = LINE('',#13161,#13162);
#13161 = CARTESIAN_POINT('',(6.1,15.5,70.9));
#13162 = VECTOR('',#13163,1.);
#13163 = DIRECTION('',(1.110223024625E-16,1.,0.));
#13164 = PCURVE('',#11686,#13165);
#13165 = DEFINITIONAL_REPRESENTATION('',(#13166),#13170);
#13166 = LINE('',#13167,#13168);
#13167 = CARTESIAN_POINT('',(0.,0.));
#13168 = VECTOR('',#13169,1.);
#13169 = DIRECTION('',(0.,-1.));
#13170 = ( GEOMETRIC_REPRESENTATION_CONTEXT(2) 
PARAMETRIC_REPRESENTATION_CONTEXT() REPRESENTATION_CONTEXT('2D SPACE',''
  ) );
#13171 = PCURVE('',#11778,#13172);
#13172 = DEFINITIONAL_REPRESENTATION('',(#13173),#13177);
#13173 = LINE('',#13174,#13175);
#13174 = CARTESIAN_POINT('',(3.14159265359,0.));
#13175 = VECTOR('',#13176,1.);
#13176 = DIRECTION('',(0.,-1.));
#13177 = ( GEOMETRIC_REPRESENTATION_CONTEXT(2) 
PARAMETRIC_REPRESENTATION_CONTEXT() REPRESENTATION_CONTEXT('2D SPACE',''
  ) );
#13178 = ORIENTED_EDGE('',*,*,#12286,.F.);
#13179 = ORIENTED_EDGE('',*,*,#13180,.F.);
#13180 = EDGE_CURVE('',#11669,#12287,#13181,.T.);
#13181 = SURFACE_CURVE('',#13182,(#13186,#13193),.PCURVE_S1.);
#13182 = LINE('',#13183,#13184);
#13183 = CARTESIAN_POINT('',(8.9,15.5,70.9));
#13184 = VECTOR('',#13185,1.);
#13185 = DIRECTION('',(1.110223024625E-16,1.,0.));
#13186 = PCURVE('',#11686,#13187);
#13187 = DEFINITIONAL_REPRESENTATION('',(#13188),#13192);
#13188 = LINE('',#13189,#13190);
#13189 = CARTESIAN_POINT('',(2.8,1.465494392505E-15));
#13190 = VECTOR('',#13191,1.);
#13191 = DIRECTION('',(0.,-1.));
#13192 = ( GEOMETRIC_REPRESENTATION_CONTEXT(2) 
PARAMETRIC_REPRESENTATION_CONTEXT() REPRESENTATION_CONTEXT('2D SPACE',''
  ) );
#13193 = PCURVE('',#11719,#13194);
#13194 = DEFINITIONAL_REPRESENTATION('',(#13195),#13199);
#13195 = LINE('',#13196,#13197);
#13196 = CARTESIAN_POINT('',(0.,0.));
#13197 = VECTOR('',#13198,1.);
#13198 = DIRECTION('',(0.,-1.));
#13199 = ( GEOMETRIC_REPRESENTATION_CONTEXT(2) 
PARAMETRIC_REPRESENTATION_CONTEXT() REPRESENTATION_CONTEXT('2D SPACE',''
  ) );
#13200 = ADVANCED_FACE('',(#13201),#11719,.F.);
#13201 = FACE_BOUND('',#13202,.F.);
#13202 = EDGE_LOOP('',(#13203,#13204,#13205,#13206));
#13203 = ORIENTED_EDGE('',*,*,#11698,.F.);
#13204 = ORIENTED_EDGE('',*,*,#13180,.T.);
#13205 = ORIENTED_EDGE('',*,*,#12311,.T.);
#13206 = ORIENTED_EDGE('',*,*,#13207,.F.);
#13207 = EDGE_CURVE('',#11699,#12312,#13208,.T.);
#13208 = SURFACE_CURVE('',#13209,(#13213,#13220),.PCURVE_S1.);
#13209 = LINE('',#13210,#13211);
#13210 = CARTESIAN_POINT('',(8.9,15.5,73.1));
#13211 = VECTOR('',#13212,1.);
#13212 = DIRECTION('',(1.110223024625E-16,1.,0.));
#13213 = PCURVE('',#11719,#13214);
#13214 = DEFINITIONAL_REPRESENTATION('',(#13215),#13219);
#13215 = LINE('',#13216,#13217);
#13216 = CARTESIAN_POINT('',(3.14159265359,0.));
#13217 = VECTOR('',#13218,1.);
#13218 = DIRECTION('',(0.,-1.));
#13219 = ( GEOMETRIC_REPRESENTATION_CONTEXT(2) 
PARAMETRIC_REPRESENTATION_CONTEXT() REPRESENTATION_CONTEXT('2D SPACE',''
  ) );
#13220 = PCURVE('',#11747,#13221);
#13221 = DEFINITIONAL_REPRESENTATION('',(#13222),#13226);
#13222 = LINE('',#13223,#13224);
#13223 = CARTESIAN_POINT('',(0.,0.));
#13224 = VECTOR('',#13225,1.);
#13225 = DIRECTION('',(0.,-1.));
#13226 = ( GEOMETRIC_REPRESENTATION_CONTEXT(2) 
PARAMETRIC_REPRESENTATION_CONTEXT() REPRESENTATION_CONTEXT('2D SPACE',''
  ) );
#13227 = ADVANCED_FACE('',(#13228),#11778,.F.);
#13228 = FACE_BOUND('',#13229,.F.);
#13229 = EDGE_LOOP('',(#13230,#13231,#13252,#13253));
#13230 = ORIENTED_EDGE('',*,*,#11759,.F.);
#13231 = ORIENTED_EDGE('',*,*,#13232,.T.);
#13232 = EDGE_CURVE('',#11732,#12340,#13233,.T.);
#13233 = SURFACE_CURVE('',#13234,(#13238,#13245),.PCURVE_S1.);
#13234 = LINE('',#13235,#13236);
#13235 = CARTESIAN_POINT('',(6.1,15.5,73.1));
#13236 = VECTOR('',#13237,1.);
#13237 = DIRECTION('',(1.110223024625E-16,1.,0.));
#13238 = PCURVE('',#11778,#13239);
#13239 = DEFINITIONAL_REPRESENTATION('',(#13240),#13244);
#13240 = LINE('',#13241,#13242);
#13241 = CARTESIAN_POINT('',(0.,0.));
#13242 = VECTOR('',#13243,1.);
#13243 = DIRECTION('',(0.,-1.));
#13244 = ( GEOMETRIC_REPRESENTATION_CONTEXT(2) 
PARAMETRIC_REPRESENTATION_CONTEXT() REPRESENTATION_CONTEXT('2D SPACE',''
  ) );
#13245 = PCURVE('',#11747,#13246);
#13246 = DEFINITIONAL_REPRESENTATION('',(#13247),#13251);
#13247 = LINE('',#13248,#13249);
#13248 = CARTESIAN_POINT('',(2.8,-1.465494392505E-15));
#13249 = VECTOR('',#13250,1.);
#13250 = DIRECTION('',(0.,-1.));
#13251 = ( GEOMETRIC_REPRESENTATION_CONTEXT(2) 
PARAMETRIC_REPRESENTATION_CONTEXT() REPRESENTATION_CONTEXT('2D SPACE',''
  ) );
#13252 = ORIENTED_EDGE('',*,*,#12362,.T.);
#13253 = ORIENTED_EDGE('',*,*,#13158,.F.);
#13254 = ADVANCED_FACE('',(#13255),#11747,.F.);
#13255 = FACE_BOUND('',#13256,.F.);
#13256 = EDGE_LOOP('',(#13257,#13258,#13259,#13260));
#13257 = ORIENTED_EDGE('',*,*,#11731,.T.);
#13258 = ORIENTED_EDGE('',*,*,#13207,.T.);
#13259 = ORIENTED_EDGE('',*,*,#12339,.F.);
#13260 = ORIENTED_EDGE('',*,*,#13232,.F.);
#13261 = ADVANCED_FACE('',(#13262),#11862,.T.);
#13262 = FACE_BOUND('',#13263,.T.);
#13263 = EDGE_LOOP('',(#13264,#13265,#13286,#13287,#13288,#13289,#13310,
    #13311));
#13264 = ORIENTED_EDGE('',*,*,#11846,.F.);
#13265 = ORIENTED_EDGE('',*,*,#13266,.F.);
#13266 = EDGE_CURVE('',#12956,#11819,#13267,.T.);
#13267 = SURFACE_CURVE('',#13268,(#13272,#13279),.PCURVE_S1.);
#13268 = LINE('',#13269,#13270);
#13269 = CARTESIAN_POINT('',(-8.,22.,80.));
#13270 = VECTOR('',#13271,1.);
#13271 = DIRECTION('',(1.,0.,0.));
#13272 = PCURVE('',#11862,#13273);
#13273 = DEFINITIONAL_REPRESENTATION('',(#13274),#13278);
#13274 = LINE('',#13275,#13276);
#13275 = CARTESIAN_POINT('',(0.,0.));
#13276 = VECTOR('',#13277,1.);
#13277 = DIRECTION('',(0.,1.));
#13278 = ( GEOMETRIC_REPRESENTATION_CONTEXT(2) 
PARAMETRIC_REPRESENTATION_CONTEXT() REPRESENTATION_CONTEXT('2D SPACE',''
  ) );
#13279 = PCURVE('',#11834,#13280);
#13280 = DEFINITIONAL_REPRESENTATION('',(#13281),#13285);
#13281 = LINE('',#13282,#13283);
#13282 = CARTESIAN_POINT('',(8.881784197001E-16,5.5));
#13283 = VECTOR('',#13284,1.);
#13284 = DIRECTION('',(1.,0.));
#13285 = ( GEOMETRIC_REPRESENTATION_CONTEXT(2) 
PARAMETRIC_REPRESENTATION_CONTEXT() REPRESENTATION_CONTEXT('2D SPACE',''
  ) );
#13286 = ORIENTED_EDGE('',*,*,#12978,.F.);
#13287 = ORIENTED_EDGE('',*,*,#13027,.T.);
#13288 = ORIENTED_EDGE('',*,*,#13108,.F.);
#13289 = ORIENTED_EDGE('',*,*,#13290,.F.);
#13290 = EDGE_CURVE('',#12395,#13109,#13291,.T.);
#13291 = SURFACE_CURVE('',#13292,(#13296,#13303),.PCURVE_S1.);
#13292 = LINE('',#13293,#13294);
#13293 = CARTESIAN_POINT('',(-8.,22.,80.));
#13294 = VECTOR('',#13295,1.);
#13295 = DIRECTION('',(1.,0.,0.));
#13296 = PCURVE('',#11862,#13297);
#13297 = DEFINITIONAL_REPRESENTATION('',(#13298),#13302);
#13298 = LINE('',#13299,#13300);
#13299 = CARTESIAN_POINT('',(0.,0.));
#13300 = VECTOR('',#13301,1.);
#13301 = DIRECTION('',(0.,1.));
#13302 = ( GEOMETRIC_REPRESENTATION_CONTEXT(2) 
PARAMETRIC_REPRESENTATION_CONTEXT() REPRESENTATION_CONTEXT('2D SPACE',''
  ) );
#13303 = PCURVE('',#11939,#13304);
#13304 = DEFINITIONAL_REPRESENTATION('',(#13305),#13309);
#13305 = LINE('',#13306,#13307);
#13306 = CARTESIAN_POINT('',(8.881784197001E-16,5.5));
#13307 = VECTOR('',#13308,1.);
#13308 = DIRECTION('',(1.,0.));
#13309 = ( GEOMETRIC_REPRESENTATION_CONTEXT(2) 
PARAMETRIC_REPRESENTATION_CONTEXT() REPRESENTATION_CONTEXT('2D SPACE',''
  ) );
#13310 = ORIENTED_EDGE('',*,*,#12417,.T.);
#13311 = ORIENTED_EDGE('',*,*,#12517,.T.);
#13312 = ADVANCED_FACE('',(#13313),#11834,.F.);
#13313 = FACE_BOUND('',#13314,.F.);
#13314 = EDGE_LOOP('',(#13315,#13316,#13317,#13318));
#13315 = ORIENTED_EDGE('',*,*,#12955,.F.);
#13316 = ORIENTED_EDGE('',*,*,#12025,.T.);
#13317 = ORIENTED_EDGE('',*,*,#11818,.T.);
#13318 = ORIENTED_EDGE('',*,*,#13266,.F.);
#13319 = ADVANCED_FACE('',(#13320),#11939,.F.);
#13320 = FACE_BOUND('',#13321,.F.);
#13321 = EDGE_LOOP('',(#13322,#13323,#13324,#13325));
#13322 = ORIENTED_EDGE('',*,*,#12394,.F.);
#13323 = ORIENTED_EDGE('',*,*,#11923,.T.);
#13324 = ORIENTED_EDGE('',*,*,#13131,.F.);
#13325 = ORIENTED_EDGE('',*,*,#13290,.F.);
#13326 = ADVANCED_FACE('',(#13327),#12482,.T.);
#13327 = FACE_BOUND('',#13328,.T.);
#13328 = EDGE_LOOP('',(#13329,#13330,#13331,#13332));
#13329 = ORIENTED_EDGE('',*,*,#12464,.F.);
#13330 = ORIENTED_EDGE('',*,*,#12664,.T.);
#13331 = ORIENTED_EDGE('',*,*,#12615,.T.);
#13332 = ORIENTED_EDGE('',*,*,#12566,.F.);
#13333 = ( GEOMETRIC_REPRESENTATION_CONTEXT(3) 
GLOBAL_UNCERTAINTY_ASSIGNED_CONTEXT((#13337)) 
GLOBAL_UNIT_ASSIGNED_CONTEXT((#13334,#13335,#13336)) 
REPRESENTATION_CONTEXT('Context #1',
  '3D Context with UNIT and UNCERTAINTY') );
#13334 = ( LENGTH_UNIT() NAMED_UNIT(*) SI_UNIT(.MILLI.,.METRE.) );
#13335 = ( NAMED_UNIT(*) PLANE_ANGLE_UNIT() SI_UNIT($,.RADIAN.) );
#13336 = ( NAMED_UNIT(*) SI_UNIT($,.STERADIAN.) SOLID_ANGLE_UNIT() );
#13337 = UNCERTAINTY_MEASURE_WITH_UNIT(LENGTH_MEASURE(1.E-07),#13334,
  'distance_accuracy_value','confusion accuracy');
#13338 = CONTEXT_DEPENDENT_SHAPE_REPRESENTATION(#13339,#13341);
#13339 = ( REPRESENTATION_RELATIONSHIP('','',#10946,#10) 
REPRESENTATION_RELATIONSHIP_WITH_TRANSFORMATION(#13340) 
SHAPE_REPRESENTATION_RELATIONSHIP() );
#13340 = ITEM_DEFINED_TRANSFORMATION('','',#11,#23);
#13341 = PRODUCT_DEFINITION_SHAPE('Placement','Placement of an item',
  #13342);
#13342 = NEXT_ASSEMBLY_USAGE_OCCURRENCE('3','paddle','',#5,#10941,$);
#13343 = PRODUCT_RELATED_PRODUCT_CATEGORY('part',$,(#10943));
#13344 = SHAPE_DEFINITION_REPRESENTATION(#13345,#13351);
#13345 = PRODUCT_DEFINITION_SHAPE('','',#13346);
#13346 = PRODUCT_DEFINITION('design','',#13347,#13350);
#13347 = PRODUCT_DEFINITION_FORMATION('','',#13348);
#13348 = PRODUCT('battery_guard','battery_guard','',(#13349));
#13349 = PRODUCT_CONTEXT('',#2,'mechanical');
#13350 = PRODUCT_DEFINITION_CONTEXT('part definition',#2,'design');
#13351 = ADVANCED_BREP_SHAPE_REPRESENTATION('',(#11,#13352),#13990);
#13352 = MANIFOLD_SOLID_BREP('',#13353);
#13353 = CLOSED_SHELL('',(#13354,#13474,#13550,#13626,#13702,#13776,
    #13850,#13921,#13952,#13979));
#13354 = ADVANCED_FACE('',(#13355),#13369,.F.);
#13355 = FACE_BOUND('',#13356,.F.);
#13356 = EDGE_LOOP('',(#13357,#13392,#13420,#13448));
#13357 = ORIENTED_EDGE('',*,*,#13358,.F.);
#13358 = EDGE_CURVE('',#13359,#13361,#13363,.T.);
#13359 = VERTEX_POINT('',#13360);
#13360 = CARTESIAN_POINT('',(-31.5,-30.5,3.));
#13361 = VERTEX_POINT('',#13362);
#13362 = CARTESIAN_POINT('',(-31.5,-30.5,14.));
#13363 = SURFACE_CURVE('',#13364,(#13368,#13380),.PCURVE_S1.);
#13364 = LINE('',#13365,#13366);
#13365 = CARTESIAN_POINT('',(-31.5,-30.5,3.));
#13366 = VECTOR('',#13367,1.);
#13367 = DIRECTION('',(0.,0.,1.));
#13368 = PCURVE('',#13369,#13374);
#13369 = PLANE('',#13370);
#13370 = AXIS2_PLACEMENT_3D('',#13371,#13372,#13373);
#13371 = CARTESIAN_POINT('',(-31.5,-30.5,12.5));
#13372 = DIRECTION('',(1.,0.,0.));
#13373 = DIRECTION('',(0.,0.,1.));
#13374 = DEFINITIONAL_REPRESENTATION('',(#13375),#13379);
#13375 = LINE('',#13376,#13377);
#13376 = CARTESIAN_POINT('',(-9.5,0.));
#13377 = VECTOR('',#13378,1.);
#13378 = DIRECTION('',(1.,0.));
#13379 = ( GEOMETRIC_REPRESENTATION_CONTEXT(2) 
PARAMETRIC_REPRESENTATION_CONTEXT() REPRESENTATION_CONTEXT('2D SPACE',''
  ) );
#13380 = PCURVE('',#13381,#13386);
#13381 = PLANE('',#13382);
#13382 = AXIS2_PLACEMENT_3D('',#13383,#13384,#13385);
#13383 = CARTESIAN_POINT('',(-31.5,-30.5,12.5));
#13384 = DIRECTION('',(0.,1.,0.));
#13385 = DIRECTION('',(0.,0.,1.));
#13386 = DEFINITIONAL_REPRESENTATION('',(#13387),#13391);
#13387 = LINE('',#13388,#13389);
#13388 = CARTESIAN_POINT('',(-9.5,0.));
#13389 = VECTOR('',#13390,1.);
#13390 = DIRECTION('',(1.,0.));
#13391 = ( GEOMETRIC_REPRESENTATION_CONTEXT(2) 
PARAMETRIC_REPRESENTATION_CONTEXT() REPRESENTATION_CONTEXT('2D SPACE',''
  ) );
#13392 = ORIENTED_EDGE('',*,*,#13393,.T.);
#13393 = EDGE_CURVE('',#13359,#13394,#13396,.T.);
#13394 = VERTEX_POINT('',#13395);
#13395 = CARTESIAN_POINT('',(-31.5,-10.5,3.));
#13396 = SURFACE_CURVE('',#13397,(#13401,#13408),.PCURVE_S1.);
#13397 = LINE('',#13398,#13399);
#13398 = CARTESIAN_POINT('',(-31.5,-30.5,3.));
#13399 = VECTOR('',#13400,1.);
#13400 = DIRECTION('',(0.,1.,0.));
#13401 = PCURVE('',#13369,#13402);
#13402 = DEFINITIONAL_REPRESENTATION('',(#13403),#13407);
#13403 = LINE('',#13404,#13405);
#13404 = CARTESIAN_POINT('',(-9.5,0.));
#13405 = VECTOR('',#13406,1.);
#13406 = DIRECTION('',(0.,-1.));
#13407 = ( GEOMETRIC_REPRESENTATION_CONTEXT(2) 
PARAMETRIC_REPRESENTATION_CONTEXT() REPRESENTATION_CONTEXT('2D SPACE',''
  ) );
#13408 = PCURVE('',#13409,#13414);
#13409 = PLANE('',#13410);
#13410 = AXIS2_PLACEMENT_3D('',#13411,#13412,#13413);
#13411 = CARTESIAN_POINT('',(-31.5,-30.5,3.));
#13412 = DIRECTION('',(0.,0.,1.));
#13413 = DIRECTION('',(1.,0.,0.));
#13414 = DEFINITIONAL_REPRESENTATION('',(#13415),#13419);
#13415 = LINE('',#13416,#13417);
#13416 = CARTESIAN_POINT('',(0.,0.));
#13417 = VECTOR('',#13418,1.);
#13418 = DIRECTION('',(0.,1.));
#13419 = ( GEOMETRIC_REPRESENTATION_CONTEXT(2) 
PARAMETRIC_REPRESENTATION_CONTEXT() REPRESENTATION_CONTEXT('2D SPACE',''
  ) );
#13420 = ORIENTED_EDGE('',*,*,#13421,.F.);
#13421 = EDGE_CURVE('',#13422,#13394,#13424,.T.);
#13422 = VERTEX_POINT('',#13423);
#13423 = CARTESIAN_POINT('',(-31.5,-10.5,14.));
#13424 = SURFACE_CURVE('',#13425,(#13429,#13436),.PCURVE_S1.);
#13425 = LINE('',#13426,#13427);
#13426 = CARTESIAN_POINT('',(-31.5,-10.5,14.));
#13427 = VECTOR('',#13428,1.);
#13428 = DIRECTION('',(0.,0.,-1.));
#13429 = PCURVE('',#13369,#13430);
#13430 = DEFINITIONAL_REPRESENTATION('',(#13431),#13435);
#13431 = LINE('',#13432,#13433);
#13432 = CARTESIAN_POINT('',(1.5,-20.));
#13433 = VECTOR('',#13434,1.);
#13434 = DIRECTION('',(-1.,0.));
#13435 = ( GEOMETRIC_REPRESENTATION_CONTEXT(2) 
PARAMETRIC_REPRESENTATION_CONTEXT() REPRESENTATION_CONTEXT('2D SPACE',''
  ) );
#13436 = PCURVE('',#13437,#13442);
#13437 = PLANE('',#13438);
#13438 = AXIS2_PLACEMENT_3D('',#13439,#13440,#13441);
#13439 = CARTESIAN_POINT('',(-31.5,-10.5,12.5));
#13440 = DIRECTION('',(0.,1.,0.));
#13441 = DIRECTION('',(0.,0.,1.));
#13442 = DEFINITIONAL_REPRESENTATION('',(#13443),#13447);
#13443 = LINE('',#13444,#13445);
#13444 = CARTESIAN_POINT('',(1.5,0.));
#13445 = VECTOR('',#13446,1.);
#13446 = DIRECTION('',(-1.,0.));
#13447 = ( GEOMETRIC_REPRESENTATION_CONTEXT(2) 
PARAMETRIC_REPRESENTATION_CONTEXT() REPRESENTATION_CONTEXT('2D SPACE',''
  ) );
#13448 = ORIENTED_EDGE('',*,*,#13449,.F.);
#13449 = EDGE_CURVE('',#13361,#13422,#13450,.T.);
#13450 = SURFACE_CURVE('',#13451,(#13455,#13462),.PCURVE_S1.);
#13451 = LINE('',#13452,#13453);
#13452 = CARTESIAN_POINT('',(-31.5,-30.5,14.));
#13453 = VECTOR('',#13454,1.);
#13454 = DIRECTION('',(0.,1.,0.));
#13455 = PCURVE('',#13369,#13456);
#13456 = DEFINITIONAL_REPRESENTATION('',(#13457),#13461);
#13457 = LINE('',#13458,#13459);
#13458 = CARTESIAN_POINT('',(1.5,0.));
#13459 = VECTOR('',#13460,1.);
#13460 = DIRECTION('',(0.,-1.));
#13461 = ( GEOMETRIC_REPRESENTATION_CONTEXT(2) 
PARAMETRIC_REPRESENTATION_CONTEXT() REPRESENTATION_CONTEXT('2D SPACE',''
  ) );
#13462 = PCURVE('',#13463,#13468);
#13463 = PLANE('',#13464);
#13464 = AXIS2_PLACEMENT_3D('',#13465,#13466,#13467);
#13465 = CARTESIAN_POINT('',(-31.5,-30.5,14.));
#13466 = DIRECTION('',(0.,0.,1.));
#13467 = DIRECTION('',(1.,0.,0.));
#13468 = DEFINITIONAL_REPRESENTATION('',(#13469),#13473);
#13469 = LINE('',#13470,#13471);
#13470 = CARTESIAN_POINT('',(0.,0.));
#13471 = VECTOR('',#13472,1.);
#13472 = DIRECTION('',(0.,1.));
#13473 = ( GEOMETRIC_REPRESENTATION_CONTEXT(2) 
PARAMETRIC_REPRESENTATION_CONTEXT() REPRESENTATION_CONTEXT('2D SPACE',''
  ) );
#13474 = ADVANCED_FACE('',(#13475),#13463,.T.);
#13475 = FACE_BOUND('',#13476,.T.);
#13476 = EDGE_LOOP('',(#13477,#13478,#13501,#13529));
#13477 = ORIENTED_EDGE('',*,*,#13449,.F.);
#13478 = ORIENTED_EDGE('',*,*,#13479,.T.);
#13479 = EDGE_CURVE('',#13361,#13480,#13482,.T.);
#13480 = VERTEX_POINT('',#13481);
#13481 = CARTESIAN_POINT('',(31.5,-30.5,14.));
#13482 = SURFACE_CURVE('',#13483,(#13487,#13494),.PCURVE_S1.);
#13483 = LINE('',#13484,#13485);
#13484 = CARTESIAN_POINT('',(-31.5,-30.5,14.));
#13485 = VECTOR('',#13486,1.);
#13486 = DIRECTION('',(1.,0.,0.));
#13487 = PCURVE('',#13463,#13488);
#13488 = DEFINITIONAL_REPRESENTATION('',(#13489),#13493);
#13489 = LINE('',#13490,#13491);
#13490 = CARTESIAN_POINT('',(0.,0.));
#13491 = VECTOR('',#13492,1.);
#13492 = DIRECTION('',(1.,0.));
#13493 = ( GEOMETRIC_REPRESENTATION_CONTEXT(2) 
PARAMETRIC_REPRESENTATION_CONTEXT() REPRESENTATION_CONTEXT('2D SPACE',''
  ) );
#13494 = PCURVE('',#13381,#13495);
#13495 = DEFINITIONAL_REPRESENTATION('',(#13496),#13500);
#13496 = LINE('',#13497,#13498);
#13497 = CARTESIAN_POINT('',(1.5,0.));
#13498 = VECTOR('',#13499,1.);
#13499 = DIRECTION('',(0.,1.));
#13500 = ( GEOMETRIC_REPRESENTATION_CONTEXT(2) 
PARAMETRIC_REPRESENTATION_CONTEXT() REPRESENTATION_CONTEXT('2D SPACE',''
  ) );
#13501 = ORIENTED_EDGE('',*,*,#13502,.T.);
#13502 = EDGE_CURVE('',#13480,#13503,#13505,.T.);
#13503 = VERTEX_POINT('',#13504);
#13504 = CARTESIAN_POINT('',(31.5,-10.5,14.));
#13505 = SURFACE_CURVE('',#13506,(#13510,#13517),.PCURVE_S1.);
#13506 = LINE('',#13507,#13508);
#13507 = CARTESIAN_POINT('',(31.5,-30.5,14.));
#13508 = VECTOR('',#13509,1.);
#13509 = DIRECTION('',(0.,1.,0.));
#13510 = PCURVE('',#13463,#13511);
#13511 = DEFINITIONAL_REPRESENTATION('',(#13512),#13516);
#13512 = LINE('',#13513,#13514);
#13513 = CARTESIAN_POINT('',(63.,0.));
#13514 = VECTOR('',#13515,1.);
#13515 = DIRECTION('',(0.,1.));
#13516 = ( GEOMETRIC_REPRESENTATION_CONTEXT(2) 
PARAMETRIC_REPRESENTATION_CONTEXT() REPRESENTATION_CONTEXT('2D SPACE',''
  ) );
#13517 = PCURVE('',#13518,#13523);
#13518 = PLANE('',#13519);
#13519 = AXIS2_PLACEMENT_3D('',#13520,#13521,#13522);
#13520 = CARTESIAN_POINT('',(31.5,-30.5,12.5));
#13521 = DIRECTION('',(1.,0.,0.));
#13522 = DIRECTION('',(0.,0.,1.));
#13523 = DEFINITIONAL_REPRESENTATION('',(#13524),#13528);
#13524 = LINE('',#13525,#13526);
#13525 = CARTESIAN_POINT('',(1.5,0.));
#13526 = VECTOR('',#13527,1.);
#13527 = DIRECTION('',(0.,-1.));
#13528 = ( GEOMETRIC_REPRESENTATION_CONTEXT(2) 
PARAMETRIC_REPRESENTATION_CONTEXT() REPRESENTATION_CONTEXT('2D SPACE',''
  ) );
#13529 = ORIENTED_EDGE('',*,*,#13530,.F.);
#13530 = EDGE_CURVE('',#13422,#13503,#13531,.T.);
#13531 = SURFACE_CURVE('',#13532,(#13536,#13543),.PCURVE_S1.);
#13532 = LINE('',#13533,#13534);
#13533 = CARTESIAN_POINT('',(-31.5,-10.5,14.));
#13534 = VECTOR('',#13535,1.);
#13535 = DIRECTION('',(1.,0.,0.));
#13536 = PCURVE('',#13463,#13537);
#13537 = DEFINITIONAL_REPRESENTATION('',(#13538),#13542);
#13538 = LINE('',#13539,#13540);
#13539 = CARTESIAN_POINT('',(0.,20.));
#13540 = VECTOR('',#13541,1.);
#13541 = DIRECTION('',(1.,0.));
#13542 = ( GEOMETRIC_REPRESENTATION_CONTEXT(2) 
PARAMETRIC_REPRESENTATION_CONTEXT() REPRESENTATION_CONTEXT('2D SPACE',''
  ) );
#13543 = PCURVE('',#13437,#13544);
#13544 = DEFINITIONAL_REPRESENTATION('',(#13545),#13549);
#13545 = LINE('',#13546,#13547);
#13546 = CARTESIAN_POINT('',(1.5,0.));
#13547 = VECTOR('',#13548,1.);
#13548 = DIRECTION('',(0.,1.));
#13549 = ( GEOMETRIC_REPRESENTATION_CONTEXT(2) 
PARAMETRIC_REPRESENTATION_CONTEXT() REPRESENTATION_CONTEXT('2D SPACE',''
  ) );
#13550 = ADVANCED_FACE('',(#13551),#13518,.T.);
#13551 = FACE_BOUND('',#13552,.T.);
#13552 = EDGE_LOOP('',(#13553,#13576,#13604,#13625));
#13553 = ORIENTED_EDGE('',*,*,#13554,.F.);
#13554 = EDGE_CURVE('',#13555,#13480,#13557,.T.);
#13555 = VERTEX_POINT('',#13556);
#13556 = CARTESIAN_POINT('',(31.5,-30.5,3.));
#13557 = SURFACE_CURVE('',#13558,(#13562,#13569),.PCURVE_S1.);
#13558 = LINE('',#13559,#13560);
#13559 = CARTESIAN_POINT('',(31.5,-30.5,3.));
#13560 = VECTOR('',#13561,1.);
#13561 = DIRECTION('',(0.,0.,1.));
#13562 = PCURVE('',#13518,#13563);
#13563 = DEFINITIONAL_REPRESENTATION('',(#13564),#13568);
#13564 = LINE('',#13565,#13566);
#13565 = CARTESIAN_POINT('',(-9.5,0.));
#13566 = VECTOR('',#13567,1.);
#13567 = DIRECTION('',(1.,0.));
#13568 = ( GEOMETRIC_REPRESENTATION_CONTEXT(2) 
PARAMETRIC_REPRESENTATION_CONTEXT() REPRESENTATION_CONTEXT('2D SPACE',''
  ) );
#13569 = PCURVE('',#13381,#13570);
#13570 = DEFINITIONAL_REPRESENTATION('',(#13571),#13575);
#13571 = LINE('',#13572,#13573);
#13572 = CARTESIAN_POINT('',(-9.5,63.));
#13573 = VECTOR('',#13574,1.);
#13574 = DIRECTION('',(1.,0.));
#13575 = ( GEOMETRIC_REPRESENTATION_CONTEXT(2) 
PARAMETRIC_REPRESENTATION_CONTEXT() REPRESENTATION_CONTEXT('2D SPACE',''
  ) );
#13576 = ORIENTED_EDGE('',*,*,#13577,.T.);
#13577 = EDGE_CURVE('',#13555,#13578,#13580,.T.);
#13578 = VERTEX_POINT('',#13579);
#13579 = CARTESIAN_POINT('',(31.5,-10.5,3.));
#13580 = SURFACE_CURVE('',#13581,(#13585,#13592),.PCURVE_S1.);
#13581 = LINE('',#13582,#13583);
#13582 = CARTESIAN_POINT('',(31.5,-30.5,3.));
#13583 = VECTOR('',#13584,1.);
#13584 = DIRECTION('',(0.,1.,0.));
#13585 = PCURVE('',#13518,#13586);
#13586 = DEFINITIONAL_REPRESENTATION('',(#13587),#13591);
#13587 = LINE('',#13588,#13589);
#13588 = CARTESIAN_POINT('',(-9.5,0.));
#13589 = VECTOR('',#13590,1.);
#13590 = DIRECTION('',(0.,-1.));
#13591 = ( GEOMETRIC_REPRESENTATION_CONTEXT(2) 
PARAMETRIC_REPRESENTATION_CONTEXT() REPRESENTATION_CONTEXT('2D SPACE',''
  ) );
#13592 = PCURVE('',#13593,#13598);
#13593 = PLANE('',#13594);
#13594 = AXIS2_PLACEMENT_3D('',#13595,#13596,#13597);
#13595 = CARTESIAN_POINT('',(30.3,-30.5,3.));
#13596 = DIRECTION('',(0.,0.,1.));
#13597 = DIRECTION('',(1.,0.,0.));
#13598 = DEFINITIONAL_REPRESENTATION('',(#13599),#13603);
#13599 = LINE('',#13600,#13601);
#13600 = CARTESIAN_POINT('',(1.2,0.));
#13601 = VECTOR('',#13602,1.);
#13602 = DIRECTION('',(0.,1.));
#13603 = ( GEOMETRIC_REPRESENTATION_CONTEXT(2) 
PARAMETRIC_REPRESENTATION_CONTEXT() REPRESENTATION_CONTEXT('2D SPACE',''
  ) );
#13604 = ORIENTED_EDGE('',*,*,#13605,.F.);
#13605 = EDGE_CURVE('',#13503,#13578,#13606,.T.);
#13606 = SURFACE_CURVE('',#13607,(#13611,#13618),.PCURVE_S1.);
#13607 = LINE('',#13608,#13609);
#13608 = CARTESIAN_POINT('',(31.5,-10.5,14.));
#13609 = VECTOR('',#13610,1.);
#13610 = DIRECTION('',(0.,0.,-1.));
#13611 = PCURVE('',#13518,#13612);
#13612 = DEFINITIONAL_REPRESENTATION('',(#13613),#13617);
#13613 = LINE('',#13614,#13615);
#13614 = CARTESIAN_POINT('',(1.5,-20.));
#13615 = VECTOR('',#13616,1.);
#13616 = DIRECTION('',(-1.,0.));
#13617 = ( GEOMETRIC_REPRESENTATION_CONTEXT(2) 
PARAMETRIC_REPRESENTATION_CONTEXT() REPRESENTATION_CONTEXT('2D SPACE',''
  ) );
#13618 = PCURVE('',#13437,#13619);
#13619 = DEFINITIONAL_REPRESENTATION('',(#13620),#13624);
#13620 = LINE('',#13621,#13622);
#13621 = CARTESIAN_POINT('',(1.5,63.));
#13622 = VECTOR('',#13623,1.);
#13623 = DIRECTION('',(-1.,0.));
#13624 = ( GEOMETRIC_REPRESENTATION_CONTEXT(2) 
PARAMETRIC_REPRESENTATION_CONTEXT() REPRESENTATION_CONTEXT('2D SPACE',''
  ) );
#13625 = ORIENTED_EDGE('',*,*,#13502,.F.);
#13626 = ADVANCED_FACE('',(#13627),#13593,.F.);
#13627 = FACE_BOUND('',#13628,.F.);
#13628 = EDGE_LOOP('',(#13629,#13659,#13680,#13681));
#13629 = ORIENTED_EDGE('',*,*,#13630,.F.);
#13630 = EDGE_CURVE('',#13631,#13633,#13635,.T.);
#13631 = VERTEX_POINT('',#13632);
#13632 = CARTESIAN_POINT('',(30.3,-30.5,3.));
#13633 = VERTEX_POINT('',#13634);
#13634 = CARTESIAN_POINT('',(30.3,-10.5,3.));
#13635 = SURFACE_CURVE('',#13636,(#13640,#13647),.PCURVE_S1.);
#13636 = LINE('',#13637,#13638);
#13637 = CARTESIAN_POINT('',(30.3,-30.5,3.));
#13638 = VECTOR('',#13639,1.);
#13639 = DIRECTION('',(0.,1.,0.));
#13640 = PCURVE('',#13593,#13641);
#13641 = DEFINITIONAL_REPRESENTATION('',(#13642),#13646);
#13642 = LINE('',#13643,#13644);
#13643 = CARTESIAN_POINT('',(0.,0.));
#13644 = VECTOR('',#13645,1.);
#13645 = DIRECTION('',(0.,1.));
#13646 = ( GEOMETRIC_REPRESENTATION_CONTEXT(2) 
PARAMETRIC_REPRESENTATION_CONTEXT() REPRESENTATION_CONTEXT('2D SPACE',''
  ) );
#13647 = PCURVE('',#13648,#13653);
#13648 = PLANE('',#13649);
#13649 = AXIS2_PLACEMENT_3D('',#13650,#13651,#13652);
#13650 = CARTESIAN_POINT('',(30.3,-30.5,3.));
#13651 = DIRECTION('',(1.,0.,0.));
#13652 = DIRECTION('',(0.,0.,1.));
#13653 = DEFINITIONAL_REPRESENTATION('',(#13654),#13658);
#13654 = LINE('',#13655,#13656);
#13655 = CARTESIAN_POINT('',(0.,0.));
#13656 = VECTOR('',#13657,1.);
#13657 = DIRECTION('',(0.,-1.));
#13658 = ( GEOMETRIC_REPRESENTATION_CONTEXT(2) 
PARAMETRIC_REPRESENTATION_CONTEXT() REPRESENTATION_CONTEXT('2D SPACE',''
  ) );
#13659 = ORIENTED_EDGE('',*,*,#13660,.T.);
#13660 = EDGE_CURVE('',#13631,#13555,#13661,.T.);
#13661 = SURFACE_CURVE('',#13662,(#13666,#13673),.PCURVE_S1.);
#13662 = LINE('',#13663,#13664);
#13663 = CARTESIAN_POINT('',(30.3,-30.5,3.));
#13664 = VECTOR('',#13665,1.);
#13665 = DIRECTION('',(1.,0.,0.));
#13666 = PCURVE('',#13593,#13667);
#13667 = DEFINITIONAL_REPRESENTATION('',(#13668),#13672);
#13668 = LINE('',#13669,#13670);
#13669 = CARTESIAN_POINT('',(0.,0.));
#13670 = VECTOR('',#13671,1.);
#13671 = DIRECTION('',(1.,0.));
#13672 = ( GEOMETRIC_REPRESENTATION_CONTEXT(2) 
PARAMETRIC_REPRESENTATION_CONTEXT() REPRESENTATION_CONTEXT('2D SPACE',''
  ) );
#13673 = PCURVE('',#13381,#13674);
#13674 = DEFINITIONAL_REPRESENTATION('',(#13675),#13679);
#13675 = LINE('',#13676,#13677);
#13676 = CARTESIAN_POINT('',(-9.5,61.8));
#13677 = VECTOR('',#13678,1.);
#13678 = DIRECTION('',(0.,1.));
#13679 = ( GEOMETRIC_REPRESENTATION_CONTEXT(2) 
PARAMETRIC_REPRESENTATION_CONTEXT() REPRESENTATION_CONTEXT('2D SPACE',''
  ) );
#13680 = ORIENTED_EDGE('',*,*,#13577,.T.);
#13681 = ORIENTED_EDGE('',*,*,#13682,.F.);
#13682 = EDGE_CURVE('',#13633,#13578,#13683,.T.);
#13683 = SURFACE_CURVE('',#13684,(#13688,#13695),.PCURVE_S1.);
#13684 = LINE('',#13685,#13686);
#13685 = CARTESIAN_POINT('',(30.3,-10.5,3.));
#13686 = VECTOR('',#13687,1.);
#13687 = DIRECTION('',(1.,0.,0.));
#13688 = PCURVE('',#13593,#13689);
#13689 = DEFINITIONAL_REPRESENTATION('',(#13690),#13694);
#13690 = LINE('',#13691,#13692);
#13691 = CARTESIAN_POINT('',(0.,20.));
#13692 = VECTOR('',#13693,1.);
#13693 = DIRECTION('',(1.,0.));
#13694 = ( GEOMETRIC_REPRESENTATION_CONTEXT(2) 
PARAMETRIC_REPRESENTATION_CONTEXT() REPRESENTATION_CONTEXT('2D SPACE',''
  ) );
#13695 = PCURVE('',#13437,#13696);
#13696 = DEFINITIONAL_REPRESENTATION('',(#13697),#13701);
#13697 = LINE('',#13698,#13699);
#13698 = CARTESIAN_POINT('',(-9.5,61.8));
#13699 = VECTOR('',#13700,1.);
#13700 = DIRECTION('',(0.,1.));
#13701 = ( GEOMETRIC_REPRESENTATION_CONTEXT(2) 
PARAMETRIC_REPRESENTATION_CONTEXT() REPRESENTATION_CONTEXT('2D SPACE',''
  ) );
#13702 = ADVANCED_FACE('',(#13703),#13648,.F.);
#13703 = FACE_BOUND('',#13704,.F.);
#13704 = EDGE_LOOP('',(#13705,#13728,#13729,#13752));
#13705 = ORIENTED_EDGE('',*,*,#13706,.F.);
#13706 = EDGE_CURVE('',#13631,#13707,#13709,.T.);
#13707 = VERTEX_POINT('',#13708);
#13708 = CARTESIAN_POINT('',(30.3,-30.5,12.5));
#13709 = SURFACE_CURVE('',#13710,(#13714,#13721),.PCURVE_S1.);
#13710 = LINE('',#13711,#13712);
#13711 = CARTESIAN_POINT('',(30.3,-30.5,3.));
#13712 = VECTOR('',#13713,1.);
#13713 = DIRECTION('',(0.,0.,1.));
#13714 = PCURVE('',#13648,#13715);
#13715 = DEFINITIONAL_REPRESENTATION('',(#13716),#13720);
#13716 = LINE('',#13717,#13718);
#13717 = CARTESIAN_POINT('',(0.,0.));
#13718 = VECTOR('',#13719,1.);
#13719 = DIRECTION('',(1.,0.));
#13720 = ( GEOMETRIC_REPRESENTATION_CONTEXT(2) 
PARAMETRIC_REPRESENTATION_CONTEXT() REPRESENTATION_CONTEXT('2D SPACE',''
  ) );
#13721 = PCURVE('',#13381,#13722);
#13722 = DEFINITIONAL_REPRESENTATION('',(#13723),#13727);
#13723 = LINE('',#13724,#13725);
#13724 = CARTESIAN_POINT('',(-9.5,61.8));
#13725 = VECTOR('',#13726,1.);
#13726 = DIRECTION('',(1.,0.));
#13727 = ( GEOMETRIC_REPRESENTATION_CONTEXT(2) 
PARAMETRIC_REPRESENTATION_CONTEXT() REPRESENTATION_CONTEXT('2D SPACE',''
  ) );
#13728 = ORIENTED_EDGE('',*,*,#13630,.T.);
#13729 = ORIENTED_EDGE('',*,*,#13730,.T.);
#13730 = EDGE_CURVE('',#13633,#13731,#13733,.T.);
#13731 = VERTEX_POINT('',#13732);
#13732 = CARTESIAN_POINT('',(30.3,-10.5,12.5));
#13733 = SURFACE_CURVE('',#13734,(#13738,#13745),.PCURVE_S1.);
#13734 = LINE('',#13735,#13736);
#13735 = CARTESIAN_POINT('',(30.3,-10.5,3.));
#13736 = VECTOR('',#13737,1.);
#13737 = DIRECTION('',(0.,0.,1.));
#13738 = PCURVE('',#13648,#13739);
#13739 = DEFINITIONAL_REPRESENTATION('',(#13740),#13744);
#13740 = LINE('',#13741,#13742);
#13741 = CARTESIAN_POINT('',(0.,-20.));
#13742 = VECTOR('',#13743,1.);
#13743 = DIRECTION('',(1.,0.));
#13744 = ( GEOMETRIC_REPRESENTATION_CONTEXT(2) 
PARAMETRIC_REPRESENTATION_CONTEXT() REPRESENTATION_CONTEXT('2D SPACE',''
  ) );
#13745 = PCURVE('',#13437,#13746);
#13746 = DEFINITIONAL_REPRESENTATION('',(#13747),#13751);
#13747 = LINE('',#13748,#13749);
#13748 = CARTESIAN_POINT('',(-9.5,61.8));
#13749 = VECTOR('',#13750,1.);
#13750 = DIRECTION('',(1.,0.));
#13751 = ( GEOMETRIC_REPRESENTATION_CONTEXT(2) 
PARAMETRIC_REPRESENTATION_CONTEXT() REPRESENTATION_CONTEXT('2D SPACE',''
  ) );
#13752 = ORIENTED_EDGE('',*,*,#13753,.F.);
#13753 = EDGE_CURVE('',#13707,#13731,#13754,.T.);
#13754 = SURFACE_CURVE('',#13755,(#13759,#13765),.PCURVE_S1.);
#13755 = LINE('',#13756,#13757);
#13756 = CARTESIAN_POINT('',(30.3,-30.5,12.5));
#13757 = VECTOR('',#13758,1.);
#13758 = DIRECTION('',(0.,1.,0.));
#13759 = PCURVE('',#13648,#13760);
#13760 = DEFINITIONAL_REPRESENTATION('',(#13761),#13764);
#13761 = B_SPLINE_CURVE_WITH_KNOTS('',1,(#13762,#13763),.UNSPECIFIED.,
  .F.,.F.,(2,2),(0.,20.),.PIECEWISE_BEZIER_KNOTS.);
#13762 = CARTESIAN_POINT('',(9.5,0.));
#13763 = CARTESIAN_POINT('',(9.5,-20.));
#13764 = ( GEOMETRIC_REPRESENTATION_CONTEXT(2) 
PARAMETRIC_REPRESENTATION_CONTEXT() REPRESENTATION_CONTEXT('2D SPACE',''
  ) );
#13765 = PCURVE('',#13766,#13771);
#13766 = PLANE('',#13767);
#13767 = AXIS2_PLACEMENT_3D('',#13768,#13769,#13770);
#13768 = CARTESIAN_POINT('',(-31.5,-30.5,12.5));
#13769 = DIRECTION('',(0.,0.,1.));
#13770 = DIRECTION('',(1.,0.,0.));
#13771 = DEFINITIONAL_REPRESENTATION('',(#13772),#13775);
#13772 = B_SPLINE_CURVE_WITH_KNOTS('',1,(#13773,#13774),.UNSPECIFIED.,
  .F.,.F.,(2,2),(0.,20.),.PIECEWISE_BEZIER_KNOTS.);
#13773 = CARTESIAN_POINT('',(61.8,0.));
#13774 = CARTESIAN_POINT('',(61.8,20.));
#13775 = ( GEOMETRIC_REPRESENTATION_CONTEXT(2) 
PARAMETRIC_REPRESENTATION_CONTEXT() REPRESENTATION_CONTEXT('2D SPACE',''
  ) );
#13776 = ADVANCED_FACE('',(#13777),#13766,.F.);
#13777 = FACE_BOUND('',#13778,.F.);
#13778 = EDGE_LOOP('',(#13779,#13802,#13828,#13849));
#13779 = ORIENTED_EDGE('',*,*,#13780,.F.);
#13780 = EDGE_CURVE('',#13781,#13731,#13783,.T.);
#13781 = VERTEX_POINT('',#13782);
#13782 = CARTESIAN_POINT('',(-30.3,-10.5,12.5));
#13783 = SURFACE_CURVE('',#13784,(#13788,#13795),.PCURVE_S1.);
#13784 = LINE('',#13785,#13786);
#13785 = CARTESIAN_POINT('',(-31.5,-10.5,12.5));
#13786 = VECTOR('',#13787,1.);
#13787 = DIRECTION('',(1.,0.,0.));
#13788 = PCURVE('',#13766,#13789);
#13789 = DEFINITIONAL_REPRESENTATION('',(#13790),#13794);
#13790 = LINE('',#13791,#13792);
#13791 = CARTESIAN_POINT('',(0.,20.));
#13792 = VECTOR('',#13793,1.);
#13793 = DIRECTION('',(1.,0.));
#13794 = ( GEOMETRIC_REPRESENTATION_CONTEXT(2) 
PARAMETRIC_REPRESENTATION_CONTEXT() REPRESENTATION_CONTEXT('2D SPACE',''
  ) );
#13795 = PCURVE('',#13437,#13796);
#13796 = DEFINITIONAL_REPRESENTATION('',(#13797),#13801);
#13797 = LINE('',#13798,#13799);
#13798 = CARTESIAN_POINT('',(0.,0.));
#13799 = VECTOR('',#13800,1.);
#13800 = DIRECTION('',(0.,1.));
#13801 = ( GEOMETRIC_REPRESENTATION_CONTEXT(2) 
PARAMETRIC_REPRESENTATION_CONTEXT() REPRESENTATION_CONTEXT('2D SPACE',''
  ) );
#13802 = ORIENTED_EDGE('',*,*,#13803,.F.);
#13803 = EDGE_CURVE('',#13804,#13781,#13806,.T.);
#13804 = VERTEX_POINT('',#13805);
#13805 = CARTESIAN_POINT('',(-30.3,-30.5,12.5));
#13806 = SURFACE_CURVE('',#13807,(#13811,#13817),.PCURVE_S1.);
#13807 = LINE('',#13808,#13809);
#13808 = CARTESIAN_POINT('',(-30.3,-30.5,12.5));
#13809 = VECTOR('',#13810,1.);
#13810 = DIRECTION('',(0.,1.,0.));
#13811 = PCURVE('',#13766,#13812);
#13812 = DEFINITIONAL_REPRESENTATION('',(#13813),#13816);
#13813 = B_SPLINE_CURVE_WITH_KNOTS('',1,(#13814,#13815),.UNSPECIFIED.,
  .F.,.F.,(2,2),(0.,20.),.PIECEWISE_BEZIER_KNOTS.);
#13814 = CARTESIAN_POINT('',(1.2,0.));
#13815 = CARTESIAN_POINT('',(1.2,20.));
#13816 = ( GEOMETRIC_REPRESENTATION_CONTEXT(2) 
PARAMETRIC_REPRESENTATION_CONTEXT() REPRESENTATION_CONTEXT('2D SPACE',''
  ) );
#13817 = PCURVE('',#13818,#13823);
#13818 = PLANE('',#13819);
#13819 = AXIS2_PLACEMENT_3D('',#13820,#13821,#13822);
#13820 = CARTESIAN_POINT('',(-30.3,-30.5,3.));
#13821 = DIRECTION('',(1.,0.,0.));
#13822 = DIRECTION('',(0.,0.,1.));
#13823 = DEFINITIONAL_REPRESENTATION('',(#13824),#13827);
#13824 = B_SPLINE_CURVE_WITH_KNOTS('',1,(#13825,#13826),.UNSPECIFIED.,
  .F.,.F.,(2,2),(0.,20.),.PIECEWISE_BEZIER_KNOTS.);
#13825 = CARTESIAN_POINT('',(9.5,0.));
#13826 = CARTESIAN_POINT('',(9.5,-20.));
#13827 = ( GEOMETRIC_REPRESENTATION_CONTEXT(2) 
PARAMETRIC_REPRESENTATION_CONTEXT() REPRESENTATION_CONTEXT('2D SPACE',''
  ) );
#13828 = ORIENTED_EDGE('',*,*,#13829,.T.);
#13829 = EDGE_CURVE('',#13804,#13707,#13830,.T.);
#13830 = SURFACE_CURVE('',#13831,(#13835,#13842),.PCURVE_S1.);
#13831 = LINE('',#13832,#13833);
#13832 = CARTESIAN_POINT('',(-31.5,-30.5,12.5));
#13833 = VECTOR('',#13834,1.);
#13834 = DIRECTION('',(1.,0.,0.));
#13835 = PCURVE('',#13766,#13836);
#13836 = DEFINITIONAL_REPRESENTATION('',(#13837),#13841);
#13837 = LINE('',#13838,#13839);
#13838 = CARTESIAN_POINT('',(0.,0.));
#13839 = VECTOR('',#13840,1.);
#13840 = DIRECTION('',(1.,0.));
#13841 = ( GEOMETRIC_REPRESENTATION_CONTEXT(2) 
PARAMETRIC_REPRESENTATION_CONTEXT() REPRESENTATION_CONTEXT('2D SPACE',''
  ) );
#13842 = PCURVE('',#13381,#13843);
#13843 = DEFINITIONAL_REPRESENTATION('',(#13844),#13848);
#13844 = LINE('',#13845,#13846);
#13845 = CARTESIAN_POINT('',(0.,0.));
#13846 = VECTOR('',#13847,1.);
#13847 = DIRECTION('',(0.,1.));
#13848 = ( GEOMETRIC_REPRESENTATION_CONTEXT(2) 
PARAMETRIC_REPRESENTATION_CONTEXT() REPRESENTATION_CONTEXT('2D SPACE',''
  ) );
#13849 = ORIENTED_EDGE('',*,*,#13753,.T.);
#13850 = ADVANCED_FACE('',(#13851),#13818,.T.);
#13851 = FACE_BOUND('',#13852,.T.);
#13852 = EDGE_LOOP('',(#13853,#13876,#13899,#13920));
#13853 = ORIENTED_EDGE('',*,*,#13854,.F.);
#13854 = EDGE_CURVE('',#13855,#13804,#13857,.T.);
#13855 = VERTEX_POINT('',#13856);
#13856 = CARTESIAN_POINT('',(-30.3,-30.5,3.));
#13857 = SURFACE_CURVE('',#13858,(#13862,#13869),.PCURVE_S1.);
#13858 = LINE('',#13859,#13860);
#13859 = CARTESIAN_POINT('',(-30.3,-30.5,3.));
#13860 = VECTOR('',#13861,1.);
#13861 = DIRECTION('',(0.,0.,1.));
#13862 = PCURVE('',#13818,#13863);
#13863 = DEFINITIONAL_REPRESENTATION('',(#13864),#13868);
#13864 = LINE('',#13865,#13866);
#13865 = CARTESIAN_POINT('',(0.,0.));
#13866 = VECTOR('',#13867,1.);
#13867 = DIRECTION('',(1.,0.));
#13868 = ( GEOMETRIC_REPRESENTATION_CONTEXT(2) 
PARAMETRIC_REPRESENTATION_CONTEXT() REPRESENTATION_CONTEXT('2D SPACE',''
  ) );
#13869 = PCURVE('',#13381,#13870);
#13870 = DEFINITIONAL_REPRESENTATION('',(#13871),#13875);
#13871 = LINE('',#13872,#13873);
#13872 = CARTESIAN_POINT('',(-9.5,1.2));
#13873 = VECTOR('',#13874,1.);
#13874 = DIRECTION('',(1.,0.));
#13875 = ( GEOMETRIC_REPRESENTATION_CONTEXT(2) 
PARAMETRIC_REPRESENTATION_CONTEXT() REPRESENTATION_CONTEXT('2D SPACE',''
  ) );
#13876 = ORIENTED_EDGE('',*,*,#13877,.T.);
#13877 = EDGE_CURVE('',#13855,#13878,#13880,.T.);
#13878 = VERTEX_POINT('',#13879);
#13879 = CARTESIAN_POINT('',(-30.3,-10.5,3.));
#13880 = SURFACE_CURVE('',#13881,(#13885,#13892),.PCURVE_S1.);
#13881 = LINE('',#13882,#13883);
#13882 = CARTESIAN_POINT('',(-30.3,-30.5,3.));
#13883 = VECTOR('',#13884,1.);
#13884 = DIRECTION('',(0.,1.,0.));
#13885 = PCURVE('',#13818,#13886);
#13886 = DEFINITIONAL_REPRESENTATION('',(#13887),#13891);
#13887 = LINE('',#13888,#13889);
#13888 = CARTESIAN_POINT('',(0.,0.));
#13889 = VECTOR('',#13890,1.);
#13890 = DIRECTION('',(0.,-1.));
#13891 = ( GEOMETRIC_REPRESENTATION_CONTEXT(2) 
PARAMETRIC_REPRESENTATION_CONTEXT() REPRESENTATION_CONTEXT('2D SPACE',''
  ) );
#13892 = PCURVE('',#13409,#13893);
#13893 = DEFINITIONAL_REPRESENTATION('',(#13894),#13898);
#13894 = LINE('',#13895,#13896);
#13895 = CARTESIAN_POINT('',(1.2,0.));
#13896 = VECTOR('',#13897,1.);
#13897 = DIRECTION('',(0.,1.));
#13898 = ( GEOMETRIC_REPRESENTATION_CONTEXT(2) 
PARAMETRIC_REPRESENTATION_CONTEXT() REPRESENTATION_CONTEXT('2D SPACE',''
  ) );
#13899 = ORIENTED_EDGE('',*,*,#13900,.T.);
#13900 = EDGE_CURVE('',#13878,#13781,#13901,.T.);
#13901 = SURFACE_CURVE('',#13902,(#13906,#13913),.PCURVE_S1.);
#13902 = LINE('',#13903,#13904);
#13903 = CARTESIAN_POINT('',(-30.3,-10.5,3.));
#13904 = VECTOR('',#13905,1.);
#13905 = DIRECTION('',(0.,0.,1.));
#13906 = PCURVE('',#13818,#13907);
#13907 = DEFINITIONAL_REPRESENTATION('',(#13908),#13912);
#13908 = LINE('',#13909,#13910);
#13909 = CARTESIAN_POINT('',(0.,-20.));
#13910 = VECTOR('',#13911,1.);
#13911 = DIRECTION('',(1.,0.));
#13912 = ( GEOMETRIC_REPRESENTATION_CONTEXT(2) 
PARAMETRIC_REPRESENTATION_CONTEXT() REPRESENTATION_CONTEXT('2D SPACE',''
  ) );
#13913 = PCURVE('',#13437,#13914);
#13914 = DEFINITIONAL_REPRESENTATION('',(#13915),#13919);
#13915 = LINE('',#13916,#13917);
#13916 = CARTESIAN_POINT('',(-9.5,1.2));
#13917 = VECTOR('',#13918,1.);
#13918 = DIRECTION('',(1.,0.));
#13919 = ( GEOMETRIC_REPRESENTATION_CONTEXT(2) 
PARAMETRIC_REPRESENTATION_CONTEXT() REPRESENTATION_CONTEXT('2D SPACE',''
  ) );
#13920 = ORIENTED_EDGE('',*,*,#13803,.F.);
#13921 = ADVANCED_FACE('',(#13922),#13437,.T.);
#13922 = FACE_BOUND('',#13923,.T.);
#13923 = EDGE_LOOP('',(#13924,#13925,#13926,#13927,#13928,#13929,#13930,
    #13931));
#13924 = ORIENTED_EDGE('',*,*,#13421,.F.);
#13925 = ORIENTED_EDGE('',*,*,#13530,.T.);
#13926 = ORIENTED_EDGE('',*,*,#13605,.T.);
#13927 = ORIENTED_EDGE('',*,*,#13682,.F.);
#13928 = ORIENTED_EDGE('',*,*,#13730,.T.);
#13929 = ORIENTED_EDGE('',*,*,#13780,.F.);
#13930 = ORIENTED_EDGE('',*,*,#13900,.F.);
#13931 = ORIENTED_EDGE('',*,*,#13932,.F.);
#13932 = EDGE_CURVE('',#13394,#13878,#13933,.T.);
#13933 = SURFACE_CURVE('',#13934,(#13938,#13945),.PCURVE_S1.);
#13934 = LINE('',#13935,#13936);
#13935 = CARTESIAN_POINT('',(-31.5,-10.5,3.));
#13936 = VECTOR('',#13937,1.);
#13937 = DIRECTION('',(1.,0.,0.));
#13938 = PCURVE('',#13437,#13939);
#13939 = DEFINITIONAL_REPRESENTATION('',(#13940),#13944);
#13940 = LINE('',#13941,#13942);
#13941 = CARTESIAN_POINT('',(-9.5,0.));
#13942 = VECTOR('',#13943,1.);
#13943 = DIRECTION('',(0.,1.));
#13944 = ( GEOMETRIC_REPRESENTATION_CONTEXT(2) 
PARAMETRIC_REPRESENTATION_CONTEXT() REPRESENTATION_CONTEXT('2D SPACE',''
  ) );
#13945 = PCURVE('',#13409,#13946);
#13946 = DEFINITIONAL_REPRESENTATION('',(#13947),#13951);
#13947 = LINE('',#13948,#13949);
#13948 = CARTESIAN_POINT('',(0.,20.));
#13949 = VECTOR('',#13950,1.);
#13950 = DIRECTION('',(1.,0.));
#13951 = ( GEOMETRIC_REPRESENTATION_CONTEXT(2) 
PARAMETRIC_REPRESENTATION_CONTEXT() REPRESENTATION_CONTEXT('2D SPACE',''
  ) );
#13952 = ADVANCED_FACE('',(#13953),#13409,.F.);
#13953 = FACE_BOUND('',#13954,.F.);
#13954 = EDGE_LOOP('',(#13955,#13956,#13977,#13978));
#13955 = ORIENTED_EDGE('',*,*,#13393,.F.);
#13956 = ORIENTED_EDGE('',*,*,#13957,.T.);
#13957 = EDGE_CURVE('',#13359,#13855,#13958,.T.);
#13958 = SURFACE_CURVE('',#13959,(#13963,#13970),.PCURVE_S1.);
#13959 = LINE('',#13960,#13961);
#13960 = CARTESIAN_POINT('',(-31.5,-30.5,3.));
#13961 = VECTOR('',#13962,1.);
#13962 = DIRECTION('',(1.,0.,0.));
#13963 = PCURVE('',#13409,#13964);
#13964 = DEFINITIONAL_REPRESENTATION('',(#13965),#13969);
#13965 = LINE('',#13966,#13967);
#13966 = CARTESIAN_POINT('',(0.,0.));
#13967 = VECTOR('',#13968,1.);
#13968 = DIRECTION('',(1.,0.));
#13969 = ( GEOMETRIC_REPRESENTATION_CONTEXT(2) 
PARAMETRIC_REPRESENTATION_CONTEXT() REPRESENTATION_CONTEXT('2D SPACE',''
  ) );
#13970 = PCURVE('',#13381,#13971);
#13971 = DEFINITIONAL_REPRESENTATION('',(#13972),#13976);
#13972 = LINE('',#13973,#13974);
#13973 = CARTESIAN_POINT('',(-9.5,0.));
#13974 = VECTOR('',#13975,1.);
#13975 = DIRECTION('',(0.,1.));
#13976 = ( GEOMETRIC_REPRESENTATION_CONTEXT(2) 
PARAMETRIC_REPRESENTATION_CONTEXT() REPRESENTATION_CONTEXT('2D SPACE',''
  ) );
#13977 = ORIENTED_EDGE('',*,*,#13877,.T.);
#13978 = ORIENTED_EDGE('',*,*,#13932,.F.);
#13979 = ADVANCED_FACE('',(#13980),#13381,.F.);
#13980 = FACE_BOUND('',#13981,.F.);
#13981 = EDGE_LOOP('',(#13982,#13983,#13984,#13985,#13986,#13987,#13988,
    #13989));
#13982 = ORIENTED_EDGE('',*,*,#13479,.T.);
#13983 = ORIENTED_EDGE('',*,*,#13554,.F.);
#13984 = ORIENTED_EDGE('',*,*,#13660,.F.);
#13985 = ORIENTED_EDGE('',*,*,#13706,.T.);
#13986 = ORIENTED_EDGE('',*,*,#13829,.F.);
#13987 = ORIENTED_EDGE('',*,*,#13854,.F.);
#13988 = ORIENTED_EDGE('',*,*,#13957,.F.);
#13989 = ORIENTED_EDGE('',*,*,#13358,.T.);
#13990 = ( GEOMETRIC_REPRESENTATION_CONTEXT(3) 
GLOBAL_UNCERTAINTY_ASSIGNED_CONTEXT((#13994)) 
GLOBAL_UNIT_ASSIGNED_CONTEXT((#13991,#13992,#13993)) 
REPRESENTATION_CONTEXT('Context #1',
  '3D Context with UNIT and UNCERTAINTY') );
#13991 = ( LENGTH_UNIT() NAMED_UNIT(*) SI_UNIT(.MILLI.,.METRE.) );
#13992 = ( NAMED_UNIT(*) PLANE_ANGLE_UNIT() SI_UNIT($,.RADIAN.) );
#13993 = ( NAMED_UNIT(*) SI_UNIT($,.STERADIAN.) SOLID_ANGLE_UNIT() );
#13994 = UNCERTAINTY_MEASURE_WITH_UNIT(LENGTH_MEASURE(1.E-07),#13991,
  'distance_accuracy_value','confusion accuracy');
#13995 = CONTEXT_DEPENDENT_SHAPE_REPRESENTATION(#13996,#13998);
#13996 = ( REPRESENTATION_RELATIONSHIP('','',#13351,#10) 
REPRESENTATION_RELATIONSHIP_WITH_TRANSFORMATION(#13997) 
SHAPE_REPRESENTATION_RELATIONSHIP() );
#13997 = ITEM_DEFINED_TRANSFORMATION('','',#11,#27);
#13998 = PRODUCT_DEFINITION_SHAPE('Placement','Placement of an item',
  #13999);
#13999 = NEXT_ASSEMBLY_USAGE_OCCURRENCE('4','battery_guard','',#5,#13346
  ,$);
#14000 = PRODUCT_RELATED_PRODUCT_CATEGORY('part',$,(#13348));
#14001 = SHAPE_DEFINITION_REPRESENTATION(#14002,#14008);
#14002 = PRODUCT_DEFINITION_SHAPE('','',#14003);
#14003 = PRODUCT_DEFINITION('design','',#14004,#14007);
#14004 = PRODUCT_DEFINITION_FORMATION('','',#14005);
#14005 = PRODUCT('servo_1_envelope','servo_1_envelope','',(#14006));
#14006 = PRODUCT_CONTEXT('',#2,'mechanical');
#14007 = PRODUCT_DEFINITION_CONTEXT('part definition',#2,'design');
#14008 = ADVANCED_BREP_SHAPE_REPRESENTATION('',(#11,#14009),#15327);
#14009 = MANIFOLD_SOLID_BREP('',#14010);
#14010 = CLOSED_SHELL('',(#14011,#14131,#14431,#14480,#14713,#14740,
    #14802,#14829,#14886,#14913,#14971,#14998,#15060,#15087,#15124,
    #15151,#15206,#15233,#15268,#15323));
#14011 = ADVANCED_FACE('',(#14012),#14026,.F.);
#14012 = FACE_BOUND('',#14013,.F.);
#14013 = EDGE_LOOP('',(#14014,#14049,#14077,#14105));
#14014 = ORIENTED_EDGE('',*,*,#14015,.F.);
#14015 = EDGE_CURVE('',#14016,#14018,#14020,.T.);
#14016 = VERTEX_POINT('',#14017);
#14017 = CARTESIAN_POINT('',(-16.,-6.,9.05));
#14018 = VERTEX_POINT('',#14019);
#14019 = CARTESIAN_POINT('',(-16.,-6.,32.95));
#14020 = SURFACE_CURVE('',#14021,(#14025,#14037),.PCURVE_S1.);
#14021 = LINE('',#14022,#14023);
#14022 = CARTESIAN_POINT('',(-16.,-6.,9.05));
#14023 = VECTOR('',#14024,1.);
#14024 = DIRECTION('',(0.,0.,1.));
#14025 = PCURVE('',#14026,#14031);
#14026 = PLANE('',#14027);
#14027 = AXIS2_PLACEMENT_3D('',#14028,#14029,#14030);
#14028 = CARTESIAN_POINT('',(-16.,-6.,9.05));
#14029 = DIRECTION('',(1.,0.,0.));
#14030 = DIRECTION('',(0.,0.,1.));
#14031 = DEFINITIONAL_REPRESENTATION('',(#14032),#14036);
#14032 = LINE('',#14033,#14034);
#14033 = CARTESIAN_POINT('',(0.,0.));
#14034 = VECTOR('',#14035,1.);
#14035 = DIRECTION('',(1.,0.));
#14036 = ( GEOMETRIC_REPRESENTATION_CONTEXT(2) 
PARAMETRIC_REPRESENTATION_CONTEXT() REPRESENTATION_CONTEXT('2D SPACE',''
  ) );
#14037 = PCURVE('',#14038,#14043);
#14038 = PLANE('',#14039);
#14039 = AXIS2_PLACEMENT_3D('',#14040,#14041,#14042);
#14040 = CARTESIAN_POINT('',(-16.,-6.,9.05));
#14041 = DIRECTION('',(0.,1.,0.));
#14042 = DIRECTION('',(0.,0.,1.));
#14043 = DEFINITIONAL_REPRESENTATION('',(#14044),#14048);
#14044 = LINE('',#14045,#14046);
#14045 = CARTESIAN_POINT('',(0.,0.));
#14046 = VECTOR('',#14047,1.);
#14047 = DIRECTION('',(1.,0.));
#14048 = ( GEOMETRIC_REPRESENTATION_CONTEXT(2) 
PARAMETRIC_REPRESENTATION_CONTEXT() REPRESENTATION_CONTEXT('2D SPACE',''
  ) );
#14049 = ORIENTED_EDGE('',*,*,#14050,.T.);
#14050 = EDGE_CURVE('',#14016,#14051,#14053,.T.);
#14051 = VERTEX_POINT('',#14052);
#14052 = CARTESIAN_POINT('',(-16.,6.,9.05));
#14053 = SURFACE_CURVE('',#14054,(#14058,#14065),.PCURVE_S1.);
#14054 = LINE('',#14055,#14056);
#14055 = CARTESIAN_POINT('',(-16.,-6.,9.05));
#14056 = VECTOR('',#14057,1.);
#14057 = DIRECTION('',(0.,1.,0.));
#14058 = PCURVE('',#14026,#14059);
#14059 = DEFINITIONAL_REPRESENTATION('',(#14060),#14064);
#14060 = LINE('',#14061,#14062);
#14061 = CARTESIAN_POINT('',(0.,0.));
#14062 = VECTOR('',#14063,1.);
#14063 = DIRECTION('',(0.,-1.));
#14064 = ( GEOMETRIC_REPRESENTATION_CONTEXT(2) 
PARAMETRIC_REPRESENTATION_CONTEXT() REPRESENTATION_CONTEXT('2D SPACE',''
  ) );
#14065 = PCURVE('',#14066,#14071);
#14066 = PLANE('',#14067);
#14067 = AXIS2_PLACEMENT_3D('',#14068,#14069,#14070);
#14068 = CARTESIAN_POINT('',(-16.,-6.,9.05));
#14069 = DIRECTION('',(0.,0.,1.));
#14070 = DIRECTION('',(1.,0.,0.));
#14071 = DEFINITIONAL_REPRESENTATION('',(#14072),#14076);
#14072 = LINE('',#14073,#14074);
#14073 = CARTESIAN_POINT('',(0.,0.));
#14074 = VECTOR('',#14075,1.);
#14075 = DIRECTION('',(0.,1.));
#14076 = ( GEOMETRIC_REPRESENTATION_CONTEXT(2) 
PARAMETRIC_REPRESENTATION_CONTEXT() REPRESENTATION_CONTEXT('2D SPACE',''
  ) );
#14077 = ORIENTED_EDGE('',*,*,#14078,.T.);
#14078 = EDGE_CURVE('',#14051,#14079,#14081,.T.);
#14079 = VERTEX_POINT('',#14080);
#14080 = CARTESIAN_POINT('',(-16.,6.,32.95));
#14081 = SURFACE_CURVE('',#14082,(#14086,#14093),.PCURVE_S1.);
#14082 = LINE('',#14083,#14084);
#14083 = CARTESIAN_POINT('',(-16.,6.,9.05));
#14084 = VECTOR('',#14085,1.);
#14085 = DIRECTION('',(0.,0.,1.));
#14086 = PCURVE('',#14026,#14087);
#14087 = DEFINITIONAL_REPRESENTATION('',(#14088),#14092);
#14088 = LINE('',#14089,#14090);
#14089 = CARTESIAN_POINT('',(0.,-12.));
#14090 = VECTOR('',#14091,1.);
#14091 = DIRECTION('',(1.,0.));
#14092 = ( GEOMETRIC_REPRESENTATION_CONTEXT(2) 
PARAMETRIC_REPRESENTATION_CONTEXT() REPRESENTATION_CONTEXT('2D SPACE',''
  ) );
#14093 = PCURVE('',#14094,#14099);
#14094 = PLANE('',#14095);
#14095 = AXIS2_PLACEMENT_3D('',#14096,#14097,#14098);
#14096 = CARTESIAN_POINT('',(-16.,6.,9.05));
#14097 = DIRECTION('',(0.,1.,0.));
#14098 = DIRECTION('',(0.,0.,1.));
#14099 = DEFINITIONAL_REPRESENTATION('',(#14100),#14104);
#14100 = LINE('',#14101,#14102);
#14101 = CARTESIAN_POINT('',(0.,0.));
#14102 = VECTOR('',#14103,1.);
#14103 = DIRECTION('',(1.,0.));
#14104 = ( GEOMETRIC_REPRESENTATION_CONTEXT(2) 
PARAMETRIC_REPRESENTATION_CONTEXT() REPRESENTATION_CONTEXT('2D SPACE',''
  ) );
#14105 = ORIENTED_EDGE('',*,*,#14106,.F.);
#14106 = EDGE_CURVE('',#14018,#14079,#14107,.T.);
#14107 = SURFACE_CURVE('',#14108,(#14112,#14119),.PCURVE_S1.);
#14108 = LINE('',#14109,#14110);
#14109 = CARTESIAN_POINT('',(-16.,-6.,32.95));
#14110 = VECTOR('',#14111,1.);
#14111 = DIRECTION('',(0.,1.,0.));
#14112 = PCURVE('',#14026,#14113);
#14113 = DEFINITIONAL_REPRESENTATION('',(#14114),#14118);
#14114 = LINE('',#14115,#14116);
#14115 = CARTESIAN_POINT('',(23.9,0.));
#14116 = VECTOR('',#14117,1.);
#14117 = DIRECTION('',(0.,-1.));
#14118 = ( GEOMETRIC_REPRESENTATION_CONTEXT(2) 
PARAMETRIC_REPRESENTATION_CONTEXT() REPRESENTATION_CONTEXT('2D SPACE',''
  ) );
#14119 = PCURVE('',#14120,#14125);
#14120 = PLANE('',#14121);
#14121 = AXIS2_PLACEMENT_3D('',#14122,#14123,#14124);
#14122 = CARTESIAN_POINT('',(-16.,-6.,32.95));
#14123 = DIRECTION('',(0.,0.,1.));
#14124 = DIRECTION('',(1.,0.,0.));
#14125 = DEFINITIONAL_REPRESENTATION('',(#14126),#14130);
#14126 = LINE('',#14127,#14128);
#14127 = CARTESIAN_POINT('',(0.,0.));
#14128 = VECTOR('',#14129,1.);
#14129 = DIRECTION('',(0.,1.));
#14130 = ( GEOMETRIC_REPRESENTATION_CONTEXT(2) 
PARAMETRIC_REPRESENTATION_CONTEXT() REPRESENTATION_CONTEXT('2D SPACE',''
  ) );
#14131 = ADVANCED_FACE('',(#14132),#14038,.F.);
#14132 = FACE_BOUND('',#14133,.F.);
#14133 = EDGE_LOOP('',(#14134,#14157,#14158,#14181,#14209,#14237,#14265,
    #14293,#14321,#14349,#14377,#14405));
#14134 = ORIENTED_EDGE('',*,*,#14135,.F.);
#14135 = EDGE_CURVE('',#14016,#14136,#14138,.T.);
#14136 = VERTEX_POINT('',#14137);
#14137 = CARTESIAN_POINT('',(0.8,-6.,9.05));
#14138 = SURFACE_CURVE('',#14139,(#14143,#14150),.PCURVE_S1.);
#14139 = LINE('',#14140,#14141);
#14140 = CARTESIAN_POINT('',(-16.,-6.,9.05));
#14141 = VECTOR('',#14142,1.);
#14142 = DIRECTION('',(1.,0.,0.));
#14143 = PCURVE('',#14038,#14144);
#14144 = DEFINITIONAL_REPRESENTATION('',(#14145),#14149);
#14145 = LINE('',#14146,#14147);
#14146 = CARTESIAN_POINT('',(0.,0.));
#14147 = VECTOR('',#14148,1.);
#14148 = DIRECTION('',(0.,1.));
#14149 = ( GEOMETRIC_REPRESENTATION_CONTEXT(2) 
PARAMETRIC_REPRESENTATION_CONTEXT() REPRESENTATION_CONTEXT('2D SPACE',''
  ) );
#14150 = PCURVE('',#14066,#14151);
#14151 = DEFINITIONAL_REPRESENTATION('',(#14152),#14156);
#14152 = LINE('',#14153,#14154);
#14153 = CARTESIAN_POINT('',(0.,0.));
#14154 = VECTOR('',#14155,1.);
#14155 = DIRECTION('',(1.,0.));
#14156 = ( GEOMETRIC_REPRESENTATION_CONTEXT(2) 
PARAMETRIC_REPRESENTATION_CONTEXT() REPRESENTATION_CONTEXT('2D SPACE',''
  ) );
#14157 = ORIENTED_EDGE('',*,*,#14015,.T.);
#14158 = ORIENTED_EDGE('',*,*,#14159,.T.);
#14159 = EDGE_CURVE('',#14018,#14160,#14162,.T.);
#14160 = VERTEX_POINT('',#14161);
#14161 = CARTESIAN_POINT('',(0.8,-6.,32.95));
#14162 = SURFACE_CURVE('',#14163,(#14167,#14174),.PCURVE_S1.);
#14163 = LINE('',#14164,#14165);
#14164 = CARTESIAN_POINT('',(-16.,-6.,32.95));
#14165 = VECTOR('',#14166,1.);
#14166 = DIRECTION('',(1.,0.,0.));
#14167 = PCURVE('',#14038,#14168);
#14168 = DEFINITIONAL_REPRESENTATION('',(#14169),#14173);
#14169 = LINE('',#14170,#14171);
#14170 = CARTESIAN_POINT('',(23.9,0.));
#14171 = VECTOR('',#14172,1.);
#14172 = DIRECTION('',(0.,1.));
#14173 = ( GEOMETRIC_REPRESENTATION_CONTEXT(2) 
PARAMETRIC_REPRESENTATION_CONTEXT() REPRESENTATION_CONTEXT('2D SPACE',''
  ) );
#14174 = PCURVE('',#14120,#14175);
#14175 = DEFINITIONAL_REPRESENTATION('',(#14176),#14180);
#14176 = LINE('',#14177,#14178);
#14177 = CARTESIAN_POINT('',(0.,0.));
#14178 = VECTOR('',#14179,1.);
#14179 = DIRECTION('',(1.,0.));
#14180 = ( GEOMETRIC_REPRESENTATION_CONTEXT(2) 
PARAMETRIC_REPRESENTATION_CONTEXT() REPRESENTATION_CONTEXT('2D SPACE',''
  ) );
#14181 = ORIENTED_EDGE('',*,*,#14182,.T.);
#14182 = EDGE_CURVE('',#14160,#14183,#14185,.T.);
#14183 = VERTEX_POINT('',#14184);
#14184 = CARTESIAN_POINT('',(0.8,-6.,36.9));
#14185 = SURFACE_CURVE('',#14186,(#14190,#14197),.PCURVE_S1.);
#14186 = LINE('',#14187,#14188);
#14187 = CARTESIAN_POINT('',(0.8,-6.,5.1));
#14188 = VECTOR('',#14189,1.);
#14189 = DIRECTION('',(0.,0.,1.));
#14190 = PCURVE('',#14038,#14191);
#14191 = DEFINITIONAL_REPRESENTATION('',(#14192),#14196);
#14192 = LINE('',#14193,#14194);
#14193 = CARTESIAN_POINT('',(-3.95,16.8));
#14194 = VECTOR('',#14195,1.);
#14195 = DIRECTION('',(1.,0.));
#14196 = ( GEOMETRIC_REPRESENTATION_CONTEXT(2) 
PARAMETRIC_REPRESENTATION_CONTEXT() REPRESENTATION_CONTEXT('2D SPACE',''
  ) );
#14197 = PCURVE('',#14198,#14203);
#14198 = PLANE('',#14199);
#14199 = AXIS2_PLACEMENT_3D('',#14200,#14201,#14202);
#14200 = CARTESIAN_POINT('',(0.8,-6.,5.1));
#14201 = DIRECTION('',(1.,0.,0.));
#14202 = DIRECTION('',(0.,0.,1.));
#14203 = DEFINITIONAL_REPRESENTATION('',(#14204),#14208);
#14204 = LINE('',#14205,#14206);
#14205 = CARTESIAN_POINT('',(0.,0.));
#14206 = VECTOR('',#14207,1.);
#14207 = DIRECTION('',(1.,0.));
#14208 = ( GEOMETRIC_REPRESENTATION_CONTEXT(2) 
PARAMETRIC_REPRESENTATION_CONTEXT() REPRESENTATION_CONTEXT('2D SPACE',''
  ) );
#14209 = ORIENTED_EDGE('',*,*,#14210,.T.);
#14210 = EDGE_CURVE('',#14183,#14211,#14213,.T.);
#14211 = VERTEX_POINT('',#14212);
#14212 = CARTESIAN_POINT('',(2.4,-6.,36.9));
#14213 = SURFACE_CURVE('',#14214,(#14218,#14225),.PCURVE_S1.);
#14214 = LINE('',#14215,#14216);
#14215 = CARTESIAN_POINT('',(0.8,-6.,36.9));
#14216 = VECTOR('',#14217,1.);
#14217 = DIRECTION('',(1.,0.,0.));
#14218 = PCURVE('',#14038,#14219);
#14219 = DEFINITIONAL_REPRESENTATION('',(#14220),#14224);
#14220 = LINE('',#14221,#14222);
#14221 = CARTESIAN_POINT('',(27.85,16.8));
#14222 = VECTOR('',#14223,1.);
#14223 = DIRECTION('',(0.,1.));
#14224 = ( GEOMETRIC_REPRESENTATION_CONTEXT(2) 
PARAMETRIC_REPRESENTATION_CONTEXT() REPRESENTATION_CONTEXT('2D SPACE',''
  ) );
#14225 = PCURVE('',#14226,#14231);
#14226 = PLANE('',#14227);
#14227 = AXIS2_PLACEMENT_3D('',#14228,#14229,#14230);
#14228 = CARTESIAN_POINT('',(0.8,-6.,36.9));
#14229 = DIRECTION('',(0.,0.,1.));
#14230 = DIRECTION('',(1.,0.,0.));
#14231 = DEFINITIONAL_REPRESENTATION('',(#14232),#14236);
#14232 = LINE('',#14233,#14234);
#14233 = CARTESIAN_POINT('',(0.,0.));
#14234 = VECTOR('',#14235,1.);
#14235 = DIRECTION('',(1.,0.));
#14236 = ( GEOMETRIC_REPRESENTATION_CONTEXT(2) 
PARAMETRIC_REPRESENTATION_CONTEXT() REPRESENTATION_CONTEXT('2D SPACE',''
  ) );
#14237 = ORIENTED_EDGE('',*,*,#14238,.F.);
#14238 = EDGE_CURVE('',#14239,#14211,#14241,.T.);
#14239 = VERTEX_POINT('',#14240);
#14240 = CARTESIAN_POINT('',(2.4,-6.,32.95));
#14241 = SURFACE_CURVE('',#14242,(#14246,#14253),.PCURVE_S1.);
#14242 = LINE('',#14243,#14244);
#14243 = CARTESIAN_POINT('',(2.4,-6.,5.1));
#14244 = VECTOR('',#14245,1.);
#14245 = DIRECTION('',(0.,0.,1.));
#14246 = PCURVE('',#14038,#14247);
#14247 = DEFINITIONAL_REPRESENTATION('',(#14248),#14252);
#14248 = LINE('',#14249,#14250);
#14249 = CARTESIAN_POINT('',(-3.95,18.4));
#14250 = VECTOR('',#14251,1.);
#14251 = DIRECTION('',(1.,0.));
#14252 = ( GEOMETRIC_REPRESENTATION_CONTEXT(2) 
PARAMETRIC_REPRESENTATION_CONTEXT() REPRESENTATION_CONTEXT('2D SPACE',''
  ) );
#14253 = PCURVE('',#14254,#14259);
#14254 = PLANE('',#14255);
#14255 = AXIS2_PLACEMENT_3D('',#14256,#14257,#14258);
#14256 = CARTESIAN_POINT('',(2.4,-6.,5.1));
#14257 = DIRECTION('',(1.,0.,0.));
#14258 = DIRECTION('',(0.,0.,1.));
#14259 = DEFINITIONAL_REPRESENTATION('',(#14260),#14264);
#14260 = LINE('',#14261,#14262);
#14261 = CARTESIAN_POINT('',(0.,0.));
#14262 = VECTOR('',#14263,1.);
#14263 = DIRECTION('',(1.,0.));
#14264 = ( GEOMETRIC_REPRESENTATION_CONTEXT(2) 
PARAMETRIC_REPRESENTATION_CONTEXT() REPRESENTATION_CONTEXT('2D SPACE',''
  ) );
#14265 = ORIENTED_EDGE('',*,*,#14266,.T.);
#14266 = EDGE_CURVE('',#14239,#14267,#14269,.T.);
#14267 = VERTEX_POINT('',#14268);
#14268 = CARTESIAN_POINT('',(6.,-6.,32.95));
#14269 = SURFACE_CURVE('',#14270,(#14274,#14281),.PCURVE_S1.);
#14270 = LINE('',#14271,#14272);
#14271 = CARTESIAN_POINT('',(-16.,-6.,32.95));
#14272 = VECTOR('',#14273,1.);
#14273 = DIRECTION('',(1.,0.,0.));
#14274 = PCURVE('',#14038,#14275);
#14275 = DEFINITIONAL_REPRESENTATION('',(#14276),#14280);
#14276 = LINE('',#14277,#14278);
#14277 = CARTESIAN_POINT('',(23.9,0.));
#14278 = VECTOR('',#14279,1.);
#14279 = DIRECTION('',(0.,1.));
#14280 = ( GEOMETRIC_REPRESENTATION_CONTEXT(2) 
PARAMETRIC_REPRESENTATION_CONTEXT() REPRESENTATION_CONTEXT('2D SPACE',''
  ) );
#14281 = PCURVE('',#14282,#14287);
#14282 = PLANE('',#14283);
#14283 = AXIS2_PLACEMENT_3D('',#14284,#14285,#14286);
#14284 = CARTESIAN_POINT('',(-16.,-6.,32.95));
#14285 = DIRECTION('',(0.,0.,1.));
#14286 = DIRECTION('',(1.,0.,0.));
#14287 = DEFINITIONAL_REPRESENTATION('',(#14288),#14292);
#14288 = LINE('',#14289,#14290);
#14289 = CARTESIAN_POINT('',(0.,0.));
#14290 = VECTOR('',#14291,1.);
#14291 = DIRECTION('',(1.,0.));
#14292 = ( GEOMETRIC_REPRESENTATION_CONTEXT(2) 
PARAMETRIC_REPRESENTATION_CONTEXT() REPRESENTATION_CONTEXT('2D SPACE',''
  ) );
#14293 = ORIENTED_EDGE('',*,*,#14294,.F.);
#14294 = EDGE_CURVE('',#14295,#14267,#14297,.T.);
#14295 = VERTEX_POINT('',#14296);
#14296 = CARTESIAN_POINT('',(6.,-6.,9.05));
#14297 = SURFACE_CURVE('',#14298,(#14302,#14309),.PCURVE_S1.);
#14298 = LINE('',#14299,#14300);
#14299 = CARTESIAN_POINT('',(6.,-6.,9.05));
#14300 = VECTOR('',#14301,1.);
#14301 = DIRECTION('',(0.,0.,1.));
#14302 = PCURVE('',#14038,#14303);
#14303 = DEFINITIONAL_REPRESENTATION('',(#14304),#14308);
#14304 = LINE('',#14305,#14306);
#14305 = CARTESIAN_POINT('',(0.,22.));
#14306 = VECTOR('',#14307,1.);
#14307 = DIRECTION('',(1.,0.));
#14308 = ( GEOMETRIC_REPRESENTATION_CONTEXT(2) 
PARAMETRIC_REPRESENTATION_CONTEXT() REPRESENTATION_CONTEXT('2D SPACE',''
  ) );
#14309 = PCURVE('',#14310,#14315);
#14310 = PLANE('',#14311);
#14311 = AXIS2_PLACEMENT_3D('',#14312,#14313,#14314);
#14312 = CARTESIAN_POINT('',(6.,-6.,9.05));
#14313 = DIRECTION('',(1.,0.,0.));
#14314 = DIRECTION('',(0.,0.,1.));
#14315 = DEFINITIONAL_REPRESENTATION('',(#14316),#14320);
#14316 = LINE('',#14317,#14318);
#14317 = CARTESIAN_POINT('',(0.,0.));
#14318 = VECTOR('',#14319,1.);
#14319 = DIRECTION('',(1.,0.));
#14320 = ( GEOMETRIC_REPRESENTATION_CONTEXT(2) 
PARAMETRIC_REPRESENTATION_CONTEXT() REPRESENTATION_CONTEXT('2D SPACE',''
  ) );
#14321 = ORIENTED_EDGE('',*,*,#14322,.F.);
#14322 = EDGE_CURVE('',#14323,#14295,#14325,.T.);
#14323 = VERTEX_POINT('',#14324);
#14324 = CARTESIAN_POINT('',(2.4,-6.,9.05));
#14325 = SURFACE_CURVE('',#14326,(#14330,#14337),.PCURVE_S1.);
#14326 = LINE('',#14327,#14328);
#14327 = CARTESIAN_POINT('',(-16.,-6.,9.05));
#14328 = VECTOR('',#14329,1.);
#14329 = DIRECTION('',(1.,0.,0.));
#14330 = PCURVE('',#14038,#14331);
#14331 = DEFINITIONAL_REPRESENTATION('',(#14332),#14336);
#14332 = LINE('',#14333,#14334);
#14333 = CARTESIAN_POINT('',(0.,0.));
#14334 = VECTOR('',#14335,1.);
#14335 = DIRECTION('',(0.,1.));
#14336 = ( GEOMETRIC_REPRESENTATION_CONTEXT(2) 
PARAMETRIC_REPRESENTATION_CONTEXT() REPRESENTATION_CONTEXT('2D SPACE',''
  ) );
#14337 = PCURVE('',#14338,#14343);
#14338 = PLANE('',#14339);
#14339 = AXIS2_PLACEMENT_3D('',#14340,#14341,#14342);
#14340 = CARTESIAN_POINT('',(-16.,-6.,9.05));
#14341 = DIRECTION('',(0.,0.,1.));
#14342 = DIRECTION('',(1.,0.,0.));
#14343 = DEFINITIONAL_REPRESENTATION('',(#14344),#14348);
#14344 = LINE('',#14345,#14346);
#14345 = CARTESIAN_POINT('',(0.,0.));
#14346 = VECTOR('',#14347,1.);
#14347 = DIRECTION('',(1.,0.));
#14348 = ( GEOMETRIC_REPRESENTATION_CONTEXT(2) 
PARAMETRIC_REPRESENTATION_CONTEXT() REPRESENTATION_CONTEXT('2D SPACE',''
  ) );
#14349 = ORIENTED_EDGE('',*,*,#14350,.F.);
#14350 = EDGE_CURVE('',#14351,#14323,#14353,.T.);
#14351 = VERTEX_POINT('',#14352);
#14352 = CARTESIAN_POINT('',(2.4,-6.,5.1));
#14353 = SURFACE_CURVE('',#14354,(#14358,#14365),.PCURVE_S1.);
#14354 = LINE('',#14355,#14356);
#14355 = CARTESIAN_POINT('',(2.4,-6.,5.1));
#14356 = VECTOR('',#14357,1.);
#14357 = DIRECTION('',(0.,0.,1.));
#14358 = PCURVE('',#14038,#14359);
#14359 = DEFINITIONAL_REPRESENTATION('',(#14360),#14364);
#14360 = LINE('',#14361,#14362);
#14361 = CARTESIAN_POINT('',(-3.95,18.4));
#14362 = VECTOR('',#14363,1.);
#14363 = DIRECTION('',(1.,0.));
#14364 = ( GEOMETRIC_REPRESENTATION_CONTEXT(2) 
PARAMETRIC_REPRESENTATION_CONTEXT() REPRESENTATION_CONTEXT('2D SPACE',''
  ) );
#14365 = PCURVE('',#14366,#14371);
#14366 = PLANE('',#14367);
#14367 = AXIS2_PLACEMENT_3D('',#14368,#14369,#14370);
#14368 = CARTESIAN_POINT('',(2.4,-6.,5.1));
#14369 = DIRECTION('',(1.,0.,0.));
#14370 = DIRECTION('',(0.,0.,1.));
#14371 = DEFINITIONAL_REPRESENTATION('',(#14372),#14376);
#14372 = LINE('',#14373,#14374);
#14373 = CARTESIAN_POINT('',(0.,0.));
#14374 = VECTOR('',#14375,1.);
#14375 = DIRECTION('',(1.,0.));
#14376 = ( GEOMETRIC_REPRESENTATION_CONTEXT(2) 
PARAMETRIC_REPRESENTATION_CONTEXT() REPRESENTATION_CONTEXT('2D SPACE',''
  ) );
#14377 = ORIENTED_EDGE('',*,*,#14378,.F.);
#14378 = EDGE_CURVE('',#14379,#14351,#14381,.T.);
#14379 = VERTEX_POINT('',#14380);
#14380 = CARTESIAN_POINT('',(0.8,-6.,5.1));
#14381 = SURFACE_CURVE('',#14382,(#14386,#14393),.PCURVE_S1.);
#14382 = LINE('',#14383,#14384);
#14383 = CARTESIAN_POINT('',(0.8,-6.,5.1));
#14384 = VECTOR('',#14385,1.);
#14385 = DIRECTION('',(1.,0.,0.));
#14386 = PCURVE('',#14038,#14387);
#14387 = DEFINITIONAL_REPRESENTATION('',(#14388),#14392);
#14388 = LINE('',#14389,#14390);
#14389 = CARTESIAN_POINT('',(-3.95,16.8));
#14390 = VECTOR('',#14391,1.);
#14391 = DIRECTION('',(0.,1.));
#14392 = ( GEOMETRIC_REPRESENTATION_CONTEXT(2) 
PARAMETRIC_REPRESENTATION_CONTEXT() REPRESENTATION_CONTEXT('2D SPACE',''
  ) );
#14393 = PCURVE('',#14394,#14399);
#14394 = PLANE('',#14395);
#14395 = AXIS2_PLACEMENT_3D('',#14396,#14397,#14398);
#14396 = CARTESIAN_POINT('',(0.8,-6.,5.1));
#14397 = DIRECTION('',(0.,0.,1.));
#14398 = DIRECTION('',(1.,0.,0.));
#14399 = DEFINITIONAL_REPRESENTATION('',(#14400),#14404);
#14400 = LINE('',#14401,#14402);
#14401 = CARTESIAN_POINT('',(0.,0.));
#14402 = VECTOR('',#14403,1.);
#14403 = DIRECTION('',(1.,0.));
#14404 = ( GEOMETRIC_REPRESENTATION_CONTEXT(2) 
PARAMETRIC_REPRESENTATION_CONTEXT() REPRESENTATION_CONTEXT('2D SPACE',''
  ) );
#14405 = ORIENTED_EDGE('',*,*,#14406,.T.);
#14406 = EDGE_CURVE('',#14379,#14136,#14407,.T.);
#14407 = SURFACE_CURVE('',#14408,(#14412,#14419),.PCURVE_S1.);
#14408 = LINE('',#14409,#14410);
#14409 = CARTESIAN_POINT('',(0.8,-6.,5.1));
#14410 = VECTOR('',#14411,1.);
#14411 = DIRECTION('',(0.,0.,1.));
#14412 = PCURVE('',#14038,#14413);
#14413 = DEFINITIONAL_REPRESENTATION('',(#14414),#14418);
#14414 = LINE('',#14415,#14416);
#14415 = CARTESIAN_POINT('',(-3.95,16.8));
#14416 = VECTOR('',#14417,1.);
#14417 = DIRECTION('',(1.,0.));
#14418 = ( GEOMETRIC_REPRESENTATION_CONTEXT(2) 
PARAMETRIC_REPRESENTATION_CONTEXT() REPRESENTATION_CONTEXT('2D SPACE',''
  ) );
#14419 = PCURVE('',#14420,#14425);
#14420 = PLANE('',#14421);
#14421 = AXIS2_PLACEMENT_3D('',#14422,#14423,#14424);
#14422 = CARTESIAN_POINT('',(0.8,-6.,5.1));
#14423 = DIRECTION('',(1.,0.,0.));
#14424 = DIRECTION('',(0.,0.,1.));
#14425 = DEFINITIONAL_REPRESENTATION('',(#14426),#14430);
#14426 = LINE('',#14427,#14428);
#14427 = CARTESIAN_POINT('',(0.,0.));
#14428 = VECTOR('',#14429,1.);
#14429 = DIRECTION('',(1.,0.));
#14430 = ( GEOMETRIC_REPRESENTATION_CONTEXT(2) 
PARAMETRIC_REPRESENTATION_CONTEXT() REPRESENTATION_CONTEXT('2D SPACE',''
  ) );
#14431 = ADVANCED_FACE('',(#14432),#14120,.T.);
#14432 = FACE_BOUND('',#14433,.T.);
#14433 = EDGE_LOOP('',(#14434,#14457,#14458,#14459));
#14434 = ORIENTED_EDGE('',*,*,#14435,.F.);
#14435 = EDGE_CURVE('',#14079,#14436,#14438,.T.);
#14436 = VERTEX_POINT('',#14437);
#14437 = CARTESIAN_POINT('',(0.8,6.,32.95));
#14438 = SURFACE_CURVE('',#14439,(#14443,#14450),.PCURVE_S1.);
#14439 = LINE('',#14440,#14441);
#14440 = CARTESIAN_POINT('',(-16.,6.,32.95));
#14441 = VECTOR('',#14442,1.);
#14442 = DIRECTION('',(1.,0.,0.));
#14443 = PCURVE('',#14120,#14444);
#14444 = DEFINITIONAL_REPRESENTATION('',(#14445),#14449);
#14445 = LINE('',#14446,#14447);
#14446 = CARTESIAN_POINT('',(0.,12.));
#14447 = VECTOR('',#14448,1.);
#14448 = DIRECTION('',(1.,0.));
#14449 = ( GEOMETRIC_REPRESENTATION_CONTEXT(2) 
PARAMETRIC_REPRESENTATION_CONTEXT() REPRESENTATION_CONTEXT('2D SPACE',''
  ) );
#14450 = PCURVE('',#14094,#14451);
#14451 = DEFINITIONAL_REPRESENTATION('',(#14452),#14456);
#14452 = LINE('',#14453,#14454);
#14453 = CARTESIAN_POINT('',(23.9,0.));
#14454 = VECTOR('',#14455,1.);
#14455 = DIRECTION('',(0.,1.));
#14456 = ( GEOMETRIC_REPRESENTATION_CONTEXT(2) 
PARAMETRIC_REPRESENTATION_CONTEXT() REPRESENTATION_CONTEXT('2D SPACE',''
  ) );
#14457 = ORIENTED_EDGE('',*,*,#14106,.F.);
#14458 = ORIENTED_EDGE('',*,*,#14159,.T.);
#14459 = ORIENTED_EDGE('',*,*,#14460,.T.);
#14460 = EDGE_CURVE('',#14160,#14436,#14461,.T.);
#14461 = SURFACE_CURVE('',#14462,(#14466,#14473),.PCURVE_S1.);
#14462 = LINE('',#14463,#14464);
#14463 = CARTESIAN_POINT('',(0.8,-6.,32.95));
#14464 = VECTOR('',#14465,1.);
#14465 = DIRECTION('',(0.,1.,0.));
#14466 = PCURVE('',#14120,#14467);
#14467 = DEFINITIONAL_REPRESENTATION('',(#14468),#14472);
#14468 = LINE('',#14469,#14470);
#14469 = CARTESIAN_POINT('',(16.8,0.));
#14470 = VECTOR('',#14471,1.);
#14471 = DIRECTION('',(0.,1.));
#14472 = ( GEOMETRIC_REPRESENTATION_CONTEXT(2) 
PARAMETRIC_REPRESENTATION_CONTEXT() REPRESENTATION_CONTEXT('2D SPACE',''
  ) );
#14473 = PCURVE('',#14198,#14474);
#14474 = DEFINITIONAL_REPRESENTATION('',(#14475),#14479);
#14475 = LINE('',#14476,#14477);
#14476 = CARTESIAN_POINT('',(27.85,0.));
#14477 = VECTOR('',#14478,1.);
#14478 = DIRECTION('',(0.,-1.));
#14479 = ( GEOMETRIC_REPRESENTATION_CONTEXT(2) 
PARAMETRIC_REPRESENTATION_CONTEXT() REPRESENTATION_CONTEXT('2D SPACE',''
  ) );
#14480 = ADVANCED_FACE('',(#14481),#14094,.T.);
#14481 = FACE_BOUND('',#14482,.T.);
#14482 = EDGE_LOOP('',(#14483,#14506,#14507,#14508,#14531,#14554,#14577,
    #14600,#14623,#14646,#14669,#14692));
#14483 = ORIENTED_EDGE('',*,*,#14484,.F.);
#14484 = EDGE_CURVE('',#14051,#14485,#14487,.T.);
#14485 = VERTEX_POINT('',#14486);
#14486 = CARTESIAN_POINT('',(0.8,6.,9.05));
#14487 = SURFACE_CURVE('',#14488,(#14492,#14499),.PCURVE_S1.);
#14488 = LINE('',#14489,#14490);
#14489 = CARTESIAN_POINT('',(-16.,6.,9.05));
#14490 = VECTOR('',#14491,1.);
#14491 = DIRECTION('',(1.,0.,0.));
#14492 = PCURVE('',#14094,#14493);
#14493 = DEFINITIONAL_REPRESENTATION('',(#14494),#14498);
#14494 = LINE('',#14495,#14496);
#14495 = CARTESIAN_POINT('',(0.,0.));
#14496 = VECTOR('',#14497,1.);
#14497 = DIRECTION('',(0.,1.));
#14498 = ( GEOMETRIC_REPRESENTATION_CONTEXT(2) 
PARAMETRIC_REPRESENTATION_CONTEXT() REPRESENTATION_CONTEXT('2D SPACE',''
  ) );
#14499 = PCURVE('',#14066,#14500);
#14500 = DEFINITIONAL_REPRESENTATION('',(#14501),#14505);
#14501 = LINE('',#14502,#14503);
#14502 = CARTESIAN_POINT('',(0.,12.));
#14503 = VECTOR('',#14504,1.);
#14504 = DIRECTION('',(1.,0.));
#14505 = ( GEOMETRIC_REPRESENTATION_CONTEXT(2) 
PARAMETRIC_REPRESENTATION_CONTEXT() REPRESENTATION_CONTEXT('2D SPACE',''
  ) );
#14506 = ORIENTED_EDGE('',*,*,#14078,.T.);
#14507 = ORIENTED_EDGE('',*,*,#14435,.T.);
#14508 = ORIENTED_EDGE('',*,*,#14509,.T.);
#14509 = EDGE_CURVE('',#14436,#14510,#14512,.T.);
#14510 = VERTEX_POINT('',#14511);
#14511 = CARTESIAN_POINT('',(0.8,6.,36.9));
#14512 = SURFACE_CURVE('',#14513,(#14517,#14524),.PCURVE_S1.);
#14513 = LINE('',#14514,#14515);
#14514 = CARTESIAN_POINT('',(0.8,6.,5.1));
#14515 = VECTOR('',#14516,1.);
#14516 = DIRECTION('',(0.,0.,1.));
#14517 = PCURVE('',#14094,#14518);
#14518 = DEFINITIONAL_REPRESENTATION('',(#14519),#14523);
#14519 = LINE('',#14520,#14521);
#14520 = CARTESIAN_POINT('',(-3.95,16.8));
#14521 = VECTOR('',#14522,1.);
#14522 = DIRECTION('',(1.,0.));
#14523 = ( GEOMETRIC_REPRESENTATION_CONTEXT(2) 
PARAMETRIC_REPRESENTATION_CONTEXT() REPRESENTATION_CONTEXT('2D SPACE',''
  ) );
#14524 = PCURVE('',#14198,#14525);
#14525 = DEFINITIONAL_REPRESENTATION('',(#14526),#14530);
#14526 = LINE('',#14527,#14528);
#14527 = CARTESIAN_POINT('',(0.,-12.));
#14528 = VECTOR('',#14529,1.);
#14529 = DIRECTION('',(1.,0.));
#14530 = ( GEOMETRIC_REPRESENTATION_CONTEXT(2) 
PARAMETRIC_REPRESENTATION_CONTEXT() REPRESENTATION_CONTEXT('2D SPACE',''
  ) );
#14531 = ORIENTED_EDGE('',*,*,#14532,.T.);
#14532 = EDGE_CURVE('',#14510,#14533,#14535,.T.);
#14533 = VERTEX_POINT('',#14534);
#14534 = CARTESIAN_POINT('',(2.4,6.,36.9));
#14535 = SURFACE_CURVE('',#14536,(#14540,#14547),.PCURVE_S1.);
#14536 = LINE('',#14537,#14538);
#14537 = CARTESIAN_POINT('',(0.8,6.,36.9));
#14538 = VECTOR('',#14539,1.);
#14539 = DIRECTION('',(1.,0.,0.));
#14540 = PCURVE('',#14094,#14541);
#14541 = DEFINITIONAL_REPRESENTATION('',(#14542),#14546);
#14542 = LINE('',#14543,#14544);
#14543 = CARTESIAN_POINT('',(27.85,16.8));
#14544 = VECTOR('',#14545,1.);
#14545 = DIRECTION('',(0.,1.));
#14546 = ( GEOMETRIC_REPRESENTATION_CONTEXT(2) 
PARAMETRIC_REPRESENTATION_CONTEXT() REPRESENTATION_CONTEXT('2D SPACE',''
  ) );
#14547 = PCURVE('',#14226,#14548);
#14548 = DEFINITIONAL_REPRESENTATION('',(#14549),#14553);
#14549 = LINE('',#14550,#14551);
#14550 = CARTESIAN_POINT('',(0.,12.));
#14551 = VECTOR('',#14552,1.);
#14552 = DIRECTION('',(1.,0.));
#14553 = ( GEOMETRIC_REPRESENTATION_CONTEXT(2) 
PARAMETRIC_REPRESENTATION_CONTEXT() REPRESENTATION_CONTEXT('2D SPACE',''
  ) );
#14554 = ORIENTED_EDGE('',*,*,#14555,.F.);
#14555 = EDGE_CURVE('',#14556,#14533,#14558,.T.);
#14556 = VERTEX_POINT('',#14557);
#14557 = CARTESIAN_POINT('',(2.4,6.,32.95));
#14558 = SURFACE_CURVE('',#14559,(#14563,#14570),.PCURVE_S1.);
#14559 = LINE('',#14560,#14561);
#14560 = CARTESIAN_POINT('',(2.4,6.,5.1));
#14561 = VECTOR('',#14562,1.);
#14562 = DIRECTION('',(0.,0.,1.));
#14563 = PCURVE('',#14094,#14564);
#14564 = DEFINITIONAL_REPRESENTATION('',(#14565),#14569);
#14565 = LINE('',#14566,#14567);
#14566 = CARTESIAN_POINT('',(-3.95,18.4));
#14567 = VECTOR('',#14568,1.);
#14568 = DIRECTION('',(1.,0.));
#14569 = ( GEOMETRIC_REPRESENTATION_CONTEXT(2) 
PARAMETRIC_REPRESENTATION_CONTEXT() REPRESENTATION_CONTEXT('2D SPACE',''
  ) );
#14570 = PCURVE('',#14254,#14571);
#14571 = DEFINITIONAL_REPRESENTATION('',(#14572),#14576);
#14572 = LINE('',#14573,#14574);
#14573 = CARTESIAN_POINT('',(0.,-12.));
#14574 = VECTOR('',#14575,1.);
#14575 = DIRECTION('',(1.,0.));
#14576 = ( GEOMETRIC_REPRESENTATION_CONTEXT(2) 
PARAMETRIC_REPRESENTATION_CONTEXT() REPRESENTATION_CONTEXT('2D SPACE',''
  ) );
#14577 = ORIENTED_EDGE('',*,*,#14578,.T.);
#14578 = EDGE_CURVE('',#14556,#14579,#14581,.T.);
#14579 = VERTEX_POINT('',#14580);
#14580 = CARTESIAN_POINT('',(6.,6.,32.95));
#14581 = SURFACE_CURVE('',#14582,(#14586,#14593),.PCURVE_S1.);
#14582 = LINE('',#14583,#14584);
#14583 = CARTESIAN_POINT('',(-16.,6.,32.95));
#14584 = VECTOR('',#14585,1.);
#14585 = DIRECTION('',(1.,0.,0.));
#14586 = PCURVE('',#14094,#14587);
#14587 = DEFINITIONAL_REPRESENTATION('',(#14588),#14592);
#14588 = LINE('',#14589,#14590);
#14589 = CARTESIAN_POINT('',(23.9,0.));
#14590 = VECTOR('',#14591,1.);
#14591 = DIRECTION('',(0.,1.));
#14592 = ( GEOMETRIC_REPRESENTATION_CONTEXT(2) 
PARAMETRIC_REPRESENTATION_CONTEXT() REPRESENTATION_CONTEXT('2D SPACE',''
  ) );
#14593 = PCURVE('',#14282,#14594);
#14594 = DEFINITIONAL_REPRESENTATION('',(#14595),#14599);
#14595 = LINE('',#14596,#14597);
#14596 = CARTESIAN_POINT('',(0.,12.));
#14597 = VECTOR('',#14598,1.);
#14598 = DIRECTION('',(1.,0.));
#14599 = ( GEOMETRIC_REPRESENTATION_CONTEXT(2) 
PARAMETRIC_REPRESENTATION_CONTEXT() REPRESENTATION_CONTEXT('2D SPACE',''
  ) );
#14600 = ORIENTED_EDGE('',*,*,#14601,.F.);
#14601 = EDGE_CURVE('',#14602,#14579,#14604,.T.);
#14602 = VERTEX_POINT('',#14603);
#14603 = CARTESIAN_POINT('',(6.,6.,9.05));
#14604 = SURFACE_CURVE('',#14605,(#14609,#14616),.PCURVE_S1.);
#14605 = LINE('',#14606,#14607);
#14606 = CARTESIAN_POINT('',(6.,6.,9.05));
#14607 = VECTOR('',#14608,1.);
#14608 = DIRECTION('',(0.,0.,1.));
#14609 = PCURVE('',#14094,#14610);
#14610 = DEFINITIONAL_REPRESENTATION('',(#14611),#14615);
#14611 = LINE('',#14612,#14613);
#14612 = CARTESIAN_POINT('',(0.,22.));
#14613 = VECTOR('',#14614,1.);
#14614 = DIRECTION('',(1.,0.));
#14615 = ( GEOMETRIC_REPRESENTATION_CONTEXT(2) 
PARAMETRIC_REPRESENTATION_CONTEXT() REPRESENTATION_CONTEXT('2D SPACE',''
  ) );
#14616 = PCURVE('',#14310,#14617);
#14617 = DEFINITIONAL_REPRESENTATION('',(#14618),#14622);
#14618 = LINE('',#14619,#14620);
#14619 = CARTESIAN_POINT('',(0.,-12.));
#14620 = VECTOR('',#14621,1.);
#14621 = DIRECTION('',(1.,0.));
#14622 = ( GEOMETRIC_REPRESENTATION_CONTEXT(2) 
PARAMETRIC_REPRESENTATION_CONTEXT() REPRESENTATION_CONTEXT('2D SPACE',''
  ) );
#14623 = ORIENTED_EDGE('',*,*,#14624,.F.);
#14624 = EDGE_CURVE('',#14625,#14602,#14627,.T.);
#14625 = VERTEX_POINT('',#14626);
#14626 = CARTESIAN_POINT('',(2.4,6.,9.05));
#14627 = SURFACE_CURVE('',#14628,(#14632,#14639),.PCURVE_S1.);
#14628 = LINE('',#14629,#14630);
#14629 = CARTESIAN_POINT('',(-16.,6.,9.05));
#14630 = VECTOR('',#14631,1.);
#14631 = DIRECTION('',(1.,0.,0.));
#14632 = PCURVE('',#14094,#14633);
#14633 = DEFINITIONAL_REPRESENTATION('',(#14634),#14638);
#14634 = LINE('',#14635,#14636);
#14635 = CARTESIAN_POINT('',(0.,0.));
#14636 = VECTOR('',#14637,1.);
#14637 = DIRECTION('',(0.,1.));
#14638 = ( GEOMETRIC_REPRESENTATION_CONTEXT(2) 
PARAMETRIC_REPRESENTATION_CONTEXT() REPRESENTATION_CONTEXT('2D SPACE',''
  ) );
#14639 = PCURVE('',#14338,#14640);
#14640 = DEFINITIONAL_REPRESENTATION('',(#14641),#14645);
#14641 = LINE('',#14642,#14643);
#14642 = CARTESIAN_POINT('',(0.,12.));
#14643 = VECTOR('',#14644,1.);
#14644 = DIRECTION('',(1.,0.));
#14645 = ( GEOMETRIC_REPRESENTATION_CONTEXT(2) 
PARAMETRIC_REPRESENTATION_CONTEXT() REPRESENTATION_CONTEXT('2D SPACE',''
  ) );
#14646 = ORIENTED_EDGE('',*,*,#14647,.F.);
#14647 = EDGE_CURVE('',#14648,#14625,#14650,.T.);
#14648 = VERTEX_POINT('',#14649);
#14649 = CARTESIAN_POINT('',(2.4,6.,5.1));
#14650 = SURFACE_CURVE('',#14651,(#14655,#14662),.PCURVE_S1.);
#14651 = LINE('',#14652,#14653);
#14652 = CARTESIAN_POINT('',(2.4,6.,5.1));
#14653 = VECTOR('',#14654,1.);
#14654 = DIRECTION('',(0.,0.,1.));
#14655 = PCURVE('',#14094,#14656);
#14656 = DEFINITIONAL_REPRESENTATION('',(#14657),#14661);
#14657 = LINE('',#14658,#14659);
#14658 = CARTESIAN_POINT('',(-3.95,18.4));
#14659 = VECTOR('',#14660,1.);
#14660 = DIRECTION('',(1.,0.));
#14661 = ( GEOMETRIC_REPRESENTATION_CONTEXT(2) 
PARAMETRIC_REPRESENTATION_CONTEXT() REPRESENTATION_CONTEXT('2D SPACE',''
  ) );
#14662 = PCURVE('',#14366,#14663);
#14663 = DEFINITIONAL_REPRESENTATION('',(#14664),#14668);
#14664 = LINE('',#14665,#14666);
#14665 = CARTESIAN_POINT('',(0.,-12.));
#14666 = VECTOR('',#14667,1.);
#14667 = DIRECTION('',(1.,0.));
#14668 = ( GEOMETRIC_REPRESENTATION_CONTEXT(2) 
PARAMETRIC_REPRESENTATION_CONTEXT() REPRESENTATION_CONTEXT('2D SPACE',''
  ) );
#14669 = ORIENTED_EDGE('',*,*,#14670,.F.);
#14670 = EDGE_CURVE('',#14671,#14648,#14673,.T.);
#14671 = VERTEX_POINT('',#14672);
#14672 = CARTESIAN_POINT('',(0.8,6.,5.1));
#14673 = SURFACE_CURVE('',#14674,(#14678,#14685),.PCURVE_S1.);
#14674 = LINE('',#14675,#14676);
#14675 = CARTESIAN_POINT('',(0.8,6.,5.1));
#14676 = VECTOR('',#14677,1.);
#14677 = DIRECTION('',(1.,0.,0.));
#14678 = PCURVE('',#14094,#14679);
#14679 = DEFINITIONAL_REPRESENTATION('',(#14680),#14684);
#14680 = LINE('',#14681,#14682);
#14681 = CARTESIAN_POINT('',(-3.95,16.8));
#14682 = VECTOR('',#14683,1.);
#14683 = DIRECTION('',(0.,1.));
#14684 = ( GEOMETRIC_REPRESENTATION_CONTEXT(2) 
PARAMETRIC_REPRESENTATION_CONTEXT() REPRESENTATION_CONTEXT('2D SPACE',''
  ) );
#14685 = PCURVE('',#14394,#14686);
#14686 = DEFINITIONAL_REPRESENTATION('',(#14687),#14691);
#14687 = LINE('',#14688,#14689);
#14688 = CARTESIAN_POINT('',(0.,12.));
#14689 = VECTOR('',#14690,1.);
#14690 = DIRECTION('',(1.,0.));
#14691 = ( GEOMETRIC_REPRESENTATION_CONTEXT(2) 
PARAMETRIC_REPRESENTATION_CONTEXT() REPRESENTATION_CONTEXT('2D SPACE',''
  ) );
#14692 = ORIENTED_EDGE('',*,*,#14693,.T.);
#14693 = EDGE_CURVE('',#14671,#14485,#14694,.T.);
#14694 = SURFACE_CURVE('',#14695,(#14699,#14706),.PCURVE_S1.);
#14695 = LINE('',#14696,#14697);
#14696 = CARTESIAN_POINT('',(0.8,6.,5.1));
#14697 = VECTOR('',#14698,1.);
#14698 = DIRECTION('',(0.,0.,1.));
#14699 = PCURVE('',#14094,#14700);
#14700 = DEFINITIONAL_REPRESENTATION('',(#14701),#14705);
#14701 = LINE('',#14702,#14703);
#14702 = CARTESIAN_POINT('',(-3.95,16.8));
#14703 = VECTOR('',#14704,1.);
#14704 = DIRECTION('',(1.,0.));
#14705 = ( GEOMETRIC_REPRESENTATION_CONTEXT(2) 
PARAMETRIC_REPRESENTATION_CONTEXT() REPRESENTATION_CONTEXT('2D SPACE',''
  ) );
#14706 = PCURVE('',#14420,#14707);
#14707 = DEFINITIONAL_REPRESENTATION('',(#14708),#14712);
#14708 = LINE('',#14709,#14710);
#14709 = CARTESIAN_POINT('',(0.,-12.));
#14710 = VECTOR('',#14711,1.);
#14711 = DIRECTION('',(1.,0.));
#14712 = ( GEOMETRIC_REPRESENTATION_CONTEXT(2) 
PARAMETRIC_REPRESENTATION_CONTEXT() REPRESENTATION_CONTEXT('2D SPACE',''
  ) );
#14713 = ADVANCED_FACE('',(#14714),#14066,.F.);
#14714 = FACE_BOUND('',#14715,.F.);
#14715 = EDGE_LOOP('',(#14716,#14717,#14718,#14719));
#14716 = ORIENTED_EDGE('',*,*,#14484,.F.);
#14717 = ORIENTED_EDGE('',*,*,#14050,.F.);
#14718 = ORIENTED_EDGE('',*,*,#14135,.T.);
#14719 = ORIENTED_EDGE('',*,*,#14720,.T.);
#14720 = EDGE_CURVE('',#14136,#14485,#14721,.T.);
#14721 = SURFACE_CURVE('',#14722,(#14726,#14733),.PCURVE_S1.);
#14722 = LINE('',#14723,#14724);
#14723 = CARTESIAN_POINT('',(0.8,-6.,9.05));
#14724 = VECTOR('',#14725,1.);
#14725 = DIRECTION('',(0.,1.,0.));
#14726 = PCURVE('',#14066,#14727);
#14727 = DEFINITIONAL_REPRESENTATION('',(#14728),#14732);
#14728 = LINE('',#14729,#14730);
#14729 = CARTESIAN_POINT('',(16.8,0.));
#14730 = VECTOR('',#14731,1.);
#14731 = DIRECTION('',(0.,1.));
#14732 = ( GEOMETRIC_REPRESENTATION_CONTEXT(2) 
PARAMETRIC_REPRESENTATION_CONTEXT() REPRESENTATION_CONTEXT('2D SPACE',''
  ) );
#14733 = PCURVE('',#14420,#14734);
#14734 = DEFINITIONAL_REPRESENTATION('',(#14735),#14739);
#14735 = LINE('',#14736,#14737);
#14736 = CARTESIAN_POINT('',(3.95,0.));
#14737 = VECTOR('',#14738,1.);
#14738 = DIRECTION('',(0.,-1.));
#14739 = ( GEOMETRIC_REPRESENTATION_CONTEXT(2) 
PARAMETRIC_REPRESENTATION_CONTEXT() REPRESENTATION_CONTEXT('2D SPACE',''
  ) );
#14740 = ADVANCED_FACE('',(#14741,#14767),#14198,.F.);
#14741 = FACE_BOUND('',#14742,.F.);
#14742 = EDGE_LOOP('',(#14743,#14744,#14745,#14746));
#14743 = ORIENTED_EDGE('',*,*,#14182,.F.);
#14744 = ORIENTED_EDGE('',*,*,#14460,.T.);
#14745 = ORIENTED_EDGE('',*,*,#14509,.T.);
#14746 = ORIENTED_EDGE('',*,*,#14747,.F.);
#14747 = EDGE_CURVE('',#14183,#14510,#14748,.T.);
#14748 = SURFACE_CURVE('',#14749,(#14753,#14760),.PCURVE_S1.);
#14749 = LINE('',#14750,#14751);
#14750 = CARTESIAN_POINT('',(0.8,-6.,36.9));
#14751 = VECTOR('',#14752,1.);
#14752 = DIRECTION('',(0.,1.,0.));
#14753 = PCURVE('',#14198,#14754);
#14754 = DEFINITIONAL_REPRESENTATION('',(#14755),#14759);
#14755 = LINE('',#14756,#14757);
#14756 = CARTESIAN_POINT('',(31.8,0.));
#14757 = VECTOR('',#14758,1.);
#14758 = DIRECTION('',(0.,-1.));
#14759 = ( GEOMETRIC_REPRESENTATION_CONTEXT(2) 
PARAMETRIC_REPRESENTATION_CONTEXT() REPRESENTATION_CONTEXT('2D SPACE',''
  ) );
#14760 = PCURVE('',#14226,#14761);
#14761 = DEFINITIONAL_REPRESENTATION('',(#14762),#14766);
#14762 = LINE('',#14763,#14764);
#14763 = CARTESIAN_POINT('',(0.,0.));
#14764 = VECTOR('',#14765,1.);
#14765 = DIRECTION('',(0.,1.));
#14766 = ( GEOMETRIC_REPRESENTATION_CONTEXT(2) 
PARAMETRIC_REPRESENTATION_CONTEXT() REPRESENTATION_CONTEXT('2D SPACE',''
  ) );
#14767 = FACE_BOUND('',#14768,.F.);
#14768 = EDGE_LOOP('',(#14769));
#14769 = ORIENTED_EDGE('',*,*,#14770,.T.);
#14770 = EDGE_CURVE('',#14771,#14771,#14773,.T.);
#14771 = VERTEX_POINT('',#14772);
#14772 = CARTESIAN_POINT('',(0.8,1.,34.9));
#14773 = SURFACE_CURVE('',#14774,(#14779,#14790),.PCURVE_S1.);
#14774 = CIRCLE('',#14775,1.);
#14775 = AXIS2_PLACEMENT_3D('',#14776,#14777,#14778);
#14776 = CARTESIAN_POINT('',(0.8,0.,34.9));
#14777 = DIRECTION('',(-1.,0.,0.));
#14778 = DIRECTION('',(0.,1.,0.));
#14779 = PCURVE('',#14198,#14780);
#14780 = DEFINITIONAL_REPRESENTATION('',(#14781),#14789);
#14781 = ( BOUNDED_CURVE() B_SPLINE_CURVE(2,(#14782,#14783,#14784,#14785
    ,#14786,#14787,#14788),.UNSPECIFIED.,.T.,.F.) 
B_SPLINE_CURVE_WITH_KNOTS((1,2,2,2,2,1),(-2.094395102393,0.,
    2.094395102393,4.188790204786,6.28318530718,8.377580409573),
.UNSPECIFIED.) CURVE() GEOMETRIC_REPRESENTATION_ITEM() 
RATIONAL_B_SPLINE_CURVE((1.,0.5,1.,0.5,1.,0.5,1.)) REPRESENTATION_ITEM(
  '') );
#14782 = CARTESIAN_POINT('',(29.8,-7.));
#14783 = CARTESIAN_POINT('',(28.067949192431,-7.));
#14784 = CARTESIAN_POINT('',(28.933974596216,-5.5));
#14785 = CARTESIAN_POINT('',(29.8,-4.));
#14786 = CARTESIAN_POINT('',(30.666025403784,-5.5));
#14787 = CARTESIAN_POINT('',(31.532050807569,-7.));
#14788 = CARTESIAN_POINT('',(29.8,-7.));
#14789 = ( GEOMETRIC_REPRESENTATION_CONTEXT(2) 
PARAMETRIC_REPRESENTATION_CONTEXT() REPRESENTATION_CONTEXT('2D SPACE',''
  ) );
#14790 = PCURVE('',#14791,#14796);
#14791 = CYLINDRICAL_SURFACE('',#14792,1.);
#14792 = AXIS2_PLACEMENT_3D('',#14793,#14794,#14795);
#14793 = CARTESIAN_POINT('',(0.3,0.,34.9));
#14794 = DIRECTION('',(-1.,-0.,-0.));
#14795 = DIRECTION('',(0.,1.,0.));
#14796 = DEFINITIONAL_REPRESENTATION('',(#14797),#14801);
#14797 = LINE('',#14798,#14799);
#14798 = CARTESIAN_POINT('',(-6.28318530718,-0.5));
#14799 = VECTOR('',#14800,1.);
#14800 = DIRECTION('',(1.,-0.));
#14801 = ( GEOMETRIC_REPRESENTATION_CONTEXT(2) 
PARAMETRIC_REPRESENTATION_CONTEXT() REPRESENTATION_CONTEXT('2D SPACE',''
  ) );
#14802 = ADVANCED_FACE('',(#14803),#14226,.T.);
#14803 = FACE_BOUND('',#14804,.T.);
#14804 = EDGE_LOOP('',(#14805,#14806,#14807,#14828));
#14805 = ORIENTED_EDGE('',*,*,#14747,.F.);
#14806 = ORIENTED_EDGE('',*,*,#14210,.T.);
#14807 = ORIENTED_EDGE('',*,*,#14808,.T.);
#14808 = EDGE_CURVE('',#14211,#14533,#14809,.T.);
#14809 = SURFACE_CURVE('',#14810,(#14814,#14821),.PCURVE_S1.);
#14810 = LINE('',#14811,#14812);
#14811 = CARTESIAN_POINT('',(2.4,-6.,36.9));
#14812 = VECTOR('',#14813,1.);
#14813 = DIRECTION('',(0.,1.,0.));
#14814 = PCURVE('',#14226,#14815);
#14815 = DEFINITIONAL_REPRESENTATION('',(#14816),#14820);
#14816 = LINE('',#14817,#14818);
#14817 = CARTESIAN_POINT('',(1.6,0.));
#14818 = VECTOR('',#14819,1.);
#14819 = DIRECTION('',(0.,1.));
#14820 = ( GEOMETRIC_REPRESENTATION_CONTEXT(2) 
PARAMETRIC_REPRESENTATION_CONTEXT() REPRESENTATION_CONTEXT('2D SPACE',''
  ) );
#14821 = PCURVE('',#14254,#14822);
#14822 = DEFINITIONAL_REPRESENTATION('',(#14823),#14827);
#14823 = LINE('',#14824,#14825);
#14824 = CARTESIAN_POINT('',(31.8,0.));
#14825 = VECTOR('',#14826,1.);
#14826 = DIRECTION('',(0.,-1.));
#14827 = ( GEOMETRIC_REPRESENTATION_CONTEXT(2) 
PARAMETRIC_REPRESENTATION_CONTEXT() REPRESENTATION_CONTEXT('2D SPACE',''
  ) );
#14828 = ORIENTED_EDGE('',*,*,#14532,.F.);
#14829 = ADVANCED_FACE('',(#14830,#14856),#14254,.T.);
#14830 = FACE_BOUND('',#14831,.T.);
#14831 = EDGE_LOOP('',(#14832,#14833,#14854,#14855));
#14832 = ORIENTED_EDGE('',*,*,#14238,.F.);
#14833 = ORIENTED_EDGE('',*,*,#14834,.T.);
#14834 = EDGE_CURVE('',#14239,#14556,#14835,.T.);
#14835 = SURFACE_CURVE('',#14836,(#14840,#14847),.PCURVE_S1.);
#14836 = LINE('',#14837,#14838);
#14837 = CARTESIAN_POINT('',(2.4,-6.,32.95));
#14838 = VECTOR('',#14839,1.);
#14839 = DIRECTION('',(0.,1.,0.));
#14840 = PCURVE('',#14254,#14841);
#14841 = DEFINITIONAL_REPRESENTATION('',(#14842),#14846);
#14842 = LINE('',#14843,#14844);
#14843 = CARTESIAN_POINT('',(27.85,0.));
#14844 = VECTOR('',#14845,1.);
#14845 = DIRECTION('',(0.,-1.));
#14846 = ( GEOMETRIC_REPRESENTATION_CONTEXT(2) 
PARAMETRIC_REPRESENTATION_CONTEXT() REPRESENTATION_CONTEXT('2D SPACE',''
  ) );
#14847 = PCURVE('',#14282,#14848);
#14848 = DEFINITIONAL_REPRESENTATION('',(#14849),#14853);
#14849 = LINE('',#14850,#14851);
#14850 = CARTESIAN_POINT('',(18.4,0.));
#14851 = VECTOR('',#14852,1.);
#14852 = DIRECTION('',(0.,1.));
#14853 = ( GEOMETRIC_REPRESENTATION_CONTEXT(2) 
PARAMETRIC_REPRESENTATION_CONTEXT() REPRESENTATION_CONTEXT('2D SPACE',''
  ) );
#14854 = ORIENTED_EDGE('',*,*,#14555,.T.);
#14855 = ORIENTED_EDGE('',*,*,#14808,.F.);
#14856 = FACE_BOUND('',#14857,.T.);
#14857 = EDGE_LOOP('',(#14858));
#14858 = ORIENTED_EDGE('',*,*,#14859,.T.);
#14859 = EDGE_CURVE('',#14860,#14860,#14862,.T.);
#14860 = VERTEX_POINT('',#14861);
#14861 = CARTESIAN_POINT('',(2.4,1.,34.9));
#14862 = SURFACE_CURVE('',#14863,(#14868,#14879),.PCURVE_S1.);
#14863 = CIRCLE('',#14864,1.);
#14864 = AXIS2_PLACEMENT_3D('',#14865,#14866,#14867);
#14865 = CARTESIAN_POINT('',(2.4,0.,34.9));
#14866 = DIRECTION('',(-1.,0.,0.));
#14867 = DIRECTION('',(0.,1.,0.));
#14868 = PCURVE('',#14254,#14869);
#14869 = DEFINITIONAL_REPRESENTATION('',(#14870),#14878);
#14870 = ( BOUNDED_CURVE() B_SPLINE_CURVE(2,(#14871,#14872,#14873,#14874
    ,#14875,#14876,#14877),.UNSPECIFIED.,.T.,.F.) 
B_SPLINE_CURVE_WITH_KNOTS((1,2,2,2,2,1),(-2.094395102393,0.,
    2.094395102393,4.188790204786,6.28318530718,8.377580409573),
.UNSPECIFIED.) CURVE() GEOMETRIC_REPRESENTATION_ITEM() 
RATIONAL_B_SPLINE_CURVE((1.,0.5,1.,0.5,1.,0.5,1.)) REPRESENTATION_ITEM(
  '') );
#14871 = CARTESIAN_POINT('',(29.8,-7.));
#14872 = CARTESIAN_POINT('',(28.067949192431,-7.));
#14873 = CARTESIAN_POINT('',(28.933974596216,-5.5));
#14874 = CARTESIAN_POINT('',(29.8,-4.));
#14875 = CARTESIAN_POINT('',(30.666025403784,-5.5));
#14876 = CARTESIAN_POINT('',(31.532050807569,-7.));
#14877 = CARTESIAN_POINT('',(29.8,-7.));
#14878 = ( GEOMETRIC_REPRESENTATION_CONTEXT(2) 
PARAMETRIC_REPRESENTATION_CONTEXT() REPRESENTATION_CONTEXT('2D SPACE',''
  ) );
#14879 = PCURVE('',#14791,#14880);
#14880 = DEFINITIONAL_REPRESENTATION('',(#14881),#14885);
#14881 = LINE('',#14882,#14883);
#14882 = CARTESIAN_POINT('',(-6.28318530718,-2.1));
#14883 = VECTOR('',#14884,1.);
#14884 = DIRECTION('',(1.,-0.));
#14885 = ( GEOMETRIC_REPRESENTATION_CONTEXT(2) 
PARAMETRIC_REPRESENTATION_CONTEXT() REPRESENTATION_CONTEXT('2D SPACE',''
  ) );
#14886 = ADVANCED_FACE('',(#14887),#14282,.T.);
#14887 = FACE_BOUND('',#14888,.T.);
#14888 = EDGE_LOOP('',(#14889,#14890,#14891,#14892));
#14889 = ORIENTED_EDGE('',*,*,#14578,.F.);
#14890 = ORIENTED_EDGE('',*,*,#14834,.F.);
#14891 = ORIENTED_EDGE('',*,*,#14266,.T.);
#14892 = ORIENTED_EDGE('',*,*,#14893,.T.);
#14893 = EDGE_CURVE('',#14267,#14579,#14894,.T.);
#14894 = SURFACE_CURVE('',#14895,(#14899,#14906),.PCURVE_S1.);
#14895 = LINE('',#14896,#14897);
#14896 = CARTESIAN_POINT('',(6.,-6.,32.95));
#14897 = VECTOR('',#14898,1.);
#14898 = DIRECTION('',(0.,1.,0.));
#14899 = PCURVE('',#14282,#14900);
#14900 = DEFINITIONAL_REPRESENTATION('',(#14901),#14905);
#14901 = LINE('',#14902,#14903);
#14902 = CARTESIAN_POINT('',(22.,0.));
#14903 = VECTOR('',#14904,1.);
#14904 = DIRECTION('',(0.,1.));
#14905 = ( GEOMETRIC_REPRESENTATION_CONTEXT(2) 
PARAMETRIC_REPRESENTATION_CONTEXT() REPRESENTATION_CONTEXT('2D SPACE',''
  ) );
#14906 = PCURVE('',#14310,#14907);
#14907 = DEFINITIONAL_REPRESENTATION('',(#14908),#14912);
#14908 = LINE('',#14909,#14910);
#14909 = CARTESIAN_POINT('',(23.9,0.));
#14910 = VECTOR('',#14911,1.);
#14911 = DIRECTION('',(0.,-1.));
#14912 = ( GEOMETRIC_REPRESENTATION_CONTEXT(2) 
PARAMETRIC_REPRESENTATION_CONTEXT() REPRESENTATION_CONTEXT('2D SPACE',''
  ) );
#14913 = ADVANCED_FACE('',(#14914,#14940),#14310,.T.);
#14914 = FACE_BOUND('',#14915,.T.);
#14915 = EDGE_LOOP('',(#14916,#14917,#14938,#14939));
#14916 = ORIENTED_EDGE('',*,*,#14294,.F.);
#14917 = ORIENTED_EDGE('',*,*,#14918,.T.);
#14918 = EDGE_CURVE('',#14295,#14602,#14919,.T.);
#14919 = SURFACE_CURVE('',#14920,(#14924,#14931),.PCURVE_S1.);
#14920 = LINE('',#14921,#14922);
#14921 = CARTESIAN_POINT('',(6.,-6.,9.05));
#14922 = VECTOR('',#14923,1.);
#14923 = DIRECTION('',(0.,1.,0.));
#14924 = PCURVE('',#14310,#14925);
#14925 = DEFINITIONAL_REPRESENTATION('',(#14926),#14930);
#14926 = LINE('',#14927,#14928);
#14927 = CARTESIAN_POINT('',(0.,0.));
#14928 = VECTOR('',#14929,1.);
#14929 = DIRECTION('',(0.,-1.));
#14930 = ( GEOMETRIC_REPRESENTATION_CONTEXT(2) 
PARAMETRIC_REPRESENTATION_CONTEXT() REPRESENTATION_CONTEXT('2D SPACE',''
  ) );
#14931 = PCURVE('',#14338,#14932);
#14932 = DEFINITIONAL_REPRESENTATION('',(#14933),#14937);
#14933 = LINE('',#14934,#14935);
#14934 = CARTESIAN_POINT('',(22.,0.));
#14935 = VECTOR('',#14936,1.);
#14936 = DIRECTION('',(0.,1.));
#14937 = ( GEOMETRIC_REPRESENTATION_CONTEXT(2) 
PARAMETRIC_REPRESENTATION_CONTEXT() REPRESENTATION_CONTEXT('2D SPACE',''
  ) );
#14938 = ORIENTED_EDGE('',*,*,#14601,.T.);
#14939 = ORIENTED_EDGE('',*,*,#14893,.F.);
#14940 = FACE_BOUND('',#14941,.T.);
#14941 = EDGE_LOOP('',(#14942));
#14942 = ORIENTED_EDGE('',*,*,#14943,.F.);
#14943 = EDGE_CURVE('',#14944,#14944,#14946,.T.);
#14944 = VERTEX_POINT('',#14945);
#14945 = CARTESIAN_POINT('',(6.,5.5,27.));
#14946 = SURFACE_CURVE('',#14947,(#14952,#14959),.PCURVE_S1.);
#14947 = CIRCLE('',#14948,5.5);
#14948 = AXIS2_PLACEMENT_3D('',#14949,#14950,#14951);
#14949 = CARTESIAN_POINT('',(6.,0.,27.));
#14950 = DIRECTION('',(1.,0.,0.));
#14951 = DIRECTION('',(0.,1.,0.));
#14952 = PCURVE('',#14310,#14953);
#14953 = DEFINITIONAL_REPRESENTATION('',(#14954),#14958);
#14954 = CIRCLE('',#14955,5.5);
#14955 = AXIS2_PLACEMENT_2D('',#14956,#14957);
#14956 = CARTESIAN_POINT('',(17.95,-6.));
#14957 = DIRECTION('',(0.,-1.));
#14958 = ( GEOMETRIC_REPRESENTATION_CONTEXT(2) 
PARAMETRIC_REPRESENTATION_CONTEXT() REPRESENTATION_CONTEXT('2D SPACE',''
  ) );
#14959 = PCURVE('',#14960,#14965);
#14960 = CYLINDRICAL_SURFACE('',#14961,5.5);
#14961 = AXIS2_PLACEMENT_3D('',#14962,#14963,#14964);
#14962 = CARTESIAN_POINT('',(6.,0.,27.));
#14963 = DIRECTION('',(-1.,-0.,-0.));
#14964 = DIRECTION('',(0.,1.,0.));
#14965 = DEFINITIONAL_REPRESENTATION('',(#14966),#14970);
#14966 = LINE('',#14967,#14968);
#14967 = CARTESIAN_POINT('',(-0.,0.));
#14968 = VECTOR('',#14969,1.);
#14969 = DIRECTION('',(-1.,0.));
#14970 = ( GEOMETRIC_REPRESENTATION_CONTEXT(2) 
PARAMETRIC_REPRESENTATION_CONTEXT() REPRESENTATION_CONTEXT('2D SPACE',''
  ) );
#14971 = ADVANCED_FACE('',(#14972),#14338,.F.);
#14972 = FACE_BOUND('',#14973,.F.);
#14973 = EDGE_LOOP('',(#14974,#14975,#14996,#14997));
#14974 = ORIENTED_EDGE('',*,*,#14624,.F.);
#14975 = ORIENTED_EDGE('',*,*,#14976,.F.);
#14976 = EDGE_CURVE('',#14323,#14625,#14977,.T.);
#14977 = SURFACE_CURVE('',#14978,(#14982,#14989),.PCURVE_S1.);
#14978 = LINE('',#14979,#14980);
#14979 = CARTESIAN_POINT('',(2.4,-6.,9.05));
#14980 = VECTOR('',#14981,1.);
#14981 = DIRECTION('',(0.,1.,0.));
#14982 = PCURVE('',#14338,#14983);
#14983 = DEFINITIONAL_REPRESENTATION('',(#14984),#14988);
#14984 = LINE('',#14985,#14986);
#14985 = CARTESIAN_POINT('',(18.4,0.));
#14986 = VECTOR('',#14987,1.);
#14987 = DIRECTION('',(0.,1.));
#14988 = ( GEOMETRIC_REPRESENTATION_CONTEXT(2) 
PARAMETRIC_REPRESENTATION_CONTEXT() REPRESENTATION_CONTEXT('2D SPACE',''
  ) );
#14989 = PCURVE('',#14366,#14990);
#14990 = DEFINITIONAL_REPRESENTATION('',(#14991),#14995);
#14991 = LINE('',#14992,#14993);
#14992 = CARTESIAN_POINT('',(3.95,0.));
#14993 = VECTOR('',#14994,1.);
#14994 = DIRECTION('',(0.,-1.));
#14995 = ( GEOMETRIC_REPRESENTATION_CONTEXT(2) 
PARAMETRIC_REPRESENTATION_CONTEXT() REPRESENTATION_CONTEXT('2D SPACE',''
  ) );
#14996 = ORIENTED_EDGE('',*,*,#14322,.T.);
#14997 = ORIENTED_EDGE('',*,*,#14918,.T.);
#14998 = ADVANCED_FACE('',(#14999,#15025),#14366,.T.);
#14999 = FACE_BOUND('',#15000,.T.);
#15000 = EDGE_LOOP('',(#15001,#15002,#15023,#15024));
#15001 = ORIENTED_EDGE('',*,*,#14350,.F.);
#15002 = ORIENTED_EDGE('',*,*,#15003,.T.);
#15003 = EDGE_CURVE('',#14351,#14648,#15004,.T.);
#15004 = SURFACE_CURVE('',#15005,(#15009,#15016),.PCURVE_S1.);
#15005 = LINE('',#15006,#15007);
#15006 = CARTESIAN_POINT('',(2.4,-6.,5.1));
#15007 = VECTOR('',#15008,1.);
#15008 = DIRECTION('',(0.,1.,0.));
#15009 = PCURVE('',#14366,#15010);
#15010 = DEFINITIONAL_REPRESENTATION('',(#15011),#15015);
#15011 = LINE('',#15012,#15013);
#15012 = CARTESIAN_POINT('',(0.,0.));
#15013 = VECTOR('',#15014,1.);
#15014 = DIRECTION('',(0.,-1.));
#15015 = ( GEOMETRIC_REPRESENTATION_CONTEXT(2) 
PARAMETRIC_REPRESENTATION_CONTEXT() REPRESENTATION_CONTEXT('2D SPACE',''
  ) );
#15016 = PCURVE('',#14394,#15017);
#15017 = DEFINITIONAL_REPRESENTATION('',(#15018),#15022);
#15018 = LINE('',#15019,#15020);
#15019 = CARTESIAN_POINT('',(1.6,0.));
#15020 = VECTOR('',#15021,1.);
#15021 = DIRECTION('',(0.,1.));
#15022 = ( GEOMETRIC_REPRESENTATION_CONTEXT(2) 
PARAMETRIC_REPRESENTATION_CONTEXT() REPRESENTATION_CONTEXT('2D SPACE',''
  ) );
#15023 = ORIENTED_EDGE('',*,*,#14647,.T.);
#15024 = ORIENTED_EDGE('',*,*,#14976,.F.);
#15025 = FACE_BOUND('',#15026,.T.);
#15026 = EDGE_LOOP('',(#15027));
#15027 = ORIENTED_EDGE('',*,*,#15028,.T.);
#15028 = EDGE_CURVE('',#15029,#15029,#15031,.T.);
#15029 = VERTEX_POINT('',#15030);
#15030 = CARTESIAN_POINT('',(2.4,1.,7.1));
#15031 = SURFACE_CURVE('',#15032,(#15037,#15048),.PCURVE_S1.);
#15032 = CIRCLE('',#15033,1.);
#15033 = AXIS2_PLACEMENT_3D('',#15034,#15035,#15036);
#15034 = CARTESIAN_POINT('',(2.4,0.,7.1));
#15035 = DIRECTION('',(-1.,0.,0.));
#15036 = DIRECTION('',(0.,1.,0.));
#15037 = PCURVE('',#14366,#15038);
#15038 = DEFINITIONAL_REPRESENTATION('',(#15039),#15047);
#15039 = ( BOUNDED_CURVE() B_SPLINE_CURVE(2,(#15040,#15041,#15042,#15043
    ,#15044,#15045,#15046),.UNSPECIFIED.,.T.,.F.) 
B_SPLINE_CURVE_WITH_KNOTS((1,2,2,2,2,1),(-2.094395102393,0.,
    2.094395102393,4.188790204786,6.28318530718,8.377580409573),
.UNSPECIFIED.) CURVE() GEOMETRIC_REPRESENTATION_ITEM() 
RATIONAL_B_SPLINE_CURVE((1.,0.5,1.,0.5,1.,0.5,1.)) REPRESENTATION_ITEM(
  '') );
#15040 = CARTESIAN_POINT('',(2.,-7.));
#15041 = CARTESIAN_POINT('',(0.267949192431,-7.));
#15042 = CARTESIAN_POINT('',(1.133974596216,-5.5));
#15043 = CARTESIAN_POINT('',(2.,-4.));
#15044 = CARTESIAN_POINT('',(2.866025403784,-5.5));
#15045 = CARTESIAN_POINT('',(3.732050807569,-7.));
#15046 = CARTESIAN_POINT('',(2.,-7.));
#15047 = ( GEOMETRIC_REPRESENTATION_CONTEXT(2) 
PARAMETRIC_REPRESENTATION_CONTEXT() REPRESENTATION_CONTEXT('2D SPACE',''
  ) );
#15048 = PCURVE('',#15049,#15054);
#15049 = CYLINDRICAL_SURFACE('',#15050,1.);
#15050 = AXIS2_PLACEMENT_3D('',#15051,#15052,#15053);
#15051 = CARTESIAN_POINT('',(0.3,0.,7.1));
#15052 = DIRECTION('',(-1.,-0.,-0.));
#15053 = DIRECTION('',(0.,1.,0.));
#15054 = DEFINITIONAL_REPRESENTATION('',(#15055),#15059);
#15055 = LINE('',#15056,#15057);
#15056 = CARTESIAN_POINT('',(-6.28318530718,-2.1));
#15057 = VECTOR('',#15058,1.);
#15058 = DIRECTION('',(1.,-0.));
#15059 = ( GEOMETRIC_REPRESENTATION_CONTEXT(2) 
PARAMETRIC_REPRESENTATION_CONTEXT() REPRESENTATION_CONTEXT('2D SPACE',''
  ) );
#15060 = ADVANCED_FACE('',(#15061),#14394,.F.);
#15061 = FACE_BOUND('',#15062,.F.);
#15062 = EDGE_LOOP('',(#15063,#15084,#15085,#15086));
#15063 = ORIENTED_EDGE('',*,*,#15064,.F.);
#15064 = EDGE_CURVE('',#14379,#14671,#15065,.T.);
#15065 = SURFACE_CURVE('',#15066,(#15070,#15077),.PCURVE_S1.);
#15066 = LINE('',#15067,#15068);
#15067 = CARTESIAN_POINT('',(0.8,-6.,5.1));
#15068 = VECTOR('',#15069,1.);
#15069 = DIRECTION('',(0.,1.,0.));
#15070 = PCURVE('',#14394,#15071);
#15071 = DEFINITIONAL_REPRESENTATION('',(#15072),#15076);
#15072 = LINE('',#15073,#15074);
#15073 = CARTESIAN_POINT('',(0.,0.));
#15074 = VECTOR('',#15075,1.);
#15075 = DIRECTION('',(0.,1.));
#15076 = ( GEOMETRIC_REPRESENTATION_CONTEXT(2) 
PARAMETRIC_REPRESENTATION_CONTEXT() REPRESENTATION_CONTEXT('2D SPACE',''
  ) );
#15077 = PCURVE('',#14420,#15078);
#15078 = DEFINITIONAL_REPRESENTATION('',(#15079),#15083);
#15079 = LINE('',#15080,#15081);
#15080 = CARTESIAN_POINT('',(0.,0.));
#15081 = VECTOR('',#15082,1.);
#15082 = DIRECTION('',(0.,-1.));
#15083 = ( GEOMETRIC_REPRESENTATION_CONTEXT(2) 
PARAMETRIC_REPRESENTATION_CONTEXT() REPRESENTATION_CONTEXT('2D SPACE',''
  ) );
#15084 = ORIENTED_EDGE('',*,*,#14378,.T.);
#15085 = ORIENTED_EDGE('',*,*,#15003,.T.);
#15086 = ORIENTED_EDGE('',*,*,#14670,.F.);
#15087 = ADVANCED_FACE('',(#15088,#15094),#14420,.F.);
#15088 = FACE_BOUND('',#15089,.F.);
#15089 = EDGE_LOOP('',(#15090,#15091,#15092,#15093));
#15090 = ORIENTED_EDGE('',*,*,#14406,.F.);
#15091 = ORIENTED_EDGE('',*,*,#15064,.T.);
#15092 = ORIENTED_EDGE('',*,*,#14693,.T.);
#15093 = ORIENTED_EDGE('',*,*,#14720,.F.);
#15094 = FACE_BOUND('',#15095,.F.);
#15095 = EDGE_LOOP('',(#15096));
#15096 = ORIENTED_EDGE('',*,*,#15097,.T.);
#15097 = EDGE_CURVE('',#15098,#15098,#15100,.T.);
#15098 = VERTEX_POINT('',#15099);
#15099 = CARTESIAN_POINT('',(0.8,1.,7.1));
#15100 = SURFACE_CURVE('',#15101,(#15106,#15117),.PCURVE_S1.);
#15101 = CIRCLE('',#15102,1.);
#15102 = AXIS2_PLACEMENT_3D('',#15103,#15104,#15105);
#15103 = CARTESIAN_POINT('',(0.8,0.,7.1));
#15104 = DIRECTION('',(-1.,0.,0.));
#15105 = DIRECTION('',(0.,1.,0.));
#15106 = PCURVE('',#14420,#15107);
#15107 = DEFINITIONAL_REPRESENTATION('',(#15108),#15116);
#15108 = ( BOUNDED_CURVE() B_SPLINE_CURVE(2,(#15109,#15110,#15111,#15112
    ,#15113,#15114,#15115),.UNSPECIFIED.,.T.,.F.) 
B_SPLINE_CURVE_WITH_KNOTS((1,2,2,2,2,1),(-2.094395102393,0.,
    2.094395102393,4.188790204786,6.28318530718,8.377580409573),
.UNSPECIFIED.) CURVE() GEOMETRIC_REPRESENTATION_ITEM() 
RATIONAL_B_SPLINE_CURVE((1.,0.5,1.,0.5,1.,0.5,1.)) REPRESENTATION_ITEM(
  '') );
#15109 = CARTESIAN_POINT('',(2.,-7.));
#15110 = CARTESIAN_POINT('',(0.267949192431,-7.));
#15111 = CARTESIAN_POINT('',(1.133974596216,-5.5));
#15112 = CARTESIAN_POINT('',(2.,-4.));
#15113 = CARTESIAN_POINT('',(2.866025403784,-5.5));
#15114 = CARTESIAN_POINT('',(3.732050807569,-7.));
#15115 = CARTESIAN_POINT('',(2.,-7.));
#15116 = ( GEOMETRIC_REPRESENTATION_CONTEXT(2) 
PARAMETRIC_REPRESENTATION_CONTEXT() REPRESENTATION_CONTEXT('2D SPACE',''
  ) );
#15117 = PCURVE('',#15049,#15118);
#15118 = DEFINITIONAL_REPRESENTATION('',(#15119),#15123);
#15119 = LINE('',#15120,#15121);
#15120 = CARTESIAN_POINT('',(-6.28318530718,-0.5));
#15121 = VECTOR('',#15122,1.);
#15122 = DIRECTION('',(1.,-0.));
#15123 = ( GEOMETRIC_REPRESENTATION_CONTEXT(2) 
PARAMETRIC_REPRESENTATION_CONTEXT() REPRESENTATION_CONTEXT('2D SPACE',''
  ) );
#15124 = ADVANCED_FACE('',(#15125),#14791,.F.);
#15125 = FACE_BOUND('',#15126,.T.);
#15126 = EDGE_LOOP('',(#15127,#15128,#15149,#15150));
#15127 = ORIENTED_EDGE('',*,*,#14770,.T.);
#15128 = ORIENTED_EDGE('',*,*,#15129,.T.);
#15129 = EDGE_CURVE('',#14771,#14860,#15130,.T.);
#15130 = SEAM_CURVE('',#15131,(#15135,#15142),.PCURVE_S1.);
#15131 = LINE('',#15132,#15133);
#15132 = CARTESIAN_POINT('',(0.3,1.,34.9));
#15133 = VECTOR('',#15134,1.);
#15134 = DIRECTION('',(1.,0.,0.));
#15135 = PCURVE('',#14791,#15136);
#15136 = DEFINITIONAL_REPRESENTATION('',(#15137),#15141);
#15137 = LINE('',#15138,#15139);
#15138 = CARTESIAN_POINT('',(-6.28318530718,0.));
#15139 = VECTOR('',#15140,1.);
#15140 = DIRECTION('',(-0.,-1.));
#15141 = ( GEOMETRIC_REPRESENTATION_CONTEXT(2) 
PARAMETRIC_REPRESENTATION_CONTEXT() REPRESENTATION_CONTEXT('2D SPACE',''
  ) );
#15142 = PCURVE('',#14791,#15143);
#15143 = DEFINITIONAL_REPRESENTATION('',(#15144),#15148);
#15144 = LINE('',#15145,#15146);
#15145 = CARTESIAN_POINT('',(-0.,0.));
#15146 = VECTOR('',#15147,1.);
#15147 = DIRECTION('',(-0.,-1.));
#15148 = ( GEOMETRIC_REPRESENTATION_CONTEXT(2) 
PARAMETRIC_REPRESENTATION_CONTEXT() REPRESENTATION_CONTEXT('2D SPACE',''
  ) );
#15149 = ORIENTED_EDGE('',*,*,#14859,.F.);
#15150 = ORIENTED_EDGE('',*,*,#15129,.F.);
#15151 = ADVANCED_FACE('',(#15152),#14960,.T.);
#15152 = FACE_BOUND('',#15153,.F.);
#15153 = EDGE_LOOP('',(#15154,#15177,#15204,#15205));
#15154 = ORIENTED_EDGE('',*,*,#15155,.T.);
#15155 = EDGE_CURVE('',#14944,#15156,#15158,.T.);
#15156 = VERTEX_POINT('',#15157);
#15157 = CARTESIAN_POINT('',(10.4,5.5,27.));
#15158 = SEAM_CURVE('',#15159,(#15163,#15170),.PCURVE_S1.);
#15159 = LINE('',#15160,#15161);
#15160 = CARTESIAN_POINT('',(6.,5.5,27.));
#15161 = VECTOR('',#15162,1.);
#15162 = DIRECTION('',(1.,0.,0.));
#15163 = PCURVE('',#14960,#15164);
#15164 = DEFINITIONAL_REPRESENTATION('',(#15165),#15169);
#15165 = LINE('',#15166,#15167);
#15166 = CARTESIAN_POINT('',(-0.,0.));
#15167 = VECTOR('',#15168,1.);
#15168 = DIRECTION('',(-0.,-1.));
#15169 = ( GEOMETRIC_REPRESENTATION_CONTEXT(2) 
PARAMETRIC_REPRESENTATION_CONTEXT() REPRESENTATION_CONTEXT('2D SPACE',''
  ) );
#15170 = PCURVE('',#14960,#15171);
#15171 = DEFINITIONAL_REPRESENTATION('',(#15172),#15176);
#15172 = LINE('',#15173,#15174);
#15173 = CARTESIAN_POINT('',(-6.28318530718,0.));
#15174 = VECTOR('',#15175,1.);
#15175 = DIRECTION('',(-0.,-1.));
#15176 = ( GEOMETRIC_REPRESENTATION_CONTEXT(2) 
PARAMETRIC_REPRESENTATION_CONTEXT() REPRESENTATION_CONTEXT('2D SPACE',''
  ) );
#15177 = ORIENTED_EDGE('',*,*,#15178,.T.);
#15178 = EDGE_CURVE('',#15156,#15156,#15179,.T.);
#15179 = SURFACE_CURVE('',#15180,(#15185,#15192),.PCURVE_S1.);
#15180 = CIRCLE('',#15181,5.5);
#15181 = AXIS2_PLACEMENT_3D('',#15182,#15183,#15184);
#15182 = CARTESIAN_POINT('',(10.4,0.,27.));
#15183 = DIRECTION('',(1.,0.,0.));
#15184 = DIRECTION('',(0.,1.,0.));
#15185 = PCURVE('',#14960,#15186);
#15186 = DEFINITIONAL_REPRESENTATION('',(#15187),#15191);
#15187 = LINE('',#15188,#15189);
#15188 = CARTESIAN_POINT('',(-0.,-4.4));
#15189 = VECTOR('',#15190,1.);
#15190 = DIRECTION('',(-1.,0.));
#15191 = ( GEOMETRIC_REPRESENTATION_CONTEXT(2) 
PARAMETRIC_REPRESENTATION_CONTEXT() REPRESENTATION_CONTEXT('2D SPACE',''
  ) );
#15192 = PCURVE('',#15193,#15198);
#15193 = PLANE('',#15194);
#15194 = AXIS2_PLACEMENT_3D('',#15195,#15196,#15197);
#15195 = CARTESIAN_POINT('',(10.4,-4.972509572871E-16,27.));
#15196 = DIRECTION('',(1.,0.,0.));
#15197 = DIRECTION('',(-0.,0.,1.));
#15198 = DEFINITIONAL_REPRESENTATION('',(#15199),#15203);
#15199 = CIRCLE('',#15200,5.5);
#15200 = AXIS2_PLACEMENT_2D('',#15201,#15202);
#15201 = CARTESIAN_POINT('',(0.,-4.972509572871E-16));
#15202 = DIRECTION('',(0.,-1.));
#15203 = ( GEOMETRIC_REPRESENTATION_CONTEXT(2) 
PARAMETRIC_REPRESENTATION_CONTEXT() REPRESENTATION_CONTEXT('2D SPACE',''
  ) );
#15204 = ORIENTED_EDGE('',*,*,#15155,.F.);
#15205 = ORIENTED_EDGE('',*,*,#14943,.F.);
#15206 = ADVANCED_FACE('',(#15207),#15049,.F.);
#15207 = FACE_BOUND('',#15208,.T.);
#15208 = EDGE_LOOP('',(#15209,#15210,#15231,#15232));
#15209 = ORIENTED_EDGE('',*,*,#15097,.T.);
#15210 = ORIENTED_EDGE('',*,*,#15211,.T.);
#15211 = EDGE_CURVE('',#15098,#15029,#15212,.T.);
#15212 = SEAM_CURVE('',#15213,(#15217,#15224),.PCURVE_S1.);
#15213 = LINE('',#15214,#15215);
#15214 = CARTESIAN_POINT('',(0.3,1.,7.1));
#15215 = VECTOR('',#15216,1.);
#15216 = DIRECTION('',(1.,0.,0.));
#15217 = PCURVE('',#15049,#15218);
#15218 = DEFINITIONAL_REPRESENTATION('',(#15219),#15223);
#15219 = LINE('',#15220,#15221);
#15220 = CARTESIAN_POINT('',(-6.28318530718,0.));
#15221 = VECTOR('',#15222,1.);
#15222 = DIRECTION('',(-0.,-1.));
#15223 = ( GEOMETRIC_REPRESENTATION_CONTEXT(2) 
PARAMETRIC_REPRESENTATION_CONTEXT() REPRESENTATION_CONTEXT('2D SPACE',''
  ) );
#15224 = PCURVE('',#15049,#15225);
#15225 = DEFINITIONAL_REPRESENTATION('',(#15226),#15230);
#15226 = LINE('',#15227,#15228);
#15227 = CARTESIAN_POINT('',(-0.,0.));
#15228 = VECTOR('',#15229,1.);
#15229 = DIRECTION('',(-0.,-1.));
#15230 = ( GEOMETRIC_REPRESENTATION_CONTEXT(2) 
PARAMETRIC_REPRESENTATION_CONTEXT() REPRESENTATION_CONTEXT('2D SPACE',''
  ) );
#15231 = ORIENTED_EDGE('',*,*,#15028,.F.);
#15232 = ORIENTED_EDGE('',*,*,#15211,.F.);
#15233 = ADVANCED_FACE('',(#15234,#15237),#15193,.T.);
#15234 = FACE_BOUND('',#15235,.T.);
#15235 = EDGE_LOOP('',(#15236));
#15236 = ORIENTED_EDGE('',*,*,#15178,.T.);
#15237 = FACE_BOUND('',#15238,.T.);
#15238 = EDGE_LOOP('',(#15239));
#15239 = ORIENTED_EDGE('',*,*,#15240,.F.);
#15240 = EDGE_CURVE('',#15241,#15241,#15243,.T.);
#15241 = VERTEX_POINT('',#15242);
#15242 = CARTESIAN_POINT('',(10.4,2.5,27.));
#15243 = SURFACE_CURVE('',#15244,(#15249,#15256),.PCURVE_S1.);
#15244 = CIRCLE('',#15245,2.5);
#15245 = AXIS2_PLACEMENT_3D('',#15246,#15247,#15248);
#15246 = CARTESIAN_POINT('',(10.4,0.,27.));
#15247 = DIRECTION('',(1.,0.,0.));
#15248 = DIRECTION('',(0.,1.,0.));
#15249 = PCURVE('',#15193,#15250);
#15250 = DEFINITIONAL_REPRESENTATION('',(#15251),#15255);
#15251 = CIRCLE('',#15252,2.5);
#15252 = AXIS2_PLACEMENT_2D('',#15253,#15254);
#15253 = CARTESIAN_POINT('',(0.,-4.972509572871E-16));
#15254 = DIRECTION('',(0.,-1.));
#15255 = ( GEOMETRIC_REPRESENTATION_CONTEXT(2) 
PARAMETRIC_REPRESENTATION_CONTEXT() REPRESENTATION_CONTEXT('2D SPACE',''
  ) );
#15256 = PCURVE('',#15257,#15262);
#15257 = CYLINDRICAL_SURFACE('',#15258,2.5);
#15258 = AXIS2_PLACEMENT_3D('',#15259,#15260,#15261);
#15259 = CARTESIAN_POINT('',(10.4,0.,27.));
#15260 = DIRECTION('',(-1.,-0.,-0.));
#15261 = DIRECTION('',(0.,1.,0.));
#15262 = DEFINITIONAL_REPRESENTATION('',(#15263),#15267);
#15263 = LINE('',#15264,#15265);
#15264 = CARTESIAN_POINT('',(-0.,0.));
#15265 = VECTOR('',#15266,1.);
#15266 = DIRECTION('',(-1.,0.));
#15267 = ( GEOMETRIC_REPRESENTATION_CONTEXT(2) 
PARAMETRIC_REPRESENTATION_CONTEXT() REPRESENTATION_CONTEXT('2D SPACE',''
  ) );
#15268 = ADVANCED_FACE('',(#15269),#15257,.T.);
#15269 = FACE_BOUND('',#15270,.F.);
#15270 = EDGE_LOOP('',(#15271,#15294,#15321,#15322));
#15271 = ORIENTED_EDGE('',*,*,#15272,.T.);
#15272 = EDGE_CURVE('',#15241,#15273,#15275,.T.);
#15273 = VERTEX_POINT('',#15274);
#15274 = CARTESIAN_POINT('',(14.1,2.5,27.));
#15275 = SEAM_CURVE('',#15276,(#15280,#15287),.PCURVE_S1.);
#15276 = LINE('',#15277,#15278);
#15277 = CARTESIAN_POINT('',(10.4,2.5,27.));
#15278 = VECTOR('',#15279,1.);
#15279 = DIRECTION('',(1.,0.,0.));
#15280 = PCURVE('',#15257,#15281);
#15281 = DEFINITIONAL_REPRESENTATION('',(#15282),#15286);
#15282 = LINE('',#15283,#15284);
#15283 = CARTESIAN_POINT('',(-0.,0.));
#15284 = VECTOR('',#15285,1.);
#15285 = DIRECTION('',(-0.,-1.));
#15286 = ( GEOMETRIC_REPRESENTATION_CONTEXT(2) 
PARAMETRIC_REPRESENTATION_CONTEXT() REPRESENTATION_CONTEXT('2D SPACE',''
  ) );
#15287 = PCURVE('',#15257,#15288);
#15288 = DEFINITIONAL_REPRESENTATION('',(#15289),#15293);
#15289 = LINE('',#15290,#15291);
#15290 = CARTESIAN_POINT('',(-6.28318530718,0.));
#15291 = VECTOR('',#15292,1.);
#15292 = DIRECTION('',(-0.,-1.));
#15293 = ( GEOMETRIC_REPRESENTATION_CONTEXT(2) 
PARAMETRIC_REPRESENTATION_CONTEXT() REPRESENTATION_CONTEXT('2D SPACE',''
  ) );
#15294 = ORIENTED_EDGE('',*,*,#15295,.T.);
#15295 = EDGE_CURVE('',#15273,#15273,#15296,.T.);
#15296 = SURFACE_CURVE('',#15297,(#15302,#15309),.PCURVE_S1.);
#15297 = CIRCLE('',#15298,2.5);
#15298 = AXIS2_PLACEMENT_3D('',#15299,#15300,#15301);
#15299 = CARTESIAN_POINT('',(14.1,0.,27.));
#15300 = DIRECTION('',(1.,0.,0.));
#15301 = DIRECTION('',(0.,1.,0.));
#15302 = PCURVE('',#15257,#15303);
#15303 = DEFINITIONAL_REPRESENTATION('',(#15304),#15308);
#15304 = LINE('',#15305,#15306);
#15305 = CARTESIAN_POINT('',(-0.,-3.7));
#15306 = VECTOR('',#15307,1.);
#15307 = DIRECTION('',(-1.,0.));
#15308 = ( GEOMETRIC_REPRESENTATION_CONTEXT(2) 
PARAMETRIC_REPRESENTATION_CONTEXT() REPRESENTATION_CONTEXT('2D SPACE',''
  ) );
#15309 = PCURVE('',#15310,#15315);
#15310 = PLANE('',#15311);
#15311 = AXIS2_PLACEMENT_3D('',#15312,#15313,#15314);
#15312 = CARTESIAN_POINT('',(14.1,-1.367440132539E-16,27.));
#15313 = DIRECTION('',(1.,0.,0.));
#15314 = DIRECTION('',(-0.,0.,1.));
#15315 = DEFINITIONAL_REPRESENTATION('',(#15316),#15320);
#15316 = CIRCLE('',#15317,2.5);
#15317 = AXIS2_PLACEMENT_2D('',#15318,#15319);
#15318 = CARTESIAN_POINT('',(0.,-1.367440132539E-16));
#15319 = DIRECTION('',(0.,-1.));
#15320 = ( GEOMETRIC_REPRESENTATION_CONTEXT(2) 
PARAMETRIC_REPRESENTATION_CONTEXT() REPRESENTATION_CONTEXT('2D SPACE',''
  ) );
#15321 = ORIENTED_EDGE('',*,*,#15272,.F.);
#15322 = ORIENTED_EDGE('',*,*,#15240,.F.);
#15323 = ADVANCED_FACE('',(#15324),#15310,.T.);
#15324 = FACE_BOUND('',#15325,.T.);
#15325 = EDGE_LOOP('',(#15326));
#15326 = ORIENTED_EDGE('',*,*,#15295,.T.);
#15327 = ( GEOMETRIC_REPRESENTATION_CONTEXT(3) 
GLOBAL_UNCERTAINTY_ASSIGNED_CONTEXT((#15331)) 
GLOBAL_UNIT_ASSIGNED_CONTEXT((#15328,#15329,#15330)) 
REPRESENTATION_CONTEXT('Context #1',
  '3D Context with UNIT and UNCERTAINTY') );
#15328 = ( LENGTH_UNIT() NAMED_UNIT(*) SI_UNIT(.MILLI.,.METRE.) );
#15329 = ( NAMED_UNIT(*) PLANE_ANGLE_UNIT() SI_UNIT($,.RADIAN.) );
#15330 = ( NAMED_UNIT(*) SI_UNIT($,.STERADIAN.) SOLID_ANGLE_UNIT() );
#15331 = UNCERTAINTY_MEASURE_WITH_UNIT(LENGTH_MEASURE(1.E-07),#15328,
  'distance_accuracy_value','confusion accuracy');
#15332 = CONTEXT_DEPENDENT_SHAPE_REPRESENTATION(#15333,#15335);
#15333 = ( REPRESENTATION_RELATIONSHIP('','',#14008,#10) 
REPRESENTATION_RELATIONSHIP_WITH_TRANSFORMATION(#15334) 
SHAPE_REPRESENTATION_RELATIONSHIP() );
#15334 = ITEM_DEFINED_TRANSFORMATION('','',#11,#31);
#15335 = PRODUCT_DEFINITION_SHAPE('Placement','Placement of an item',
  #15336);
#15336 = NEXT_ASSEMBLY_USAGE_OCCURRENCE('5','servo_1_envelope','',#5,
  #14003,$);
#15337 = PRODUCT_RELATED_PRODUCT_CATEGORY('part',$,(#14005));
#15338 = SHAPE_DEFINITION_REPRESENTATION(#15339,#15345);
#15339 = PRODUCT_DEFINITION_SHAPE('','',#15340);
#15340 = PRODUCT_DEFINITION('design','',#15341,#15344);
#15341 = PRODUCT_DEFINITION_FORMATION('','',#15342);
#15342 = PRODUCT('servo_2_envelope','servo_2_envelope','',(#15343));
#15343 = PRODUCT_CONTEXT('',#2,'mechanical');
#15344 = PRODUCT_DEFINITION_CONTEXT('part definition',#2,'design');
#15345 = ADVANCED_BREP_SHAPE_REPRESENTATION('',(#11,#15346),#16664);
#15346 = MANIFOLD_SOLID_BREP('',#15347);
#15347 = CLOSED_SHELL('',(#15348,#15468,#15768,#15817,#16050,#16077,
    #16139,#16166,#16223,#16250,#16308,#16335,#16397,#16424,#16461,
    #16488,#16543,#16570,#16605,#16660));
#15348 = ADVANCED_FACE('',(#15349),#15363,.F.);
#15349 = FACE_BOUND('',#15350,.F.);
#15350 = EDGE_LOOP('',(#15351,#15386,#15414,#15442));
#15351 = ORIENTED_EDGE('',*,*,#15352,.F.);
#15352 = EDGE_CURVE('',#15353,#15355,#15357,.T.);
#15353 = VERTEX_POINT('',#15354);
#15354 = CARTESIAN_POINT('',(6.,-16.,54.05));
#15355 = VERTEX_POINT('',#15356);
#15356 = CARTESIAN_POINT('',(6.,-16.,77.95));
#15357 = SURFACE_CURVE('',#15358,(#15362,#15374),.PCURVE_S1.);
#15358 = LINE('',#15359,#15360);
#15359 = CARTESIAN_POINT('',(6.,-16.,54.05));
#15360 = VECTOR('',#15361,1.);
#15361 = DIRECTION('',(0.,0.,1.));
#15362 = PCURVE('',#15363,#15368);
#15363 = PLANE('',#15364);
#15364 = AXIS2_PLACEMENT_3D('',#15365,#15366,#15367);
#15365 = CARTESIAN_POINT('',(6.,-16.,54.05));
#15366 = DIRECTION('',(1.110223024625E-16,1.,0.));
#15367 = DIRECTION('',(0.,0.,1.));
#15368 = DEFINITIONAL_REPRESENTATION('',(#15369),#15373);
#15369 = LINE('',#15370,#15371);
#15370 = CARTESIAN_POINT('',(0.,0.));
#15371 = VECTOR('',#15372,1.);
#15372 = DIRECTION('',(1.,0.));
#15373 = ( GEOMETRIC_REPRESENTATION_CONTEXT(2) 
PARAMETRIC_REPRESENTATION_CONTEXT() REPRESENTATION_CONTEXT('2D SPACE',''
  ) );
#15374 = PCURVE('',#15375,#15380);
#15375 = PLANE('',#15376);
#15376 = AXIS2_PLACEMENT_3D('',#15377,#15378,#15379);
#15377 = CARTESIAN_POINT('',(6.,-16.,54.05));
#15378 = DIRECTION('',(-1.,1.110223024625E-16,0.));
#15379 = DIRECTION('',(0.,0.,1.));
#15380 = DEFINITIONAL_REPRESENTATION('',(#15381),#15385);
#15381 = LINE('',#15382,#15383);
#15382 = CARTESIAN_POINT('',(0.,0.));
#15383 = VECTOR('',#15384,1.);
#15384 = DIRECTION('',(1.,0.));
#15385 = ( GEOMETRIC_REPRESENTATION_CONTEXT(2) 
PARAMETRIC_REPRESENTATION_CONTEXT() REPRESENTATION_CONTEXT('2D SPACE',''
  ) );
#15386 = ORIENTED_EDGE('',*,*,#15387,.T.);
#15387 = EDGE_CURVE('',#15353,#15388,#15390,.T.);
#15388 = VERTEX_POINT('',#15389);
#15389 = CARTESIAN_POINT('',(-6.,-16.,54.05));
#15390 = SURFACE_CURVE('',#15391,(#15395,#15402),.PCURVE_S1.);
#15391 = LINE('',#15392,#15393);
#15392 = CARTESIAN_POINT('',(6.,-16.,54.05));
#15393 = VECTOR('',#15394,1.);
#15394 = DIRECTION('',(-1.,1.110223024625E-16,0.));
#15395 = PCURVE('',#15363,#15396);
#15396 = DEFINITIONAL_REPRESENTATION('',(#15397),#15401);
#15397 = LINE('',#15398,#15399);
#15398 = CARTESIAN_POINT('',(0.,0.));
#15399 = VECTOR('',#15400,1.);
#15400 = DIRECTION('',(0.,-1.));
#15401 = ( GEOMETRIC_REPRESENTATION_CONTEXT(2) 
PARAMETRIC_REPRESENTATION_CONTEXT() REPRESENTATION_CONTEXT('2D SPACE',''
  ) );
#15402 = PCURVE('',#15403,#15408);
#15403 = PLANE('',#15404);
#15404 = AXIS2_PLACEMENT_3D('',#15405,#15406,#15407);
#15405 = CARTESIAN_POINT('',(6.,-16.,54.05));
#15406 = DIRECTION('',(0.,0.,1.));
#15407 = DIRECTION('',(1.110223024625E-16,1.,0.));
#15408 = DEFINITIONAL_REPRESENTATION('',(#15409),#15413);
#15409 = LINE('',#15410,#15411);
#15410 = CARTESIAN_POINT('',(0.,0.));
#15411 = VECTOR('',#15412,1.);
#15412 = DIRECTION('',(0.,1.));
#15413 = ( GEOMETRIC_REPRESENTATION_CONTEXT(2) 
PARAMETRIC_REPRESENTATION_CONTEXT() REPRESENTATION_CONTEXT('2D SPACE',''
  ) );
#15414 = ORIENTED_EDGE('',*,*,#15415,.T.);
#15415 = EDGE_CURVE('',#15388,#15416,#15418,.T.);
#15416 = VERTEX_POINT('',#15417);
#15417 = CARTESIAN_POINT('',(-6.,-16.,77.95));
#15418 = SURFACE_CURVE('',#15419,(#15423,#15430),.PCURVE_S1.);
#15419 = LINE('',#15420,#15421);
#15420 = CARTESIAN_POINT('',(-6.,-16.,54.05));
#15421 = VECTOR('',#15422,1.);
#15422 = DIRECTION('',(0.,0.,1.));
#15423 = PCURVE('',#15363,#15424);
#15424 = DEFINITIONAL_REPRESENTATION('',(#15425),#15429);
#15425 = LINE('',#15426,#15427);
#15426 = CARTESIAN_POINT('',(0.,-12.));
#15427 = VECTOR('',#15428,1.);
#15428 = DIRECTION('',(1.,0.));
#15429 = ( GEOMETRIC_REPRESENTATION_CONTEXT(2) 
PARAMETRIC_REPRESENTATION_CONTEXT() REPRESENTATION_CONTEXT('2D SPACE',''
  ) );
#15430 = PCURVE('',#15431,#15436);
#15431 = PLANE('',#15432);
#15432 = AXIS2_PLACEMENT_3D('',#15433,#15434,#15435);
#15433 = CARTESIAN_POINT('',(-6.,-16.,54.05));
#15434 = DIRECTION('',(-1.,1.110223024625E-16,0.));
#15435 = DIRECTION('',(0.,0.,1.));
#15436 = DEFINITIONAL_REPRESENTATION('',(#15437),#15441);
#15437 = LINE('',#15438,#15439);
#15438 = CARTESIAN_POINT('',(0.,0.));
#15439 = VECTOR('',#15440,1.);
#15440 = DIRECTION('',(1.,0.));
#15441 = ( GEOMETRIC_REPRESENTATION_CONTEXT(2) 
PARAMETRIC_REPRESENTATION_CONTEXT() REPRESENTATION_CONTEXT('2D SPACE',''
  ) );
#15442 = ORIENTED_EDGE('',*,*,#15443,.F.);
#15443 = EDGE_CURVE('',#15355,#15416,#15444,.T.);
#15444 = SURFACE_CURVE('',#15445,(#15449,#15456),.PCURVE_S1.);
#15445 = LINE('',#15446,#15447);
#15446 = CARTESIAN_POINT('',(6.,-16.,77.95));
#15447 = VECTOR('',#15448,1.);
#15448 = DIRECTION('',(-1.,1.110223024625E-16,0.));
#15449 = PCURVE('',#15363,#15450);
#15450 = DEFINITIONAL_REPRESENTATION('',(#15451),#15455);
#15451 = LINE('',#15452,#15453);
#15452 = CARTESIAN_POINT('',(23.9,0.));
#15453 = VECTOR('',#15454,1.);
#15454 = DIRECTION('',(0.,-1.));
#15455 = ( GEOMETRIC_REPRESENTATION_CONTEXT(2) 
PARAMETRIC_REPRESENTATION_CONTEXT() REPRESENTATION_CONTEXT('2D SPACE',''
  ) );
#15456 = PCURVE('',#15457,#15462);
#15457 = PLANE('',#15458);
#15458 = AXIS2_PLACEMENT_3D('',#15459,#15460,#15461);
#15459 = CARTESIAN_POINT('',(6.,-16.,77.95));
#15460 = DIRECTION('',(0.,0.,1.));
#15461 = DIRECTION('',(1.110223024625E-16,1.,0.));
#15462 = DEFINITIONAL_REPRESENTATION('',(#15463),#15467);
#15463 = LINE('',#15464,#15465);
#15464 = CARTESIAN_POINT('',(0.,0.));
#15465 = VECTOR('',#15466,1.);
#15466 = DIRECTION('',(0.,1.));
#15467 = ( GEOMETRIC_REPRESENTATION_CONTEXT(2) 
PARAMETRIC_REPRESENTATION_CONTEXT() REPRESENTATION_CONTEXT('2D SPACE',''
  ) );
#15468 = ADVANCED_FACE('',(#15469),#15375,.F.);
#15469 = FACE_BOUND('',#15470,.F.);
#15470 = EDGE_LOOP('',(#15471,#15494,#15495,#15518,#15546,#15574,#15602,
    #15630,#15658,#15686,#15714,#15742));
#15471 = ORIENTED_EDGE('',*,*,#15472,.F.);
#15472 = EDGE_CURVE('',#15353,#15473,#15475,.T.);
#15473 = VERTEX_POINT('',#15474);
#15474 = CARTESIAN_POINT('',(6.,0.8,54.05));
#15475 = SURFACE_CURVE('',#15476,(#15480,#15487),.PCURVE_S1.);
#15476 = LINE('',#15477,#15478);
#15477 = CARTESIAN_POINT('',(6.,-16.,54.05));
#15478 = VECTOR('',#15479,1.);
#15479 = DIRECTION('',(1.110223024625E-16,1.,0.));
#15480 = PCURVE('',#15375,#15481);
#15481 = DEFINITIONAL_REPRESENTATION('',(#15482),#15486);
#15482 = LINE('',#15483,#15484);
#15483 = CARTESIAN_POINT('',(0.,0.));
#15484 = VECTOR('',#15485,1.);
#15485 = DIRECTION('',(0.,1.));
#15486 = ( GEOMETRIC_REPRESENTATION_CONTEXT(2) 
PARAMETRIC_REPRESENTATION_CONTEXT() REPRESENTATION_CONTEXT('2D SPACE',''
  ) );
#15487 = PCURVE('',#15403,#15488);
#15488 = DEFINITIONAL_REPRESENTATION('',(#15489),#15493);
#15489 = LINE('',#15490,#15491);
#15490 = CARTESIAN_POINT('',(0.,0.));
#15491 = VECTOR('',#15492,1.);
#15492 = DIRECTION('',(1.,0.));
#15493 = ( GEOMETRIC_REPRESENTATION_CONTEXT(2) 
PARAMETRIC_REPRESENTATION_CONTEXT() REPRESENTATION_CONTEXT('2D SPACE',''
  ) );
#15494 = ORIENTED_EDGE('',*,*,#15352,.T.);
#15495 = ORIENTED_EDGE('',*,*,#15496,.T.);
#15496 = EDGE_CURVE('',#15355,#15497,#15499,.T.);
#15497 = VERTEX_POINT('',#15498);
#15498 = CARTESIAN_POINT('',(6.,0.8,77.95));
#15499 = SURFACE_CURVE('',#15500,(#15504,#15511),.PCURVE_S1.);
#15500 = LINE('',#15501,#15502);
#15501 = CARTESIAN_POINT('',(6.,-16.,77.95));
#15502 = VECTOR('',#15503,1.);
#15503 = DIRECTION('',(1.110223024625E-16,1.,0.));
#15504 = PCURVE('',#15375,#15505);
#15505 = DEFINITIONAL_REPRESENTATION('',(#15506),#15510);
#15506 = LINE('',#15507,#15508);
#15507 = CARTESIAN_POINT('',(23.9,0.));
#15508 = VECTOR('',#15509,1.);
#15509 = DIRECTION('',(0.,1.));
#15510 = ( GEOMETRIC_REPRESENTATION_CONTEXT(2) 
PARAMETRIC_REPRESENTATION_CONTEXT() REPRESENTATION_CONTEXT('2D SPACE',''
  ) );
#15511 = PCURVE('',#15457,#15512);
#15512 = DEFINITIONAL_REPRESENTATION('',(#15513),#15517);
#15513 = LINE('',#15514,#15515);
#15514 = CARTESIAN_POINT('',(0.,0.));
#15515 = VECTOR('',#15516,1.);
#15516 = DIRECTION('',(1.,0.));
#15517 = ( GEOMETRIC_REPRESENTATION_CONTEXT(2) 
PARAMETRIC_REPRESENTATION_CONTEXT() REPRESENTATION_CONTEXT('2D SPACE',''
  ) );
#15518 = ORIENTED_EDGE('',*,*,#15519,.T.);
#15519 = EDGE_CURVE('',#15497,#15520,#15522,.T.);
#15520 = VERTEX_POINT('',#15521);
#15521 = CARTESIAN_POINT('',(6.,0.8,81.9));
#15522 = SURFACE_CURVE('',#15523,(#15527,#15534),.PCURVE_S1.);
#15523 = LINE('',#15524,#15525);
#15524 = CARTESIAN_POINT('',(6.,0.8,50.1));
#15525 = VECTOR('',#15526,1.);
#15526 = DIRECTION('',(0.,0.,1.));
#15527 = PCURVE('',#15375,#15528);
#15528 = DEFINITIONAL_REPRESENTATION('',(#15529),#15533);
#15529 = LINE('',#15530,#15531);
#15530 = CARTESIAN_POINT('',(-3.95,16.8));
#15531 = VECTOR('',#15532,1.);
#15532 = DIRECTION('',(1.,0.));
#15533 = ( GEOMETRIC_REPRESENTATION_CONTEXT(2) 
PARAMETRIC_REPRESENTATION_CONTEXT() REPRESENTATION_CONTEXT('2D SPACE',''
  ) );
#15534 = PCURVE('',#15535,#15540);
#15535 = PLANE('',#15536);
#15536 = AXIS2_PLACEMENT_3D('',#15537,#15538,#15539);
#15537 = CARTESIAN_POINT('',(6.,0.8,50.1));
#15538 = DIRECTION('',(1.110223024625E-16,1.,0.));
#15539 = DIRECTION('',(0.,0.,1.));
#15540 = DEFINITIONAL_REPRESENTATION('',(#15541),#15545);
#15541 = LINE('',#15542,#15543);
#15542 = CARTESIAN_POINT('',(0.,0.));
#15543 = VECTOR('',#15544,1.);
#15544 = DIRECTION('',(1.,0.));
#15545 = ( GEOMETRIC_REPRESENTATION_CONTEXT(2) 
PARAMETRIC_REPRESENTATION_CONTEXT() REPRESENTATION_CONTEXT('2D SPACE',''
  ) );
#15546 = ORIENTED_EDGE('',*,*,#15547,.T.);
#15547 = EDGE_CURVE('',#15520,#15548,#15550,.T.);
#15548 = VERTEX_POINT('',#15549);
#15549 = CARTESIAN_POINT('',(6.,2.4,81.9));
#15550 = SURFACE_CURVE('',#15551,(#15555,#15562),.PCURVE_S1.);
#15551 = LINE('',#15552,#15553);
#15552 = CARTESIAN_POINT('',(6.,0.8,81.9));
#15553 = VECTOR('',#15554,1.);
#15554 = DIRECTION('',(1.110223024625E-16,1.,0.));
#15555 = PCURVE('',#15375,#15556);
#15556 = DEFINITIONAL_REPRESENTATION('',(#15557),#15561);
#15557 = LINE('',#15558,#15559);
#15558 = CARTESIAN_POINT('',(27.85,16.8));
#15559 = VECTOR('',#15560,1.);
#15560 = DIRECTION('',(0.,1.));
#15561 = ( GEOMETRIC_REPRESENTATION_CONTEXT(2) 
PARAMETRIC_REPRESENTATION_CONTEXT() REPRESENTATION_CONTEXT('2D SPACE',''
  ) );
#15562 = PCURVE('',#15563,#15568);
#15563 = PLANE('',#15564);
#15564 = AXIS2_PLACEMENT_3D('',#15565,#15566,#15567);
#15565 = CARTESIAN_POINT('',(6.,0.8,81.9));
#15566 = DIRECTION('',(0.,0.,1.));
#15567 = DIRECTION('',(1.110223024625E-16,1.,0.));
#15568 = DEFINITIONAL_REPRESENTATION('',(#15569),#15573);
#15569 = LINE('',#15570,#15571);
#15570 = CARTESIAN_POINT('',(0.,0.));
#15571 = VECTOR('',#15572,1.);
#15572 = DIRECTION('',(1.,0.));
#15573 = ( GEOMETRIC_REPRESENTATION_CONTEXT(2) 
PARAMETRIC_REPRESENTATION_CONTEXT() REPRESENTATION_CONTEXT('2D SPACE',''
  ) );
#15574 = ORIENTED_EDGE('',*,*,#15575,.F.);
#15575 = EDGE_CURVE('',#15576,#15548,#15578,.T.);
#15576 = VERTEX_POINT('',#15577);
#15577 = CARTESIAN_POINT('',(6.,2.4,77.95));
#15578 = SURFACE_CURVE('',#15579,(#15583,#15590),.PCURVE_S1.);
#15579 = LINE('',#15580,#15581);
#15580 = CARTESIAN_POINT('',(6.,2.4,50.1));
#15581 = VECTOR('',#15582,1.);
#15582 = DIRECTION('',(0.,0.,1.));
#15583 = PCURVE('',#15375,#15584);
#15584 = DEFINITIONAL_REPRESENTATION('',(#15585),#15589);
#15585 = LINE('',#15586,#15587);
#15586 = CARTESIAN_POINT('',(-3.95,18.4));
#15587 = VECTOR('',#15588,1.);
#15588 = DIRECTION('',(1.,0.));
#15589 = ( GEOMETRIC_REPRESENTATION_CONTEXT(2) 
PARAMETRIC_REPRESENTATION_CONTEXT() REPRESENTATION_CONTEXT('2D SPACE',''
  ) );
#15590 = PCURVE('',#15591,#15596);
#15591 = PLANE('',#15592);
#15592 = AXIS2_PLACEMENT_3D('',#15593,#15594,#15595);
#15593 = CARTESIAN_POINT('',(6.,2.4,50.1));
#15594 = DIRECTION('',(1.110223024625E-16,1.,0.));
#15595 = DIRECTION('',(0.,0.,1.));
#15596 = DEFINITIONAL_REPRESENTATION('',(#15597),#15601);
#15597 = LINE('',#15598,#15599);
#15598 = CARTESIAN_POINT('',(0.,0.));
#15599 = VECTOR('',#15600,1.);
#15600 = DIRECTION('',(1.,0.));
#15601 = ( GEOMETRIC_REPRESENTATION_CONTEXT(2) 
PARAMETRIC_REPRESENTATION_CONTEXT() REPRESENTATION_CONTEXT('2D SPACE',''
  ) );
#15602 = ORIENTED_EDGE('',*,*,#15603,.T.);
#15603 = EDGE_CURVE('',#15576,#15604,#15606,.T.);
#15604 = VERTEX_POINT('',#15605);
#15605 = CARTESIAN_POINT('',(6.,6.,77.95));
#15606 = SURFACE_CURVE('',#15607,(#15611,#15618),.PCURVE_S1.);
#15607 = LINE('',#15608,#15609);
#15608 = CARTESIAN_POINT('',(6.,-16.,77.95));
#15609 = VECTOR('',#15610,1.);
#15610 = DIRECTION('',(1.110223024625E-16,1.,0.));
#15611 = PCURVE('',#15375,#15612);
#15612 = DEFINITIONAL_REPRESENTATION('',(#15613),#15617);
#15613 = LINE('',#15614,#15615);
#15614 = CARTESIAN_POINT('',(23.9,0.));
#15615 = VECTOR('',#15616,1.);
#15616 = DIRECTION('',(0.,1.));
#15617 = ( GEOMETRIC_REPRESENTATION_CONTEXT(2) 
PARAMETRIC_REPRESENTATION_CONTEXT() REPRESENTATION_CONTEXT('2D SPACE',''
  ) );
#15618 = PCURVE('',#15619,#15624);
#15619 = PLANE('',#15620);
#15620 = AXIS2_PLACEMENT_3D('',#15621,#15622,#15623);
#15621 = CARTESIAN_POINT('',(6.,-16.,77.95));
#15622 = DIRECTION('',(0.,0.,1.));
#15623 = DIRECTION('',(1.110223024625E-16,1.,0.));
#15624 = DEFINITIONAL_REPRESENTATION('',(#15625),#15629);
#15625 = LINE('',#15626,#15627);
#15626 = CARTESIAN_POINT('',(0.,0.));
#15627 = VECTOR('',#15628,1.);
#15628 = DIRECTION('',(1.,0.));
#15629 = ( GEOMETRIC_REPRESENTATION_CONTEXT(2) 
PARAMETRIC_REPRESENTATION_CONTEXT() REPRESENTATION_CONTEXT('2D SPACE',''
  ) );
#15630 = ORIENTED_EDGE('',*,*,#15631,.F.);
#15631 = EDGE_CURVE('',#15632,#15604,#15634,.T.);
#15632 = VERTEX_POINT('',#15633);
#15633 = CARTESIAN_POINT('',(6.,6.,54.05));
#15634 = SURFACE_CURVE('',#15635,(#15639,#15646),.PCURVE_S1.);
#15635 = LINE('',#15636,#15637);
#15636 = CARTESIAN_POINT('',(6.,6.,54.05));
#15637 = VECTOR('',#15638,1.);
#15638 = DIRECTION('',(0.,0.,1.));
#15639 = PCURVE('',#15375,#15640);
#15640 = DEFINITIONAL_REPRESENTATION('',(#15641),#15645);
#15641 = LINE('',#15642,#15643);
#15642 = CARTESIAN_POINT('',(0.,22.));
#15643 = VECTOR('',#15644,1.);
#15644 = DIRECTION('',(1.,0.));
#15645 = ( GEOMETRIC_REPRESENTATION_CONTEXT(2) 
PARAMETRIC_REPRESENTATION_CONTEXT() REPRESENTATION_CONTEXT('2D SPACE',''
  ) );
#15646 = PCURVE('',#15647,#15652);
#15647 = PLANE('',#15648);
#15648 = AXIS2_PLACEMENT_3D('',#15649,#15650,#15651);
#15649 = CARTESIAN_POINT('',(6.,6.,54.05));
#15650 = DIRECTION('',(1.110223024625E-16,1.,0.));
#15651 = DIRECTION('',(0.,0.,1.));
#15652 = DEFINITIONAL_REPRESENTATION('',(#15653),#15657);
#15653 = LINE('',#15654,#15655);
#15654 = CARTESIAN_POINT('',(0.,0.));
#15655 = VECTOR('',#15656,1.);
#15656 = DIRECTION('',(1.,0.));
#15657 = ( GEOMETRIC_REPRESENTATION_CONTEXT(2) 
PARAMETRIC_REPRESENTATION_CONTEXT() REPRESENTATION_CONTEXT('2D SPACE',''
  ) );
#15658 = ORIENTED_EDGE('',*,*,#15659,.F.);
#15659 = EDGE_CURVE('',#15660,#15632,#15662,.T.);
#15660 = VERTEX_POINT('',#15661);
#15661 = CARTESIAN_POINT('',(6.,2.4,54.05));
#15662 = SURFACE_CURVE('',#15663,(#15667,#15674),.PCURVE_S1.);
#15663 = LINE('',#15664,#15665);
#15664 = CARTESIAN_POINT('',(6.,-16.,54.05));
#15665 = VECTOR('',#15666,1.);
#15666 = DIRECTION('',(1.110223024625E-16,1.,0.));
#15667 = PCURVE('',#15375,#15668);
#15668 = DEFINITIONAL_REPRESENTATION('',(#15669),#15673);
#15669 = LINE('',#15670,#15671);
#15670 = CARTESIAN_POINT('',(0.,0.));
#15671 = VECTOR('',#15672,1.);
#15672 = DIRECTION('',(0.,1.));
#15673 = ( GEOMETRIC_REPRESENTATION_CONTEXT(2) 
PARAMETRIC_REPRESENTATION_CONTEXT() REPRESENTATION_CONTEXT('2D SPACE',''
  ) );
#15674 = PCURVE('',#15675,#15680);
#15675 = PLANE('',#15676);
#15676 = AXIS2_PLACEMENT_3D('',#15677,#15678,#15679);
#15677 = CARTESIAN_POINT('',(6.,-16.,54.05));
#15678 = DIRECTION('',(0.,0.,1.));
#15679 = DIRECTION('',(1.110223024625E-16,1.,0.));
#15680 = DEFINITIONAL_REPRESENTATION('',(#15681),#15685);
#15681 = LINE('',#15682,#15683);
#15682 = CARTESIAN_POINT('',(0.,0.));
#15683 = VECTOR('',#15684,1.);
#15684 = DIRECTION('',(1.,0.));
#15685 = ( GEOMETRIC_REPRESENTATION_CONTEXT(2) 
PARAMETRIC_REPRESENTATION_CONTEXT() REPRESENTATION_CONTEXT('2D SPACE',''
  ) );
#15686 = ORIENTED_EDGE('',*,*,#15687,.F.);
#15687 = EDGE_CURVE('',#15688,#15660,#15690,.T.);
#15688 = VERTEX_POINT('',#15689);
#15689 = CARTESIAN_POINT('',(6.,2.4,50.1));
#15690 = SURFACE_CURVE('',#15691,(#15695,#15702),.PCURVE_S1.);
#15691 = LINE('',#15692,#15693);
#15692 = CARTESIAN_POINT('',(6.,2.4,50.1));
#15693 = VECTOR('',#15694,1.);
#15694 = DIRECTION('',(0.,0.,1.));
#15695 = PCURVE('',#15375,#15696);
#15696 = DEFINITIONAL_REPRESENTATION('',(#15697),#15701);
#15697 = LINE('',#15698,#15699);
#15698 = CARTESIAN_POINT('',(-3.95,18.4));
#15699 = VECTOR('',#15700,1.);
#15700 = DIRECTION('',(1.,0.));
#15701 = ( GEOMETRIC_REPRESENTATION_CONTEXT(2) 
PARAMETRIC_REPRESENTATION_CONTEXT() REPRESENTATION_CONTEXT('2D SPACE',''
  ) );
#15702 = PCURVE('',#15703,#15708);
#15703 = PLANE('',#15704);
#15704 = AXIS2_PLACEMENT_3D('',#15705,#15706,#15707);
#15705 = CARTESIAN_POINT('',(6.,2.4,50.1));
#15706 = DIRECTION('',(1.110223024625E-16,1.,0.));
#15707 = DIRECTION('',(0.,0.,1.));
#15708 = DEFINITIONAL_REPRESENTATION('',(#15709),#15713);
#15709 = LINE('',#15710,#15711);
#15710 = CARTESIAN_POINT('',(0.,0.));
#15711 = VECTOR('',#15712,1.);
#15712 = DIRECTION('',(1.,0.));
#15713 = ( GEOMETRIC_REPRESENTATION_CONTEXT(2) 
PARAMETRIC_REPRESENTATION_CONTEXT() REPRESENTATION_CONTEXT('2D SPACE',''
  ) );
#15714 = ORIENTED_EDGE('',*,*,#15715,.F.);
#15715 = EDGE_CURVE('',#15716,#15688,#15718,.T.);
#15716 = VERTEX_POINT('',#15717);
#15717 = CARTESIAN_POINT('',(6.,0.8,50.1));
#15718 = SURFACE_CURVE('',#15719,(#15723,#15730),.PCURVE_S1.);
#15719 = LINE('',#15720,#15721);
#15720 = CARTESIAN_POINT('',(6.,0.8,50.1));
#15721 = VECTOR('',#15722,1.);
#15722 = DIRECTION('',(1.110223024625E-16,1.,0.));
#15723 = PCURVE('',#15375,#15724);
#15724 = DEFINITIONAL_REPRESENTATION('',(#15725),#15729);
#15725 = LINE('',#15726,#15727);
#15726 = CARTESIAN_POINT('',(-3.95,16.8));
#15727 = VECTOR('',#15728,1.);
#15728 = DIRECTION('',(0.,1.));
#15729 = ( GEOMETRIC_REPRESENTATION_CONTEXT(2) 
PARAMETRIC_REPRESENTATION_CONTEXT() REPRESENTATION_CONTEXT('2D SPACE',''
  ) );
#15730 = PCURVE('',#15731,#15736);
#15731 = PLANE('',#15732);
#15732 = AXIS2_PLACEMENT_3D('',#15733,#15734,#15735);
#15733 = CARTESIAN_POINT('',(6.,0.8,50.1));
#15734 = DIRECTION('',(0.,0.,1.));
#15735 = DIRECTION('',(1.110223024625E-16,1.,0.));
#15736 = DEFINITIONAL_REPRESENTATION('',(#15737),#15741);
#15737 = LINE('',#15738,#15739);
#15738 = CARTESIAN_POINT('',(0.,0.));
#15739 = VECTOR('',#15740,1.);
#15740 = DIRECTION('',(1.,0.));
#15741 = ( GEOMETRIC_REPRESENTATION_CONTEXT(2) 
PARAMETRIC_REPRESENTATION_CONTEXT() REPRESENTATION_CONTEXT('2D SPACE',''
  ) );
#15742 = ORIENTED_EDGE('',*,*,#15743,.T.);
#15743 = EDGE_CURVE('',#15716,#15473,#15744,.T.);
#15744 = SURFACE_CURVE('',#15745,(#15749,#15756),.PCURVE_S1.);
#15745 = LINE('',#15746,#15747);
#15746 = CARTESIAN_POINT('',(6.,0.8,50.1));
#15747 = VECTOR('',#15748,1.);
#15748 = DIRECTION('',(0.,0.,1.));
#15749 = PCURVE('',#15375,#15750);
#15750 = DEFINITIONAL_REPRESENTATION('',(#15751),#15755);
#15751 = LINE('',#15752,#15753);
#15752 = CARTESIAN_POINT('',(-3.95,16.8));
#15753 = VECTOR('',#15754,1.);
#15754 = DIRECTION('',(1.,0.));
#15755 = ( GEOMETRIC_REPRESENTATION_CONTEXT(2) 
PARAMETRIC_REPRESENTATION_CONTEXT() REPRESENTATION_CONTEXT('2D SPACE',''
  ) );
#15756 = PCURVE('',#15757,#15762);
#15757 = PLANE('',#15758);
#15758 = AXIS2_PLACEMENT_3D('',#15759,#15760,#15761);
#15759 = CARTESIAN_POINT('',(6.,0.8,50.1));
#15760 = DIRECTION('',(1.110223024625E-16,1.,0.));
#15761 = DIRECTION('',(0.,0.,1.));
#15762 = DEFINITIONAL_REPRESENTATION('',(#15763),#15767);
#15763 = LINE('',#15764,#15765);
#15764 = CARTESIAN_POINT('',(0.,0.));
#15765 = VECTOR('',#15766,1.);
#15766 = DIRECTION('',(1.,0.));
#15767 = ( GEOMETRIC_REPRESENTATION_CONTEXT(2) 
PARAMETRIC_REPRESENTATION_CONTEXT() REPRESENTATION_CONTEXT('2D SPACE',''
  ) );
#15768 = ADVANCED_FACE('',(#15769),#15457,.T.);
#15769 = FACE_BOUND('',#15770,.T.);
#15770 = EDGE_LOOP('',(#15771,#15794,#15795,#15796));
#15771 = ORIENTED_EDGE('',*,*,#15772,.F.);
#15772 = EDGE_CURVE('',#15416,#15773,#15775,.T.);
#15773 = VERTEX_POINT('',#15774);
#15774 = CARTESIAN_POINT('',(-6.,0.8,77.95));
#15775 = SURFACE_CURVE('',#15776,(#15780,#15787),.PCURVE_S1.);
#15776 = LINE('',#15777,#15778);
#15777 = CARTESIAN_POINT('',(-6.,-16.,77.95));
#15778 = VECTOR('',#15779,1.);
#15779 = DIRECTION('',(1.110223024625E-16,1.,0.));
#15780 = PCURVE('',#15457,#15781);
#15781 = DEFINITIONAL_REPRESENTATION('',(#15782),#15786);
#15782 = LINE('',#15783,#15784);
#15783 = CARTESIAN_POINT('',(-1.33226762955E-15,12.));
#15784 = VECTOR('',#15785,1.);
#15785 = DIRECTION('',(1.,0.));
#15786 = ( GEOMETRIC_REPRESENTATION_CONTEXT(2) 
PARAMETRIC_REPRESENTATION_CONTEXT() REPRESENTATION_CONTEXT('2D SPACE',''
  ) );
#15787 = PCURVE('',#15431,#15788);
#15788 = DEFINITIONAL_REPRESENTATION('',(#15789),#15793);
#15789 = LINE('',#15790,#15791);
#15790 = CARTESIAN_POINT('',(23.9,0.));
#15791 = VECTOR('',#15792,1.);
#15792 = DIRECTION('',(0.,1.));
#15793 = ( GEOMETRIC_REPRESENTATION_CONTEXT(2) 
PARAMETRIC_REPRESENTATION_CONTEXT() REPRESENTATION_CONTEXT('2D SPACE',''
  ) );
#15794 = ORIENTED_EDGE('',*,*,#15443,.F.);
#15795 = ORIENTED_EDGE('',*,*,#15496,.T.);
#15796 = ORIENTED_EDGE('',*,*,#15797,.T.);
#15797 = EDGE_CURVE('',#15497,#15773,#15798,.T.);
#15798 = SURFACE_CURVE('',#15799,(#15803,#15810),.PCURVE_S1.);
#15799 = LINE('',#15800,#15801);
#15800 = CARTESIAN_POINT('',(6.,0.8,77.95));
#15801 = VECTOR('',#15802,1.);
#15802 = DIRECTION('',(-1.,1.110223024625E-16,0.));
#15803 = PCURVE('',#15457,#15804);
#15804 = DEFINITIONAL_REPRESENTATION('',(#15805),#15809);
#15805 = LINE('',#15806,#15807);
#15806 = CARTESIAN_POINT('',(16.8,8.881784197001E-17));
#15807 = VECTOR('',#15808,1.);
#15808 = DIRECTION('',(0.,1.));
#15809 = ( GEOMETRIC_REPRESENTATION_CONTEXT(2) 
PARAMETRIC_REPRESENTATION_CONTEXT() REPRESENTATION_CONTEXT('2D SPACE',''
  ) );
#15810 = PCURVE('',#15535,#15811);
#15811 = DEFINITIONAL_REPRESENTATION('',(#15812),#15816);
#15812 = LINE('',#15813,#15814);
#15813 = CARTESIAN_POINT('',(27.85,0.));
#15814 = VECTOR('',#15815,1.);
#15815 = DIRECTION('',(0.,-1.));
#15816 = ( GEOMETRIC_REPRESENTATION_CONTEXT(2) 
PARAMETRIC_REPRESENTATION_CONTEXT() REPRESENTATION_CONTEXT('2D SPACE',''
  ) );
#15817 = ADVANCED_FACE('',(#15818),#15431,.T.);
#15818 = FACE_BOUND('',#15819,.T.);
#15819 = EDGE_LOOP('',(#15820,#15843,#15844,#15845,#15868,#15891,#15914,
    #15937,#15960,#15983,#16006,#16029));
#15820 = ORIENTED_EDGE('',*,*,#15821,.F.);
#15821 = EDGE_CURVE('',#15388,#15822,#15824,.T.);
#15822 = VERTEX_POINT('',#15823);
#15823 = CARTESIAN_POINT('',(-6.,0.8,54.05));
#15824 = SURFACE_CURVE('',#15825,(#15829,#15836),.PCURVE_S1.);
#15825 = LINE('',#15826,#15827);
#15826 = CARTESIAN_POINT('',(-6.,-16.,54.05));
#15827 = VECTOR('',#15828,1.);
#15828 = DIRECTION('',(1.110223024625E-16,1.,0.));
#15829 = PCURVE('',#15431,#15830);
#15830 = DEFINITIONAL_REPRESENTATION('',(#15831),#15835);
#15831 = LINE('',#15832,#15833);
#15832 = CARTESIAN_POINT('',(0.,0.));
#15833 = VECTOR('',#15834,1.);
#15834 = DIRECTION('',(0.,1.));
#15835 = ( GEOMETRIC_REPRESENTATION_CONTEXT(2) 
PARAMETRIC_REPRESENTATION_CONTEXT() REPRESENTATION_CONTEXT('2D SPACE',''
  ) );
#15836 = PCURVE('',#15403,#15837);
#15837 = DEFINITIONAL_REPRESENTATION('',(#15838),#15842);
#15838 = LINE('',#15839,#15840);
#15839 = CARTESIAN_POINT('',(-1.33226762955E-15,12.));
#15840 = VECTOR('',#15841,1.);
#15841 = DIRECTION('',(1.,0.));
#15842 = ( GEOMETRIC_REPRESENTATION_CONTEXT(2) 
PARAMETRIC_REPRESENTATION_CONTEXT() REPRESENTATION_CONTEXT('2D SPACE',''
  ) );
#15843 = ORIENTED_EDGE('',*,*,#15415,.T.);
#15844 = ORIENTED_EDGE('',*,*,#15772,.T.);
#15845 = ORIENTED_EDGE('',*,*,#15846,.T.);
#15846 = EDGE_CURVE('',#15773,#15847,#15849,.T.);
#15847 = VERTEX_POINT('',#15848);
#15848 = CARTESIAN_POINT('',(-6.,0.8,81.9));
#15849 = SURFACE_CURVE('',#15850,(#15854,#15861),.PCURVE_S1.);
#15850 = LINE('',#15851,#15852);
#15851 = CARTESIAN_POINT('',(-6.,0.8,50.1));
#15852 = VECTOR('',#15853,1.);
#15853 = DIRECTION('',(0.,0.,1.));
#15854 = PCURVE('',#15431,#15855);
#15855 = DEFINITIONAL_REPRESENTATION('',(#15856),#15860);
#15856 = LINE('',#15857,#15858);
#15857 = CARTESIAN_POINT('',(-3.95,16.8));
#15858 = VECTOR('',#15859,1.);
#15859 = DIRECTION('',(1.,0.));
#15860 = ( GEOMETRIC_REPRESENTATION_CONTEXT(2) 
PARAMETRIC_REPRESENTATION_CONTEXT() REPRESENTATION_CONTEXT('2D SPACE',''
  ) );
#15861 = PCURVE('',#15535,#15862);
#15862 = DEFINITIONAL_REPRESENTATION('',(#15863),#15867);
#15863 = LINE('',#15864,#15865);
#15864 = CARTESIAN_POINT('',(0.,-12.));
#15865 = VECTOR('',#15866,1.);
#15866 = DIRECTION('',(1.,0.));
#15867 = ( GEOMETRIC_REPRESENTATION_CONTEXT(2) 
PARAMETRIC_REPRESENTATION_CONTEXT() REPRESENTATION_CONTEXT('2D SPACE',''
  ) );
#15868 = ORIENTED_EDGE('',*,*,#15869,.T.);
#15869 = EDGE_CURVE('',#15847,#15870,#15872,.T.);
#15870 = VERTEX_POINT('',#15871);
#15871 = CARTESIAN_POINT('',(-6.,2.4,81.9));
#15872 = SURFACE_CURVE('',#15873,(#15877,#15884),.PCURVE_S1.);
#15873 = LINE('',#15874,#15875);
#15874 = CARTESIAN_POINT('',(-6.,0.8,81.9));
#15875 = VECTOR('',#15876,1.);
#15876 = DIRECTION('',(1.110223024625E-16,1.,0.));
#15877 = PCURVE('',#15431,#15878);
#15878 = DEFINITIONAL_REPRESENTATION('',(#15879),#15883);
#15879 = LINE('',#15880,#15881);
#15880 = CARTESIAN_POINT('',(27.85,16.8));
#15881 = VECTOR('',#15882,1.);
#15882 = DIRECTION('',(0.,1.));
#15883 = ( GEOMETRIC_REPRESENTATION_CONTEXT(2) 
PARAMETRIC_REPRESENTATION_CONTEXT() REPRESENTATION_CONTEXT('2D SPACE',''
  ) );
#15884 = PCURVE('',#15563,#15885);
#15885 = DEFINITIONAL_REPRESENTATION('',(#15886),#15890);
#15886 = LINE('',#15887,#15888);
#15887 = CARTESIAN_POINT('',(0.,12.));
#15888 = VECTOR('',#15889,1.);
#15889 = DIRECTION('',(1.,0.));
#15890 = ( GEOMETRIC_REPRESENTATION_CONTEXT(2) 
PARAMETRIC_REPRESENTATION_CONTEXT() REPRESENTATION_CONTEXT('2D SPACE',''
  ) );
#15891 = ORIENTED_EDGE('',*,*,#15892,.F.);
#15892 = EDGE_CURVE('',#15893,#15870,#15895,.T.);
#15893 = VERTEX_POINT('',#15894);
#15894 = CARTESIAN_POINT('',(-6.,2.4,77.95));
#15895 = SURFACE_CURVE('',#15896,(#15900,#15907),.PCURVE_S1.);
#15896 = LINE('',#15897,#15898);
#15897 = CARTESIAN_POINT('',(-6.,2.4,50.1));
#15898 = VECTOR('',#15899,1.);
#15899 = DIRECTION('',(0.,0.,1.));
#15900 = PCURVE('',#15431,#15901);
#15901 = DEFINITIONAL_REPRESENTATION('',(#15902),#15906);
#15902 = LINE('',#15903,#15904);
#15903 = CARTESIAN_POINT('',(-3.95,18.4));
#15904 = VECTOR('',#15905,1.);
#15905 = DIRECTION('',(1.,0.));
#15906 = ( GEOMETRIC_REPRESENTATION_CONTEXT(2) 
PARAMETRIC_REPRESENTATION_CONTEXT() REPRESENTATION_CONTEXT('2D SPACE',''
  ) );
#15907 = PCURVE('',#15591,#15908);
#15908 = DEFINITIONAL_REPRESENTATION('',(#15909),#15913);
#15909 = LINE('',#15910,#15911);
#15910 = CARTESIAN_POINT('',(0.,-12.));
#15911 = VECTOR('',#15912,1.);
#15912 = DIRECTION('',(1.,0.));
#15913 = ( GEOMETRIC_REPRESENTATION_CONTEXT(2) 
PARAMETRIC_REPRESENTATION_CONTEXT() REPRESENTATION_CONTEXT('2D SPACE',''
  ) );
#15914 = ORIENTED_EDGE('',*,*,#15915,.T.);
#15915 = EDGE_CURVE('',#15893,#15916,#15918,.T.);
#15916 = VERTEX_POINT('',#15917);
#15917 = CARTESIAN_POINT('',(-6.,6.,77.95));
#15918 = SURFACE_CURVE('',#15919,(#15923,#15930),.PCURVE_S1.);
#15919 = LINE('',#15920,#15921);
#15920 = CARTESIAN_POINT('',(-6.,-16.,77.95));
#15921 = VECTOR('',#15922,1.);
#15922 = DIRECTION('',(1.110223024625E-16,1.,0.));
#15923 = PCURVE('',#15431,#15924);
#15924 = DEFINITIONAL_REPRESENTATION('',(#15925),#15929);
#15925 = LINE('',#15926,#15927);
#15926 = CARTESIAN_POINT('',(23.9,0.));
#15927 = VECTOR('',#15928,1.);
#15928 = DIRECTION('',(0.,1.));
#15929 = ( GEOMETRIC_REPRESENTATION_CONTEXT(2) 
PARAMETRIC_REPRESENTATION_CONTEXT() REPRESENTATION_CONTEXT('2D SPACE',''
  ) );
#15930 = PCURVE('',#15619,#15931);
#15931 = DEFINITIONAL_REPRESENTATION('',(#15932),#15936);
#15932 = LINE('',#15933,#15934);
#15933 = CARTESIAN_POINT('',(-1.33226762955E-15,12.));
#15934 = VECTOR('',#15935,1.);
#15935 = DIRECTION('',(1.,0.));
#15936 = ( GEOMETRIC_REPRESENTATION_CONTEXT(2) 
PARAMETRIC_REPRESENTATION_CONTEXT() REPRESENTATION_CONTEXT('2D SPACE',''
  ) );
#15937 = ORIENTED_EDGE('',*,*,#15938,.F.);
#15938 = EDGE_CURVE('',#15939,#15916,#15941,.T.);
#15939 = VERTEX_POINT('',#15940);
#15940 = CARTESIAN_POINT('',(-6.,6.,54.05));
#15941 = SURFACE_CURVE('',#15942,(#15946,#15953),.PCURVE_S1.);
#15942 = LINE('',#15943,#15944);
#15943 = CARTESIAN_POINT('',(-6.,6.,54.05));
#15944 = VECTOR('',#15945,1.);
#15945 = DIRECTION('',(0.,0.,1.));
#15946 = PCURVE('',#15431,#15947);
#15947 = DEFINITIONAL_REPRESENTATION('',(#15948),#15952);
#15948 = LINE('',#15949,#15950);
#15949 = CARTESIAN_POINT('',(0.,22.));
#15950 = VECTOR('',#15951,1.);
#15951 = DIRECTION('',(1.,0.));
#15952 = ( GEOMETRIC_REPRESENTATION_CONTEXT(2) 
PARAMETRIC_REPRESENTATION_CONTEXT() REPRESENTATION_CONTEXT('2D SPACE',''
  ) );
#15953 = PCURVE('',#15647,#15954);
#15954 = DEFINITIONAL_REPRESENTATION('',(#15955),#15959);
#15955 = LINE('',#15956,#15957);
#15956 = CARTESIAN_POINT('',(0.,-12.));
#15957 = VECTOR('',#15958,1.);
#15958 = DIRECTION('',(1.,0.));
#15959 = ( GEOMETRIC_REPRESENTATION_CONTEXT(2) 
PARAMETRIC_REPRESENTATION_CONTEXT() REPRESENTATION_CONTEXT('2D SPACE',''
  ) );
#15960 = ORIENTED_EDGE('',*,*,#15961,.F.);
#15961 = EDGE_CURVE('',#15962,#15939,#15964,.T.);
#15962 = VERTEX_POINT('',#15963);
#15963 = CARTESIAN_POINT('',(-6.,2.4,54.05));
#15964 = SURFACE_CURVE('',#15965,(#15969,#15976),.PCURVE_S1.);
#15965 = LINE('',#15966,#15967);
#15966 = CARTESIAN_POINT('',(-6.,-16.,54.05));
#15967 = VECTOR('',#15968,1.);
#15968 = DIRECTION('',(1.110223024625E-16,1.,0.));
#15969 = PCURVE('',#15431,#15970);
#15970 = DEFINITIONAL_REPRESENTATION('',(#15971),#15975);
#15971 = LINE('',#15972,#15973);
#15972 = CARTESIAN_POINT('',(0.,0.));
#15973 = VECTOR('',#15974,1.);
#15974 = DIRECTION('',(0.,1.));
#15975 = ( GEOMETRIC_REPRESENTATION_CONTEXT(2) 
PARAMETRIC_REPRESENTATION_CONTEXT() REPRESENTATION_CONTEXT('2D SPACE',''
  ) );
#15976 = PCURVE('',#15675,#15977);
#15977 = DEFINITIONAL_REPRESENTATION('',(#15978),#15982);
#15978 = LINE('',#15979,#15980);
#15979 = CARTESIAN_POINT('',(-1.33226762955E-15,12.));
#15980 = VECTOR('',#15981,1.);
#15981 = DIRECTION('',(1.,0.));
#15982 = ( GEOMETRIC_REPRESENTATION_CONTEXT(2) 
PARAMETRIC_REPRESENTATION_CONTEXT() REPRESENTATION_CONTEXT('2D SPACE',''
  ) );
#15983 = ORIENTED_EDGE('',*,*,#15984,.F.);
#15984 = EDGE_CURVE('',#15985,#15962,#15987,.T.);
#15985 = VERTEX_POINT('',#15986);
#15986 = CARTESIAN_POINT('',(-6.,2.4,50.1));
#15987 = SURFACE_CURVE('',#15988,(#15992,#15999),.PCURVE_S1.);
#15988 = LINE('',#15989,#15990);
#15989 = CARTESIAN_POINT('',(-6.,2.4,50.1));
#15990 = VECTOR('',#15991,1.);
#15991 = DIRECTION('',(0.,0.,1.));
#15992 = PCURVE('',#15431,#15993);
#15993 = DEFINITIONAL_REPRESENTATION('',(#15994),#15998);
#15994 = LINE('',#15995,#15996);
#15995 = CARTESIAN_POINT('',(-3.95,18.4));
#15996 = VECTOR('',#15997,1.);
#15997 = DIRECTION('',(1.,0.));
#15998 = ( GEOMETRIC_REPRESENTATION_CONTEXT(2) 
PARAMETRIC_REPRESENTATION_CONTEXT() REPRESENTATION_CONTEXT('2D SPACE',''
  ) );
#15999 = PCURVE('',#15703,#16000);
#16000 = DEFINITIONAL_REPRESENTATION('',(#16001),#16005);
#16001 = LINE('',#16002,#16003);
#16002 = CARTESIAN_POINT('',(0.,-12.));
#16003 = VECTOR('',#16004,1.);
#16004 = DIRECTION('',(1.,0.));
#16005 = ( GEOMETRIC_REPRESENTATION_CONTEXT(2) 
PARAMETRIC_REPRESENTATION_CONTEXT() REPRESENTATION_CONTEXT('2D SPACE',''
  ) );
#16006 = ORIENTED_EDGE('',*,*,#16007,.F.);
#16007 = EDGE_CURVE('',#16008,#15985,#16010,.T.);
#16008 = VERTEX_POINT('',#16009);
#16009 = CARTESIAN_POINT('',(-6.,0.8,50.1));
#16010 = SURFACE_CURVE('',#16011,(#16015,#16022),.PCURVE_S1.);
#16011 = LINE('',#16012,#16013);
#16012 = CARTESIAN_POINT('',(-6.,0.8,50.1));
#16013 = VECTOR('',#16014,1.);
#16014 = DIRECTION('',(1.110223024625E-16,1.,0.));
#16015 = PCURVE('',#15431,#16016);
#16016 = DEFINITIONAL_REPRESENTATION('',(#16017),#16021);
#16017 = LINE('',#16018,#16019);
#16018 = CARTESIAN_POINT('',(-3.95,16.8));
#16019 = VECTOR('',#16020,1.);
#16020 = DIRECTION('',(0.,1.));
#16021 = ( GEOMETRIC_REPRESENTATION_CONTEXT(2) 
PARAMETRIC_REPRESENTATION_CONTEXT() REPRESENTATION_CONTEXT('2D SPACE',''
  ) );
#16022 = PCURVE('',#15731,#16023);
#16023 = DEFINITIONAL_REPRESENTATION('',(#16024),#16028);
#16024 = LINE('',#16025,#16026);
#16025 = CARTESIAN_POINT('',(0.,12.));
#16026 = VECTOR('',#16027,1.);
#16027 = DIRECTION('',(1.,0.));
#16028 = ( GEOMETRIC_REPRESENTATION_CONTEXT(2) 
PARAMETRIC_REPRESENTATION_CONTEXT() REPRESENTATION_CONTEXT('2D SPACE',''
  ) );
#16029 = ORIENTED_EDGE('',*,*,#16030,.T.);
#16030 = EDGE_CURVE('',#16008,#15822,#16031,.T.);
#16031 = SURFACE_CURVE('',#16032,(#16036,#16043),.PCURVE_S1.);
#16032 = LINE('',#16033,#16034);
#16033 = CARTESIAN_POINT('',(-6.,0.8,50.1));
#16034 = VECTOR('',#16035,1.);
#16035 = DIRECTION('',(0.,0.,1.));
#16036 = PCURVE('',#15431,#16037);
#16037 = DEFINITIONAL_REPRESENTATION('',(#16038),#16042);
#16038 = LINE('',#16039,#16040);
#16039 = CARTESIAN_POINT('',(-3.95,16.8));
#16040 = VECTOR('',#16041,1.);
#16041 = DIRECTION('',(1.,0.));
#16042 = ( GEOMETRIC_REPRESENTATION_CONTEXT(2) 
PARAMETRIC_REPRESENTATION_CONTEXT() REPRESENTATION_CONTEXT('2D SPACE',''
  ) );
#16043 = PCURVE('',#15757,#16044);
#16044 = DEFINITIONAL_REPRESENTATION('',(#16045),#16049);
#16045 = LINE('',#16046,#16047);
#16046 = CARTESIAN_POINT('',(0.,-12.));
#16047 = VECTOR('',#16048,1.);
#16048 = DIRECTION('',(1.,0.));
#16049 = ( GEOMETRIC_REPRESENTATION_CONTEXT(2) 
PARAMETRIC_REPRESENTATION_CONTEXT() REPRESENTATION_CONTEXT('2D SPACE',''
  ) );
#16050 = ADVANCED_FACE('',(#16051),#15403,.F.);
#16051 = FACE_BOUND('',#16052,.F.);
#16052 = EDGE_LOOP('',(#16053,#16054,#16055,#16056));
#16053 = ORIENTED_EDGE('',*,*,#15821,.F.);
#16054 = ORIENTED_EDGE('',*,*,#15387,.F.);
#16055 = ORIENTED_EDGE('',*,*,#15472,.T.);
#16056 = ORIENTED_EDGE('',*,*,#16057,.T.);
#16057 = EDGE_CURVE('',#15473,#15822,#16058,.T.);
#16058 = SURFACE_CURVE('',#16059,(#16063,#16070),.PCURVE_S1.);
#16059 = LINE('',#16060,#16061);
#16060 = CARTESIAN_POINT('',(6.,0.8,54.05));
#16061 = VECTOR('',#16062,1.);
#16062 = DIRECTION('',(-1.,1.110223024625E-16,0.));
#16063 = PCURVE('',#15403,#16064);
#16064 = DEFINITIONAL_REPRESENTATION('',(#16065),#16069);
#16065 = LINE('',#16066,#16067);
#16066 = CARTESIAN_POINT('',(16.8,8.881784197001E-17));
#16067 = VECTOR('',#16068,1.);
#16068 = DIRECTION('',(0.,1.));
#16069 = ( GEOMETRIC_REPRESENTATION_CONTEXT(2) 
PARAMETRIC_REPRESENTATION_CONTEXT() REPRESENTATION_CONTEXT('2D SPACE',''
  ) );
#16070 = PCURVE('',#15757,#16071);
#16071 = DEFINITIONAL_REPRESENTATION('',(#16072),#16076);
#16072 = LINE('',#16073,#16074);
#16073 = CARTESIAN_POINT('',(3.95,0.));
#16074 = VECTOR('',#16075,1.);
#16075 = DIRECTION('',(0.,-1.));
#16076 = ( GEOMETRIC_REPRESENTATION_CONTEXT(2) 
PARAMETRIC_REPRESENTATION_CONTEXT() REPRESENTATION_CONTEXT('2D SPACE',''
  ) );
#16077 = ADVANCED_FACE('',(#16078,#16104),#15535,.F.);
#16078 = FACE_BOUND('',#16079,.F.);
#16079 = EDGE_LOOP('',(#16080,#16081,#16082,#16083));
#16080 = ORIENTED_EDGE('',*,*,#15519,.F.);
#16081 = ORIENTED_EDGE('',*,*,#15797,.T.);
#16082 = ORIENTED_EDGE('',*,*,#15846,.T.);
#16083 = ORIENTED_EDGE('',*,*,#16084,.F.);
#16084 = EDGE_CURVE('',#15520,#15847,#16085,.T.);
#16085 = SURFACE_CURVE('',#16086,(#16090,#16097),.PCURVE_S1.);
#16086 = LINE('',#16087,#16088);
#16087 = CARTESIAN_POINT('',(6.,0.8,81.9));
#16088 = VECTOR('',#16089,1.);
#16089 = DIRECTION('',(-1.,1.110223024625E-16,0.));
#16090 = PCURVE('',#15535,#16091);
#16091 = DEFINITIONAL_REPRESENTATION('',(#16092),#16096);
#16092 = LINE('',#16093,#16094);
#16093 = CARTESIAN_POINT('',(31.8,0.));
#16094 = VECTOR('',#16095,1.);
#16095 = DIRECTION('',(0.,-1.));
#16096 = ( GEOMETRIC_REPRESENTATION_CONTEXT(2) 
PARAMETRIC_REPRESENTATION_CONTEXT() REPRESENTATION_CONTEXT('2D SPACE',''
  ) );
#16097 = PCURVE('',#15563,#16098);
#16098 = DEFINITIONAL_REPRESENTATION('',(#16099),#16103);
#16099 = LINE('',#16100,#16101);
#16100 = CARTESIAN_POINT('',(0.,0.));
#16101 = VECTOR('',#16102,1.);
#16102 = DIRECTION('',(0.,1.));
#16103 = ( GEOMETRIC_REPRESENTATION_CONTEXT(2) 
PARAMETRIC_REPRESENTATION_CONTEXT() REPRESENTATION_CONTEXT('2D SPACE',''
  ) );
#16104 = FACE_BOUND('',#16105,.F.);
#16105 = EDGE_LOOP('',(#16106));
#16106 = ORIENTED_EDGE('',*,*,#16107,.T.);
#16107 = EDGE_CURVE('',#16108,#16108,#16110,.T.);
#16108 = VERTEX_POINT('',#16109);
#16109 = CARTESIAN_POINT('',(-1.,0.8,79.9));
#16110 = SURFACE_CURVE('',#16111,(#16116,#16127),.PCURVE_S1.);
#16111 = CIRCLE('',#16112,1.);
#16112 = AXIS2_PLACEMENT_3D('',#16113,#16114,#16115);
#16113 = CARTESIAN_POINT('',(8.881784197001E-17,0.8,79.9));
#16114 = DIRECTION('',(-1.110223024625E-16,-1.,-0.));
#16115 = DIRECTION('',(-1.,1.110223024625E-16,0.));
#16116 = PCURVE('',#15535,#16117);
#16117 = DEFINITIONAL_REPRESENTATION('',(#16118),#16126);
#16118 = ( BOUNDED_CURVE() B_SPLINE_CURVE(2,(#16119,#16120,#16121,#16122
    ,#16123,#16124,#16125),.UNSPECIFIED.,.T.,.F.) 
B_SPLINE_CURVE_WITH_KNOTS((1,2,2,2,2,1),(-2.094395102393,0.,
    2.094395102393,4.188790204786,6.28318530718,8.377580409573),
.UNSPECIFIED.) CURVE() GEOMETRIC_REPRESENTATION_ITEM() 
RATIONAL_B_SPLINE_CURVE((1.,0.5,1.,0.5,1.,0.5,1.)) REPRESENTATION_ITEM(
  '') );
#16119 = CARTESIAN_POINT('',(29.8,-7.));
#16120 = CARTESIAN_POINT('',(28.067949192431,-7.));
#16121 = CARTESIAN_POINT('',(28.933974596216,-5.5));
#16122 = CARTESIAN_POINT('',(29.8,-4.));
#16123 = CARTESIAN_POINT('',(30.666025403784,-5.5));
#16124 = CARTESIAN_POINT('',(31.532050807569,-7.));
#16125 = CARTESIAN_POINT('',(29.8,-7.));
#16126 = ( GEOMETRIC_REPRESENTATION_CONTEXT(2) 
PARAMETRIC_REPRESENTATION_CONTEXT() REPRESENTATION_CONTEXT('2D SPACE',''
  ) );
#16127 = PCURVE('',#16128,#16133);
#16128 = CYLINDRICAL_SURFACE('',#16129,1.);
#16129 = AXIS2_PLACEMENT_3D('',#16130,#16131,#16132);
#16130 = CARTESIAN_POINT('',(3.330669073875E-17,0.3,79.9));
#16131 = DIRECTION('',(-1.110223024625E-16,-1.,-0.));
#16132 = DIRECTION('',(-1.,1.110223024625E-16,0.));
#16133 = DEFINITIONAL_REPRESENTATION('',(#16134),#16138);
#16134 = LINE('',#16135,#16136);
#16135 = CARTESIAN_POINT('',(-6.28318530718,-0.5));
#16136 = VECTOR('',#16137,1.);
#16137 = DIRECTION('',(1.,-0.));
#16138 = ( GEOMETRIC_REPRESENTATION_CONTEXT(2) 
PARAMETRIC_REPRESENTATION_CONTEXT() REPRESENTATION_CONTEXT('2D SPACE',''
  ) );
#16139 = ADVANCED_FACE('',(#16140),#15563,.T.);
#16140 = FACE_BOUND('',#16141,.T.);
#16141 = EDGE_LOOP('',(#16142,#16143,#16144,#16165));
#16142 = ORIENTED_EDGE('',*,*,#16084,.F.);
#16143 = ORIENTED_EDGE('',*,*,#15547,.T.);
#16144 = ORIENTED_EDGE('',*,*,#16145,.T.);
#16145 = EDGE_CURVE('',#15548,#15870,#16146,.T.);
#16146 = SURFACE_CURVE('',#16147,(#16151,#16158),.PCURVE_S1.);
#16147 = LINE('',#16148,#16149);
#16148 = CARTESIAN_POINT('',(6.,2.4,81.9));
#16149 = VECTOR('',#16150,1.);
#16150 = DIRECTION('',(-1.,1.110223024625E-16,0.));
#16151 = PCURVE('',#15563,#16152);
#16152 = DEFINITIONAL_REPRESENTATION('',(#16153),#16157);
#16153 = LINE('',#16154,#16155);
#16154 = CARTESIAN_POINT('',(1.6,1.7763568394E-16));
#16155 = VECTOR('',#16156,1.);
#16156 = DIRECTION('',(0.,1.));
#16157 = ( GEOMETRIC_REPRESENTATION_CONTEXT(2) 
PARAMETRIC_REPRESENTATION_CONTEXT() REPRESENTATION_CONTEXT('2D SPACE',''
  ) );
#16158 = PCURVE('',#15591,#16159);
#16159 = DEFINITIONAL_REPRESENTATION('',(#16160),#16164);
#16160 = LINE('',#16161,#16162);
#16161 = CARTESIAN_POINT('',(31.8,0.));
#16162 = VECTOR('',#16163,1.);
#16163 = DIRECTION('',(0.,-1.));
#16164 = ( GEOMETRIC_REPRESENTATION_CONTEXT(2) 
PARAMETRIC_REPRESENTATION_CONTEXT() REPRESENTATION_CONTEXT('2D SPACE',''
  ) );
#16165 = ORIENTED_EDGE('',*,*,#15869,.F.);
#16166 = ADVANCED_FACE('',(#16167,#16193),#15591,.T.);
#16167 = FACE_BOUND('',#16168,.T.);
#16168 = EDGE_LOOP('',(#16169,#16170,#16191,#16192));
#16169 = ORIENTED_EDGE('',*,*,#15575,.F.);
#16170 = ORIENTED_EDGE('',*,*,#16171,.T.);
#16171 = EDGE_CURVE('',#15576,#15893,#16172,.T.);
#16172 = SURFACE_CURVE('',#16173,(#16177,#16184),.PCURVE_S1.);
#16173 = LINE('',#16174,#16175);
#16174 = CARTESIAN_POINT('',(6.,2.4,77.95));
#16175 = VECTOR('',#16176,1.);
#16176 = DIRECTION('',(-1.,1.110223024625E-16,0.));
#16177 = PCURVE('',#15591,#16178);
#16178 = DEFINITIONAL_REPRESENTATION('',(#16179),#16183);
#16179 = LINE('',#16180,#16181);
#16180 = CARTESIAN_POINT('',(27.85,0.));
#16181 = VECTOR('',#16182,1.);
#16182 = DIRECTION('',(0.,-1.));
#16183 = ( GEOMETRIC_REPRESENTATION_CONTEXT(2) 
PARAMETRIC_REPRESENTATION_CONTEXT() REPRESENTATION_CONTEXT('2D SPACE',''
  ) );
#16184 = PCURVE('',#15619,#16185);
#16185 = DEFINITIONAL_REPRESENTATION('',(#16186),#16190);
#16186 = LINE('',#16187,#16188);
#16187 = CARTESIAN_POINT('',(18.4,2.6645352591E-16));
#16188 = VECTOR('',#16189,1.);
#16189 = DIRECTION('',(0.,1.));
#16190 = ( GEOMETRIC_REPRESENTATION_CONTEXT(2) 
PARAMETRIC_REPRESENTATION_CONTEXT() REPRESENTATION_CONTEXT('2D SPACE',''
  ) );
#16191 = ORIENTED_EDGE('',*,*,#15892,.T.);
#16192 = ORIENTED_EDGE('',*,*,#16145,.F.);
#16193 = FACE_BOUND('',#16194,.T.);
#16194 = EDGE_LOOP('',(#16195));
#16195 = ORIENTED_EDGE('',*,*,#16196,.T.);
#16196 = EDGE_CURVE('',#16197,#16197,#16199,.T.);
#16197 = VERTEX_POINT('',#16198);
#16198 = CARTESIAN_POINT('',(-1.,2.4,79.9));
#16199 = SURFACE_CURVE('',#16200,(#16205,#16216),.PCURVE_S1.);
#16200 = CIRCLE('',#16201,1.);
#16201 = AXIS2_PLACEMENT_3D('',#16202,#16203,#16204);
#16202 = CARTESIAN_POINT('',(2.6645352591E-16,2.4,79.9));
#16203 = DIRECTION('',(-1.110223024625E-16,-1.,-0.));
#16204 = DIRECTION('',(-1.,1.110223024625E-16,0.));
#16205 = PCURVE('',#15591,#16206);
#16206 = DEFINITIONAL_REPRESENTATION('',(#16207),#16215);
#16207 = ( BOUNDED_CURVE() B_SPLINE_CURVE(2,(#16208,#16209,#16210,#16211
    ,#16212,#16213,#16214),.UNSPECIFIED.,.T.,.F.) 
B_SPLINE_CURVE_WITH_KNOTS((1,2,2,2,2,1),(-2.094395102393,0.,
    2.094395102393,4.188790204786,6.28318530718,8.377580409573),
.UNSPECIFIED.) CURVE() GEOMETRIC_REPRESENTATION_ITEM() 
RATIONAL_B_SPLINE_CURVE((1.,0.5,1.,0.5,1.,0.5,1.)) REPRESENTATION_ITEM(
  '') );
#16208 = CARTESIAN_POINT('',(29.8,-7.));
#16209 = CARTESIAN_POINT('',(28.067949192431,-7.));
#16210 = CARTESIAN_POINT('',(28.933974596216,-5.5));
#16211 = CARTESIAN_POINT('',(29.8,-4.));
#16212 = CARTESIAN_POINT('',(30.666025403784,-5.5));
#16213 = CARTESIAN_POINT('',(31.532050807569,-7.));
#16214 = CARTESIAN_POINT('',(29.8,-7.));
#16215 = ( GEOMETRIC_REPRESENTATION_CONTEXT(2) 
PARAMETRIC_REPRESENTATION_CONTEXT() REPRESENTATION_CONTEXT('2D SPACE',''
  ) );
#16216 = PCURVE('',#16128,#16217);
#16217 = DEFINITIONAL_REPRESENTATION('',(#16218),#16222);
#16218 = LINE('',#16219,#16220);
#16219 = CARTESIAN_POINT('',(-6.28318530718,-2.1));
#16220 = VECTOR('',#16221,1.);
#16221 = DIRECTION('',(1.,-0.));
#16222 = ( GEOMETRIC_REPRESENTATION_CONTEXT(2) 
PARAMETRIC_REPRESENTATION_CONTEXT() REPRESENTATION_CONTEXT('2D SPACE',''
  ) );
#16223 = ADVANCED_FACE('',(#16224),#15619,.T.);
#16224 = FACE_BOUND('',#16225,.T.);
#16225 = EDGE_LOOP('',(#16226,#16227,#16228,#16229));
#16226 = ORIENTED_EDGE('',*,*,#15915,.F.);
#16227 = ORIENTED_EDGE('',*,*,#16171,.F.);
#16228 = ORIENTED_EDGE('',*,*,#15603,.T.);
#16229 = ORIENTED_EDGE('',*,*,#16230,.T.);
#16230 = EDGE_CURVE('',#15604,#15916,#16231,.T.);
#16231 = SURFACE_CURVE('',#16232,(#16236,#16243),.PCURVE_S1.);
#16232 = LINE('',#16233,#16234);
#16233 = CARTESIAN_POINT('',(6.,6.,77.95));
#16234 = VECTOR('',#16235,1.);
#16235 = DIRECTION('',(-1.,1.110223024625E-16,0.));
#16236 = PCURVE('',#15619,#16237);
#16237 = DEFINITIONAL_REPRESENTATION('',(#16238),#16242);
#16238 = LINE('',#16239,#16240);
#16239 = CARTESIAN_POINT('',(22.,-2.22044604925E-16));
#16240 = VECTOR('',#16241,1.);
#16241 = DIRECTION('',(0.,1.));
#16242 = ( GEOMETRIC_REPRESENTATION_CONTEXT(2) 
PARAMETRIC_REPRESENTATION_CONTEXT() REPRESENTATION_CONTEXT('2D SPACE',''
  ) );
#16243 = PCURVE('',#15647,#16244);
#16244 = DEFINITIONAL_REPRESENTATION('',(#16245),#16249);
#16245 = LINE('',#16246,#16247);
#16246 = CARTESIAN_POINT('',(23.9,0.));
#16247 = VECTOR('',#16248,1.);
#16248 = DIRECTION('',(0.,-1.));
#16249 = ( GEOMETRIC_REPRESENTATION_CONTEXT(2) 
PARAMETRIC_REPRESENTATION_CONTEXT() REPRESENTATION_CONTEXT('2D SPACE',''
  ) );
#16250 = ADVANCED_FACE('',(#16251,#16277),#15647,.T.);
#16251 = FACE_BOUND('',#16252,.T.);
#16252 = EDGE_LOOP('',(#16253,#16254,#16275,#16276));
#16253 = ORIENTED_EDGE('',*,*,#15631,.F.);
#16254 = ORIENTED_EDGE('',*,*,#16255,.T.);
#16255 = EDGE_CURVE('',#15632,#15939,#16256,.T.);
#16256 = SURFACE_CURVE('',#16257,(#16261,#16268),.PCURVE_S1.);
#16257 = LINE('',#16258,#16259);
#16258 = CARTESIAN_POINT('',(6.,6.,54.05));
#16259 = VECTOR('',#16260,1.);
#16260 = DIRECTION('',(-1.,1.110223024625E-16,0.));
#16261 = PCURVE('',#15647,#16262);
#16262 = DEFINITIONAL_REPRESENTATION('',(#16263),#16267);
#16263 = LINE('',#16264,#16265);
#16264 = CARTESIAN_POINT('',(0.,0.));
#16265 = VECTOR('',#16266,1.);
#16266 = DIRECTION('',(0.,-1.));
#16267 = ( GEOMETRIC_REPRESENTATION_CONTEXT(2) 
PARAMETRIC_REPRESENTATION_CONTEXT() REPRESENTATION_CONTEXT('2D SPACE',''
  ) );
#16268 = PCURVE('',#15675,#16269);
#16269 = DEFINITIONAL_REPRESENTATION('',(#16270),#16274);
#16270 = LINE('',#16271,#16272);
#16271 = CARTESIAN_POINT('',(22.,-2.22044604925E-16));
#16272 = VECTOR('',#16273,1.);
#16273 = DIRECTION('',(0.,1.));
#16274 = ( GEOMETRIC_REPRESENTATION_CONTEXT(2) 
PARAMETRIC_REPRESENTATION_CONTEXT() REPRESENTATION_CONTEXT('2D SPACE',''
  ) );
#16275 = ORIENTED_EDGE('',*,*,#15938,.T.);
#16276 = ORIENTED_EDGE('',*,*,#16230,.F.);
#16277 = FACE_BOUND('',#16278,.T.);
#16278 = EDGE_LOOP('',(#16279));
#16279 = ORIENTED_EDGE('',*,*,#16280,.F.);
#16280 = EDGE_CURVE('',#16281,#16281,#16283,.T.);
#16281 = VERTEX_POINT('',#16282);
#16282 = CARTESIAN_POINT('',(-5.5,6.,72.));
#16283 = SURFACE_CURVE('',#16284,(#16289,#16296),.PCURVE_S1.);
#16284 = CIRCLE('',#16285,5.5);
#16285 = AXIS2_PLACEMENT_3D('',#16286,#16287,#16288);
#16286 = CARTESIAN_POINT('',(6.661338147751E-16,6.,72.));
#16287 = DIRECTION('',(1.110223024625E-16,1.,-0.));
#16288 = DIRECTION('',(-1.,1.110223024625E-16,0.));
#16289 = PCURVE('',#15647,#16290);
#16290 = DEFINITIONAL_REPRESENTATION('',(#16291),#16295);
#16291 = CIRCLE('',#16292,5.5);
#16292 = AXIS2_PLACEMENT_2D('',#16293,#16294);
#16293 = CARTESIAN_POINT('',(17.95,-6.));
#16294 = DIRECTION('',(0.,-1.));
#16295 = ( GEOMETRIC_REPRESENTATION_CONTEXT(2) 
PARAMETRIC_REPRESENTATION_CONTEXT() REPRESENTATION_CONTEXT('2D SPACE',''
  ) );
#16296 = PCURVE('',#16297,#16302);
#16297 = CYLINDRICAL_SURFACE('',#16298,5.5);
#16298 = AXIS2_PLACEMENT_3D('',#16299,#16300,#16301);
#16299 = CARTESIAN_POINT('',(6.661338147751E-16,6.,72.));
#16300 = DIRECTION('',(-1.110223024625E-16,-1.,-0.));
#16301 = DIRECTION('',(-1.,1.110223024625E-16,0.));
#16302 = DEFINITIONAL_REPRESENTATION('',(#16303),#16307);
#16303 = LINE('',#16304,#16305);
#16304 = CARTESIAN_POINT('',(-0.,0.));
#16305 = VECTOR('',#16306,1.);
#16306 = DIRECTION('',(-1.,0.));
#16307 = ( GEOMETRIC_REPRESENTATION_CONTEXT(2) 
PARAMETRIC_REPRESENTATION_CONTEXT() REPRESENTATION_CONTEXT('2D SPACE',''
  ) );
#16308 = ADVANCED_FACE('',(#16309),#15675,.F.);
#16309 = FACE_BOUND('',#16310,.F.);
#16310 = EDGE_LOOP('',(#16311,#16312,#16333,#16334));
#16311 = ORIENTED_EDGE('',*,*,#15961,.F.);
#16312 = ORIENTED_EDGE('',*,*,#16313,.F.);
#16313 = EDGE_CURVE('',#15660,#15962,#16314,.T.);
#16314 = SURFACE_CURVE('',#16315,(#16319,#16326),.PCURVE_S1.);
#16315 = LINE('',#16316,#16317);
#16316 = CARTESIAN_POINT('',(6.,2.4,54.05));
#16317 = VECTOR('',#16318,1.);
#16318 = DIRECTION('',(-1.,1.110223024625E-16,0.));
#16319 = PCURVE('',#15675,#16320);
#16320 = DEFINITIONAL_REPRESENTATION('',(#16321),#16325);
#16321 = LINE('',#16322,#16323);
#16322 = CARTESIAN_POINT('',(18.4,2.6645352591E-16));
#16323 = VECTOR('',#16324,1.);
#16324 = DIRECTION('',(0.,1.));
#16325 = ( GEOMETRIC_REPRESENTATION_CONTEXT(2) 
PARAMETRIC_REPRESENTATION_CONTEXT() REPRESENTATION_CONTEXT('2D SPACE',''
  ) );
#16326 = PCURVE('',#15703,#16327);
#16327 = DEFINITIONAL_REPRESENTATION('',(#16328),#16332);
#16328 = LINE('',#16329,#16330);
#16329 = CARTESIAN_POINT('',(3.95,0.));
#16330 = VECTOR('',#16331,1.);
#16331 = DIRECTION('',(0.,-1.));
#16332 = ( GEOMETRIC_REPRESENTATION_CONTEXT(2) 
PARAMETRIC_REPRESENTATION_CONTEXT() REPRESENTATION_CONTEXT('2D SPACE',''
  ) );
#16333 = ORIENTED_EDGE('',*,*,#15659,.T.);
#16334 = ORIENTED_EDGE('',*,*,#16255,.T.);
#16335 = ADVANCED_FACE('',(#16336,#16362),#15703,.T.);
#16336 = FACE_BOUND('',#16337,.T.);
#16337 = EDGE_LOOP('',(#16338,#16339,#16360,#16361));
#16338 = ORIENTED_EDGE('',*,*,#15687,.F.);
#16339 = ORIENTED_EDGE('',*,*,#16340,.T.);
#16340 = EDGE_CURVE('',#15688,#15985,#16341,.T.);
#16341 = SURFACE_CURVE('',#16342,(#16346,#16353),.PCURVE_S1.);
#16342 = LINE('',#16343,#16344);
#16343 = CARTESIAN_POINT('',(6.,2.4,50.1));
#16344 = VECTOR('',#16345,1.);
#16345 = DIRECTION('',(-1.,1.110223024625E-16,0.));
#16346 = PCURVE('',#15703,#16347);
#16347 = DEFINITIONAL_REPRESENTATION('',(#16348),#16352);
#16348 = LINE('',#16349,#16350);
#16349 = CARTESIAN_POINT('',(0.,0.));
#16350 = VECTOR('',#16351,1.);
#16351 = DIRECTION('',(0.,-1.));
#16352 = ( GEOMETRIC_REPRESENTATION_CONTEXT(2) 
PARAMETRIC_REPRESENTATION_CONTEXT() REPRESENTATION_CONTEXT('2D SPACE',''
  ) );
#16353 = PCURVE('',#15731,#16354);
#16354 = DEFINITIONAL_REPRESENTATION('',(#16355),#16359);
#16355 = LINE('',#16356,#16357);
#16356 = CARTESIAN_POINT('',(1.6,1.7763568394E-16));
#16357 = VECTOR('',#16358,1.);
#16358 = DIRECTION('',(0.,1.));
#16359 = ( GEOMETRIC_REPRESENTATION_CONTEXT(2) 
PARAMETRIC_REPRESENTATION_CONTEXT() REPRESENTATION_CONTEXT('2D SPACE',''
  ) );
#16360 = ORIENTED_EDGE('',*,*,#15984,.T.);
#16361 = ORIENTED_EDGE('',*,*,#16313,.F.);
#16362 = FACE_BOUND('',#16363,.T.);
#16363 = EDGE_LOOP('',(#16364));
#16364 = ORIENTED_EDGE('',*,*,#16365,.T.);
#16365 = EDGE_CURVE('',#16366,#16366,#16368,.T.);
#16366 = VERTEX_POINT('',#16367);
#16367 = CARTESIAN_POINT('',(-1.,2.4,52.1));
#16368 = SURFACE_CURVE('',#16369,(#16374,#16385),.PCURVE_S1.);
#16369 = CIRCLE('',#16370,1.);
#16370 = AXIS2_PLACEMENT_3D('',#16371,#16372,#16373);
#16371 = CARTESIAN_POINT('',(2.6645352591E-16,2.4,52.1));
#16372 = DIRECTION('',(-1.110223024625E-16,-1.,-0.));
#16373 = DIRECTION('',(-1.,1.110223024625E-16,0.));
#16374 = PCURVE('',#15703,#16375);
#16375 = DEFINITIONAL_REPRESENTATION('',(#16376),#16384);
#16376 = ( BOUNDED_CURVE() B_SPLINE_CURVE(2,(#16377,#16378,#16379,#16380
    ,#16381,#16382,#16383),.UNSPECIFIED.,.T.,.F.) 
B_SPLINE_CURVE_WITH_KNOTS((1,2,2,2,2,1),(-2.094395102393,0.,
    2.094395102393,4.188790204786,6.28318530718,8.377580409573),
.UNSPECIFIED.) CURVE() GEOMETRIC_REPRESENTATION_ITEM() 
RATIONAL_B_SPLINE_CURVE((1.,0.5,1.,0.5,1.,0.5,1.)) REPRESENTATION_ITEM(
  '') );
#16377 = CARTESIAN_POINT('',(2.,-7.));
#16378 = CARTESIAN_POINT('',(0.267949192431,-7.));
#16379 = CARTESIAN_POINT('',(1.133974596216,-5.5));
#16380 = CARTESIAN_POINT('',(2.,-4.));
#16381 = CARTESIAN_POINT('',(2.866025403784,-5.5));
#16382 = CARTESIAN_POINT('',(3.732050807569,-7.));
#16383 = CARTESIAN_POINT('',(2.,-7.));
#16384 = ( GEOMETRIC_REPRESENTATION_CONTEXT(2) 
PARAMETRIC_REPRESENTATION_CONTEXT() REPRESENTATION_CONTEXT('2D SPACE',''
  ) );
#16385 = PCURVE('',#16386,#16391);
#16386 = CYLINDRICAL_SURFACE('',#16387,1.);
#16387 = AXIS2_PLACEMENT_3D('',#16388,#16389,#16390);
#16388 = CARTESIAN_POINT('',(3.330669073875E-17,0.3,52.1));
#16389 = DIRECTION('',(-1.110223024625E-16,-1.,-0.));
#16390 = DIRECTION('',(-1.,1.110223024625E-16,0.));
#16391 = DEFINITIONAL_REPRESENTATION('',(#16392),#16396);
#16392 = LINE('',#16393,#16394);
#16393 = CARTESIAN_POINT('',(-6.28318530718,-2.1));
#16394 = VECTOR('',#16395,1.);
#16395 = DIRECTION('',(1.,-0.));
#16396 = ( GEOMETRIC_REPRESENTATION_CONTEXT(2) 
PARAMETRIC_REPRESENTATION_CONTEXT() REPRESENTATION_CONTEXT('2D SPACE',''
  ) );
#16397 = ADVANCED_FACE('',(#16398),#15731,.F.);
#16398 = FACE_BOUND('',#16399,.F.);
#16399 = EDGE_LOOP('',(#16400,#16421,#16422,#16423));
#16400 = ORIENTED_EDGE('',*,*,#16401,.F.);
#16401 = EDGE_CURVE('',#15716,#16008,#16402,.T.);
#16402 = SURFACE_CURVE('',#16403,(#16407,#16414),.PCURVE_S1.);
#16403 = LINE('',#16404,#16405);
#16404 = CARTESIAN_POINT('',(6.,0.8,50.1));
#16405 = VECTOR('',#16406,1.);
#16406 = DIRECTION('',(-1.,1.110223024625E-16,0.));
#16407 = PCURVE('',#15731,#16408);
#16408 = DEFINITIONAL_REPRESENTATION('',(#16409),#16413);
#16409 = LINE('',#16410,#16411);
#16410 = CARTESIAN_POINT('',(0.,0.));
#16411 = VECTOR('',#16412,1.);
#16412 = DIRECTION('',(0.,1.));
#16413 = ( GEOMETRIC_REPRESENTATION_CONTEXT(2) 
PARAMETRIC_REPRESENTATION_CONTEXT() REPRESENTATION_CONTEXT('2D SPACE',''
  ) );
#16414 = PCURVE('',#15757,#16415);
#16415 = DEFINITIONAL_REPRESENTATION('',(#16416),#16420);
#16416 = LINE('',#16417,#16418);
#16417 = CARTESIAN_POINT('',(0.,0.));
#16418 = VECTOR('',#16419,1.);
#16419 = DIRECTION('',(0.,-1.));
#16420 = ( GEOMETRIC_REPRESENTATION_CONTEXT(2) 
PARAMETRIC_REPRESENTATION_CONTEXT() REPRESENTATION_CONTEXT('2D SPACE',''
  ) );
#16421 = ORIENTED_EDGE('',*,*,#15715,.T.);
#16422 = ORIENTED_EDGE('',*,*,#16340,.T.);
#16423 = ORIENTED_EDGE('',*,*,#16007,.F.);
#16424 = ADVANCED_FACE('',(#16425,#16431),#15757,.F.);
#16425 = FACE_BOUND('',#16426,.F.);
#16426 = EDGE_LOOP('',(#16427,#16428,#16429,#16430));
#16427 = ORIENTED_EDGE('',*,*,#15743,.F.);
#16428 = ORIENTED_EDGE('',*,*,#16401,.T.);
#16429 = ORIENTED_EDGE('',*,*,#16030,.T.);
#16430 = ORIENTED_EDGE('',*,*,#16057,.F.);
#16431 = FACE_BOUND('',#16432,.F.);
#16432 = EDGE_LOOP('',(#16433));
#16433 = ORIENTED_EDGE('',*,*,#16434,.T.);
#16434 = EDGE_CURVE('',#16435,#16435,#16437,.T.);
#16435 = VERTEX_POINT('',#16436);
#16436 = CARTESIAN_POINT('',(-1.,0.8,52.1));
#16437 = SURFACE_CURVE('',#16438,(#16443,#16454),.PCURVE_S1.);
#16438 = CIRCLE('',#16439,1.);
#16439 = AXIS2_PLACEMENT_3D('',#16440,#16441,#16442);
#16440 = CARTESIAN_POINT('',(8.881784197001E-17,0.8,52.1));
#16441 = DIRECTION('',(-1.110223024625E-16,-1.,-0.));
#16442 = DIRECTION('',(-1.,1.110223024625E-16,0.));
#16443 = PCURVE('',#15757,#16444);
#16444 = DEFINITIONAL_REPRESENTATION('',(#16445),#16453);
#16445 = ( BOUNDED_CURVE() B_SPLINE_CURVE(2,(#16446,#16447,#16448,#16449
    ,#16450,#16451,#16452),.UNSPECIFIED.,.T.,.F.) 
B_SPLINE_CURVE_WITH_KNOTS((1,2,2,2,2,1),(-2.094395102393,0.,
    2.094395102393,4.188790204786,6.28318530718,8.377580409573),
.UNSPECIFIED.) CURVE() GEOMETRIC_REPRESENTATION_ITEM() 
RATIONAL_B_SPLINE_CURVE((1.,0.5,1.,0.5,1.,0.5,1.)) REPRESENTATION_ITEM(
  '') );
#16446 = CARTESIAN_POINT('',(2.,-7.));
#16447 = CARTESIAN_POINT('',(0.267949192431,-7.));
#16448 = CARTESIAN_POINT('',(1.133974596216,-5.5));
#16449 = CARTESIAN_POINT('',(2.,-4.));
#16450 = CARTESIAN_POINT('',(2.866025403784,-5.5));
#16451 = CARTESIAN_POINT('',(3.732050807569,-7.));
#16452 = CARTESIAN_POINT('',(2.,-7.));
#16453 = ( GEOMETRIC_REPRESENTATION_CONTEXT(2) 
PARAMETRIC_REPRESENTATION_CONTEXT() REPRESENTATION_CONTEXT('2D SPACE',''
  ) );
#16454 = PCURVE('',#16386,#16455);
#16455 = DEFINITIONAL_REPRESENTATION('',(#16456),#16460);
#16456 = LINE('',#16457,#16458);
#16457 = CARTESIAN_POINT('',(-6.28318530718,-0.5));
#16458 = VECTOR('',#16459,1.);
#16459 = DIRECTION('',(1.,-0.));
#16460 = ( GEOMETRIC_REPRESENTATION_CONTEXT(2) 
PARAMETRIC_REPRESENTATION_CONTEXT() REPRESENTATION_CONTEXT('2D SPACE',''
  ) );
#16461 = ADVANCED_FACE('',(#16462),#16128,.F.);
#16462 = FACE_BOUND('',#16463,.T.);
#16463 = EDGE_LOOP('',(#16464,#16465,#16486,#16487));
#16464 = ORIENTED_EDGE('',*,*,#16107,.T.);
#16465 = ORIENTED_EDGE('',*,*,#16466,.T.);
#16466 = EDGE_CURVE('',#16108,#16197,#16467,.T.);
#16467 = SEAM_CURVE('',#16468,(#16472,#16479),.PCURVE_S1.);
#16468 = LINE('',#16469,#16470);
#16469 = CARTESIAN_POINT('',(-1.,0.3,79.9));
#16470 = VECTOR('',#16471,1.);
#16471 = DIRECTION('',(1.110223024625E-16,1.,0.));
#16472 = PCURVE('',#16128,#16473);
#16473 = DEFINITIONAL_REPRESENTATION('',(#16474),#16478);
#16474 = LINE('',#16475,#16476);
#16475 = CARTESIAN_POINT('',(-6.28318530718,0.));
#16476 = VECTOR('',#16477,1.);
#16477 = DIRECTION('',(-0.,-1.));
#16478 = ( GEOMETRIC_REPRESENTATION_CONTEXT(2) 
PARAMETRIC_REPRESENTATION_CONTEXT() REPRESENTATION_CONTEXT('2D SPACE',''
  ) );
#16479 = PCURVE('',#16128,#16480);
#16480 = DEFINITIONAL_REPRESENTATION('',(#16481),#16485);
#16481 = LINE('',#16482,#16483);
#16482 = CARTESIAN_POINT('',(-0.,0.));
#16483 = VECTOR('',#16484,1.);
#16484 = DIRECTION('',(-0.,-1.));
#16485 = ( GEOMETRIC_REPRESENTATION_CONTEXT(2) 
PARAMETRIC_REPRESENTATION_CONTEXT() REPRESENTATION_CONTEXT('2D SPACE',''
  ) );
#16486 = ORIENTED_EDGE('',*,*,#16196,.F.);
#16487 = ORIENTED_EDGE('',*,*,#16466,.F.);
#16488 = ADVANCED_FACE('',(#16489),#16297,.T.);
#16489 = FACE_BOUND('',#16490,.F.);
#16490 = EDGE_LOOP('',(#16491,#16514,#16541,#16542));
#16491 = ORIENTED_EDGE('',*,*,#16492,.T.);
#16492 = EDGE_CURVE('',#16281,#16493,#16495,.T.);
#16493 = VERTEX_POINT('',#16494);
#16494 = CARTESIAN_POINT('',(-5.5,10.4,72.));
#16495 = SEAM_CURVE('',#16496,(#16500,#16507),.PCURVE_S1.);
#16496 = LINE('',#16497,#16498);
#16497 = CARTESIAN_POINT('',(-5.5,6.,72.));
#16498 = VECTOR('',#16499,1.);
#16499 = DIRECTION('',(1.110223024625E-16,1.,0.));
#16500 = PCURVE('',#16297,#16501);
#16501 = DEFINITIONAL_REPRESENTATION('',(#16502),#16506);
#16502 = LINE('',#16503,#16504);
#16503 = CARTESIAN_POINT('',(-0.,0.));
#16504 = VECTOR('',#16505,1.);
#16505 = DIRECTION('',(-0.,-1.));
#16506 = ( GEOMETRIC_REPRESENTATION_CONTEXT(2) 
PARAMETRIC_REPRESENTATION_CONTEXT() REPRESENTATION_CONTEXT('2D SPACE',''
  ) );
#16507 = PCURVE('',#16297,#16508);
#16508 = DEFINITIONAL_REPRESENTATION('',(#16509),#16513);
#16509 = LINE('',#16510,#16511);
#16510 = CARTESIAN_POINT('',(-6.28318530718,0.));
#16511 = VECTOR('',#16512,1.);
#16512 = DIRECTION('',(-0.,-1.));
#16513 = ( GEOMETRIC_REPRESENTATION_CONTEXT(2) 
PARAMETRIC_REPRESENTATION_CONTEXT() REPRESENTATION_CONTEXT('2D SPACE',''
  ) );
#16514 = ORIENTED_EDGE('',*,*,#16515,.T.);
#16515 = EDGE_CURVE('',#16493,#16493,#16516,.T.);
#16516 = SURFACE_CURVE('',#16517,(#16522,#16529),.PCURVE_S1.);
#16517 = CIRCLE('',#16518,5.5);
#16518 = AXIS2_PLACEMENT_3D('',#16519,#16520,#16521);
#16519 = CARTESIAN_POINT('',(1.15463194561E-15,10.4,72.));
#16520 = DIRECTION('',(1.110223024625E-16,1.,-0.));
#16521 = DIRECTION('',(-1.,1.110223024625E-16,0.));
#16522 = PCURVE('',#16297,#16523);
#16523 = DEFINITIONAL_REPRESENTATION('',(#16524),#16528);
#16524 = LINE('',#16525,#16526);
#16525 = CARTESIAN_POINT('',(-0.,-4.4));
#16526 = VECTOR('',#16527,1.);
#16527 = DIRECTION('',(-1.,0.));
#16528 = ( GEOMETRIC_REPRESENTATION_CONTEXT(2) 
PARAMETRIC_REPRESENTATION_CONTEXT() REPRESENTATION_CONTEXT('2D SPACE',''
  ) );
#16529 = PCURVE('',#16530,#16535);
#16530 = PLANE('',#16531);
#16531 = AXIS2_PLACEMENT_3D('',#16532,#16533,#16534);
#16532 = CARTESIAN_POINT('',(1.651882902897E-15,10.4,72.));
#16533 = DIRECTION('',(1.110223024625E-16,1.,0.));
#16534 = DIRECTION('',(0.,0.,1.));
#16535 = DEFINITIONAL_REPRESENTATION('',(#16536),#16540);
#16536 = CIRCLE('',#16537,5.5);
#16537 = AXIS2_PLACEMENT_2D('',#16538,#16539);
#16538 = CARTESIAN_POINT('',(0.,-4.972509572871E-16));
#16539 = DIRECTION('',(0.,-1.));
#16540 = ( GEOMETRIC_REPRESENTATION_CONTEXT(2) 
PARAMETRIC_REPRESENTATION_CONTEXT() REPRESENTATION_CONTEXT('2D SPACE',''
  ) );
#16541 = ORIENTED_EDGE('',*,*,#16492,.F.);
#16542 = ORIENTED_EDGE('',*,*,#16280,.F.);
#16543 = ADVANCED_FACE('',(#16544),#16386,.F.);
#16544 = FACE_BOUND('',#16545,.T.);
#16545 = EDGE_LOOP('',(#16546,#16547,#16568,#16569));
#16546 = ORIENTED_EDGE('',*,*,#16434,.T.);
#16547 = ORIENTED_EDGE('',*,*,#16548,.T.);
#16548 = EDGE_CURVE('',#16435,#16366,#16549,.T.);
#16549 = SEAM_CURVE('',#16550,(#16554,#16561),.PCURVE_S1.);
#16550 = LINE('',#16551,#16552);
#16551 = CARTESIAN_POINT('',(-1.,0.3,52.1));
#16552 = VECTOR('',#16553,1.);
#16553 = DIRECTION('',(1.110223024625E-16,1.,0.));
#16554 = PCURVE('',#16386,#16555);
#16555 = DEFINITIONAL_REPRESENTATION('',(#16556),#16560);
#16556 = LINE('',#16557,#16558);
#16557 = CARTESIAN_POINT('',(-6.28318530718,0.));
#16558 = VECTOR('',#16559,1.);
#16559 = DIRECTION('',(-0.,-1.));
#16560 = ( GEOMETRIC_REPRESENTATION_CONTEXT(2) 
PARAMETRIC_REPRESENTATION_CONTEXT() REPRESENTATION_CONTEXT('2D SPACE',''
  ) );
#16561 = PCURVE('',#16386,#16562);
#16562 = DEFINITIONAL_REPRESENTATION('',(#16563),#16567);
#16563 = LINE('',#16564,#16565);
#16564 = CARTESIAN_POINT('',(-0.,0.));
#16565 = VECTOR('',#16566,1.);
#16566 = DIRECTION('',(-0.,-1.));
#16567 = ( GEOMETRIC_REPRESENTATION_CONTEXT(2) 
PARAMETRIC_REPRESENTATION_CONTEXT() REPRESENTATION_CONTEXT('2D SPACE',''
  ) );
#16568 = ORIENTED_EDGE('',*,*,#16365,.F.);
#16569 = ORIENTED_EDGE('',*,*,#16548,.F.);
#16570 = ADVANCED_FACE('',(#16571,#16574),#16530,.T.);
#16571 = FACE_BOUND('',#16572,.T.);
#16572 = EDGE_LOOP('',(#16573));
#16573 = ORIENTED_EDGE('',*,*,#16515,.T.);
#16574 = FACE_BOUND('',#16575,.T.);
#16575 = EDGE_LOOP('',(#16576));
#16576 = ORIENTED_EDGE('',*,*,#16577,.F.);
#16577 = EDGE_CURVE('',#16578,#16578,#16580,.T.);
#16578 = VERTEX_POINT('',#16579);
#16579 = CARTESIAN_POINT('',(-2.5,10.4,72.));
#16580 = SURFACE_CURVE('',#16581,(#16586,#16593),.PCURVE_S1.);
#16581 = CIRCLE('',#16582,2.5);
#16582 = AXIS2_PLACEMENT_3D('',#16583,#16584,#16585);
#16583 = CARTESIAN_POINT('',(1.15463194561E-15,10.4,72.));
#16584 = DIRECTION('',(1.110223024625E-16,1.,-0.));
#16585 = DIRECTION('',(-1.,1.110223024625E-16,0.));
#16586 = PCURVE('',#16530,#16587);
#16587 = DEFINITIONAL_REPRESENTATION('',(#16588),#16592);
#16588 = CIRCLE('',#16589,2.5);
#16589 = AXIS2_PLACEMENT_2D('',#16590,#16591);
#16590 = CARTESIAN_POINT('',(0.,-4.972509572871E-16));
#16591 = DIRECTION('',(0.,-1.));
#16592 = ( GEOMETRIC_REPRESENTATION_CONTEXT(2) 
PARAMETRIC_REPRESENTATION_CONTEXT() REPRESENTATION_CONTEXT('2D SPACE',''
  ) );
#16593 = PCURVE('',#16594,#16599);
#16594 = CYLINDRICAL_SURFACE('',#16595,2.5);
#16595 = AXIS2_PLACEMENT_3D('',#16596,#16597,#16598);
#16596 = CARTESIAN_POINT('',(1.15463194561E-15,10.4,72.));
#16597 = DIRECTION('',(-1.110223024625E-16,-1.,-0.));
#16598 = DIRECTION('',(-1.,1.110223024625E-16,0.));
#16599 = DEFINITIONAL_REPRESENTATION('',(#16600),#16604);
#16600 = LINE('',#16601,#16602);
#16601 = CARTESIAN_POINT('',(-0.,0.));
#16602 = VECTOR('',#16603,1.);
#16603 = DIRECTION('',(-1.,0.));
#16604 = ( GEOMETRIC_REPRESENTATION_CONTEXT(2) 
PARAMETRIC_REPRESENTATION_CONTEXT() REPRESENTATION_CONTEXT('2D SPACE',''
  ) );
#16605 = ADVANCED_FACE('',(#16606),#16594,.T.);
#16606 = FACE_BOUND('',#16607,.F.);
#16607 = EDGE_LOOP('',(#16608,#16631,#16658,#16659));
#16608 = ORIENTED_EDGE('',*,*,#16609,.T.);
#16609 = EDGE_CURVE('',#16578,#16610,#16612,.T.);
#16610 = VERTEX_POINT('',#16611);
#16611 = CARTESIAN_POINT('',(-2.5,14.1,72.));
#16612 = SEAM_CURVE('',#16613,(#16617,#16624),.PCURVE_S1.);
#16613 = LINE('',#16614,#16615);
#16614 = CARTESIAN_POINT('',(-2.5,10.4,72.));
#16615 = VECTOR('',#16616,1.);
#16616 = DIRECTION('',(1.110223024625E-16,1.,0.));
#16617 = PCURVE('',#16594,#16618);
#16618 = DEFINITIONAL_REPRESENTATION('',(#16619),#16623);
#16619 = LINE('',#16620,#16621);
#16620 = CARTESIAN_POINT('',(-0.,0.));
#16621 = VECTOR('',#16622,1.);
#16622 = DIRECTION('',(-0.,-1.));
#16623 = ( GEOMETRIC_REPRESENTATION_CONTEXT(2) 
PARAMETRIC_REPRESENTATION_CONTEXT() REPRESENTATION_CONTEXT('2D SPACE',''
  ) );
#16624 = PCURVE('',#16594,#16625);
#16625 = DEFINITIONAL_REPRESENTATION('',(#16626),#16630);
#16626 = LINE('',#16627,#16628);
#16627 = CARTESIAN_POINT('',(-6.28318530718,0.));
#16628 = VECTOR('',#16629,1.);
#16629 = DIRECTION('',(-0.,-1.));
#16630 = ( GEOMETRIC_REPRESENTATION_CONTEXT(2) 
PARAMETRIC_REPRESENTATION_CONTEXT() REPRESENTATION_CONTEXT('2D SPACE',''
  ) );
#16631 = ORIENTED_EDGE('',*,*,#16632,.T.);
#16632 = EDGE_CURVE('',#16610,#16610,#16633,.T.);
#16633 = SURFACE_CURVE('',#16634,(#16639,#16646),.PCURVE_S1.);
#16634 = CIRCLE('',#16635,2.5);
#16635 = AXIS2_PLACEMENT_3D('',#16636,#16637,#16638);
#16636 = CARTESIAN_POINT('',(1.565414464721E-15,14.1,72.));
#16637 = DIRECTION('',(1.110223024625E-16,1.,-0.));
#16638 = DIRECTION('',(-1.,1.110223024625E-16,0.));
#16639 = PCURVE('',#16594,#16640);
#16640 = DEFINITIONAL_REPRESENTATION('',(#16641),#16645);
#16641 = LINE('',#16642,#16643);
#16642 = CARTESIAN_POINT('',(-0.,-3.7));
#16643 = VECTOR('',#16644,1.);
#16644 = DIRECTION('',(-1.,0.));
#16645 = ( GEOMETRIC_REPRESENTATION_CONTEXT(2) 
PARAMETRIC_REPRESENTATION_CONTEXT() REPRESENTATION_CONTEXT('2D SPACE',''
  ) );
#16646 = PCURVE('',#16647,#16652);
#16647 = PLANE('',#16648);
#16648 = AXIS2_PLACEMENT_3D('',#16649,#16650,#16651);
#16649 = CARTESIAN_POINT('',(1.702158477975E-15,14.1,72.));
#16650 = DIRECTION('',(1.110223024625E-16,1.,0.));
#16651 = DIRECTION('',(0.,0.,1.));
#16652 = DEFINITIONAL_REPRESENTATION('',(#16653),#16657);
#16653 = CIRCLE('',#16654,2.5);
#16654 = AXIS2_PLACEMENT_2D('',#16655,#16656);
#16655 = CARTESIAN_POINT('',(0.,-1.367440132539E-16));
#16656 = DIRECTION('',(0.,-1.));
#16657 = ( GEOMETRIC_REPRESENTATION_CONTEXT(2) 
PARAMETRIC_REPRESENTATION_CONTEXT() REPRESENTATION_CONTEXT('2D SPACE',''
  ) );
#16658 = ORIENTED_EDGE('',*,*,#16609,.F.);
#16659 = ORIENTED_EDGE('',*,*,#16577,.F.);
#16660 = ADVANCED_FACE('',(#16661),#16647,.T.);
#16661 = FACE_BOUND('',#16662,.T.);
#16662 = EDGE_LOOP('',(#16663));
#16663 = ORIENTED_EDGE('',*,*,#16632,.T.);
#16664 = ( GEOMETRIC_REPRESENTATION_CONTEXT(3) 
GLOBAL_UNCERTAINTY_ASSIGNED_CONTEXT((#16668)) 
GLOBAL_UNIT_ASSIGNED_CONTEXT((#16665,#16666,#16667)) 
REPRESENTATION_CONTEXT('Context #1',
  '3D Context with UNIT and UNCERTAINTY') );
#16665 = ( LENGTH_UNIT() NAMED_UNIT(*) SI_UNIT(.MILLI.,.METRE.) );
#16666 = ( NAMED_UNIT(*) PLANE_ANGLE_UNIT() SI_UNIT($,.RADIAN.) );
#16667 = ( NAMED_UNIT(*) SI_UNIT($,.STERADIAN.) SOLID_ANGLE_UNIT() );
#16668 = UNCERTAINTY_MEASURE_WITH_UNIT(LENGTH_MEASURE(1.E-07),#16665,
  'distance_accuracy_value','confusion accuracy');
#16669 = CONTEXT_DEPENDENT_SHAPE_REPRESENTATION(#16670,#16672);
#16670 = ( REPRESENTATION_RELATIONSHIP('','',#15345,#10) 
REPRESENTATION_RELATIONSHIP_WITH_TRANSFORMATION(#16671) 
SHAPE_REPRESENTATION_RELATIONSHIP() );
#16671 = ITEM_DEFINED_TRANSFORMATION('','',#11,#35);
#16672 = PRODUCT_DEFINITION_SHAPE('Placement','Placement of an item',
  #16673);
#16673 = NEXT_ASSEMBLY_USAGE_OCCURRENCE('6','servo_2_envelope','',#5,
  #15340,$);
#16674 = PRODUCT_RELATED_PRODUCT_CATEGORY('part',$,(#15342));
#16675 = SHAPE_DEFINITION_REPRESENTATION(#16676,#16682);
#16676 = PRODUCT_DEFINITION_SHAPE('','',#16677);
#16677 = PRODUCT_DEFINITION('design','',#16678,#16681);
#16678 = PRODUCT_DEFINITION_FORMATION('','',#16679);
#16679 = PRODUCT('horn_1_envelope','horn_1_envelope','',(#16680));
#16680 = PRODUCT_CONTEXT('',#2,'mechanical');
#16681 = PRODUCT_DEFINITION_CONTEXT('part definition',#2,'design');
#16682 = ADVANCED_BREP_SHAPE_REPRESENTATION('',(#11,#16683),#17425);
#16683 = MANIFOLD_SOLID_BREP('',#16684);
#16684 = CLOSED_SHELL('',(#16685,#16811,#17035,#17084,#17256,#17283,
    #17310,#17337,#17364,#17391,#17398));
#16685 = ADVANCED_FACE('',(#16686),#16701,.T.);
#16686 = FACE_BOUND('',#16687,.F.);
#16687 = EDGE_LOOP('',(#16688,#16724,#16752,#16785));
#16688 = ORIENTED_EDGE('',*,*,#16689,.F.);
#16689 = EDGE_CURVE('',#16690,#16692,#16694,.T.);
#16690 = VERTEX_POINT('',#16691);
#16691 = CARTESIAN_POINT('',(14.2,2.5,23.258342613226));
#16692 = VERTEX_POINT('',#16693);
#16693 = CARTESIAN_POINT('',(14.2,2.5,30.741657386774));
#16694 = SURFACE_CURVE('',#16695,(#16700,#16712),.PCURVE_S1.);
#16695 = CIRCLE('',#16696,4.5);
#16696 = AXIS2_PLACEMENT_3D('',#16697,#16698,#16699);
#16697 = CARTESIAN_POINT('',(14.2,0.,27.));
#16698 = DIRECTION('',(1.,0.,0.));
#16699 = DIRECTION('',(0.,0.555555555556,-0.831479419283));
#16700 = PCURVE('',#16701,#16706);
#16701 = CYLINDRICAL_SURFACE('',#16702,4.5);
#16702 = AXIS2_PLACEMENT_3D('',#16703,#16704,#16705);
#16703 = CARTESIAN_POINT('',(14.2,0.,27.));
#16704 = DIRECTION('',(-1.,-0.,-0.));
#16705 = DIRECTION('',(0.,1.,0.));
#16706 = DEFINITIONAL_REPRESENTATION('',(#16707),#16711);
#16707 = LINE('',#16708,#16709);
#16708 = CARTESIAN_POINT('',(-5.301419950601,0.));
#16709 = VECTOR('',#16710,1.);
#16710 = DIRECTION('',(-1.,0.));
#16711 = ( GEOMETRIC_REPRESENTATION_CONTEXT(2) 
PARAMETRIC_REPRESENTATION_CONTEXT() REPRESENTATION_CONTEXT('2D SPACE',''
  ) );
#16712 = PCURVE('',#16713,#16718);
#16713 = PLANE('',#16714);
#16714 = AXIS2_PLACEMENT_3D('',#16715,#16716,#16717);
#16715 = CARTESIAN_POINT('',(14.2,-1.519377925044E-16,27.));
#16716 = DIRECTION('',(1.,0.,0.));
#16717 = DIRECTION('',(-0.,0.,1.));
#16718 = DEFINITIONAL_REPRESENTATION('',(#16719),#16723);
#16719 = CIRCLE('',#16720,4.5);
#16720 = AXIS2_PLACEMENT_2D('',#16721,#16722);
#16721 = CARTESIAN_POINT('',(0.,-1.519377925044E-16));
#16722 = DIRECTION('',(-0.831479419283,-0.555555555556));
#16723 = ( GEOMETRIC_REPRESENTATION_CONTEXT(2) 
PARAMETRIC_REPRESENTATION_CONTEXT() REPRESENTATION_CONTEXT('2D SPACE',''
  ) );
#16724 = ORIENTED_EDGE('',*,*,#16725,.F.);
#16725 = EDGE_CURVE('',#16726,#16690,#16728,.T.);
#16726 = VERTEX_POINT('',#16727);
#16727 = CARTESIAN_POINT('',(16.5,2.5,23.258342613226));
#16728 = SURFACE_CURVE('',#16729,(#16733,#16740),.PCURVE_S1.);
#16729 = LINE('',#16730,#16731);
#16730 = CARTESIAN_POINT('',(14.2,2.5,23.258342613226));
#16731 = VECTOR('',#16732,1.);
#16732 = DIRECTION('',(-1.,-0.,-0.));
#16733 = PCURVE('',#16701,#16734);
#16734 = DEFINITIONAL_REPRESENTATION('',(#16735),#16739);
#16735 = LINE('',#16736,#16737);
#16736 = CARTESIAN_POINT('',(-5.301419950601,0.));
#16737 = VECTOR('',#16738,1.);
#16738 = DIRECTION('',(-0.,1.));
#16739 = ( GEOMETRIC_REPRESENTATION_CONTEXT(2) 
PARAMETRIC_REPRESENTATION_CONTEXT() REPRESENTATION_CONTEXT('2D SPACE',''
  ) );
#16740 = PCURVE('',#16741,#16746);
#16741 = PLANE('',#16742);
#16742 = AXIS2_PLACEMENT_3D('',#16743,#16744,#16745);
#16743 = CARTESIAN_POINT('',(14.2,2.5,16.5));
#16744 = DIRECTION('',(0.,1.,0.));
#16745 = DIRECTION('',(0.,0.,1.));
#16746 = DEFINITIONAL_REPRESENTATION('',(#16747),#16751);
#16747 = LINE('',#16748,#16749);
#16748 = CARTESIAN_POINT('',(6.758342613226,0.));
#16749 = VECTOR('',#16750,1.);
#16750 = DIRECTION('',(0.,-1.));
#16751 = ( GEOMETRIC_REPRESENTATION_CONTEXT(2) 
PARAMETRIC_REPRESENTATION_CONTEXT() REPRESENTATION_CONTEXT('2D SPACE',''
  ) );
#16752 = ORIENTED_EDGE('',*,*,#16753,.F.);
#16753 = EDGE_CURVE('',#16754,#16726,#16756,.T.);
#16754 = VERTEX_POINT('',#16755);
#16755 = CARTESIAN_POINT('',(16.5,2.5,30.741657386774));
#16756 = SURFACE_CURVE('',#16757,(#16762,#16769),.PCURVE_S1.);
#16757 = CIRCLE('',#16758,4.5);
#16758 = AXIS2_PLACEMENT_3D('',#16759,#16760,#16761);
#16759 = CARTESIAN_POINT('',(16.5,0.,27.));
#16760 = DIRECTION('',(-1.,0.,0.));
#16761 = DIRECTION('',(0.,0.555555555556,0.831479419283));
#16762 = PCURVE('',#16701,#16763);
#16763 = DEFINITIONAL_REPRESENTATION('',(#16764),#16768);
#16764 = LINE('',#16765,#16766);
#16765 = CARTESIAN_POINT('',(-7.264950663758,-2.3));
#16766 = VECTOR('',#16767,1.);
#16767 = DIRECTION('',(1.,-0.));
#16768 = ( GEOMETRIC_REPRESENTATION_CONTEXT(2) 
PARAMETRIC_REPRESENTATION_CONTEXT() REPRESENTATION_CONTEXT('2D SPACE',''
  ) );
#16769 = PCURVE('',#16770,#16775);
#16770 = PLANE('',#16771);
#16771 = AXIS2_PLACEMENT_3D('',#16772,#16773,#16774);
#16772 = CARTESIAN_POINT('',(16.5,-1.519377925044E-16,27.));
#16773 = DIRECTION('',(1.,0.,0.));
#16774 = DIRECTION('',(-0.,0.,1.));
#16775 = DEFINITIONAL_REPRESENTATION('',(#16776),#16784);
#16776 = ( BOUNDED_CURVE() B_SPLINE_CURVE(2,(#16777,#16778,#16779,#16780
    ,#16781,#16782,#16783),.UNSPECIFIED.,.T.,.F.) 
B_SPLINE_CURVE_WITH_KNOTS((1,2,2,2,2,1),(-2.094395102393,0.,
    2.094395102393,4.188790204786,6.28318530718,8.377580409573),
.UNSPECIFIED.) CURVE() GEOMETRIC_REPRESENTATION_ITEM() 
RATIONAL_B_SPLINE_CURVE((1.,0.5,1.,0.5,1.,0.5,1.)) REPRESENTATION_ITEM(
  '') );
#16777 = CARTESIAN_POINT('',(3.741657386774,-2.5));
#16778 = CARTESIAN_POINT('',(-0.588469632148,-8.980740698408));
#16779 = CARTESIAN_POINT('',(-4.035892202848,-1.990370349204));
#16780 = CARTESIAN_POINT('',(-7.483314773548,5.));
#16781 = CARTESIAN_POINT('',(0.294234816074,4.490370349204));
#16782 = CARTESIAN_POINT('',(8.071784405696,3.980740698408));
#16783 = CARTESIAN_POINT('',(3.741657386774,-2.5));
#16784 = ( GEOMETRIC_REPRESENTATION_CONTEXT(2) 
PARAMETRIC_REPRESENTATION_CONTEXT() REPRESENTATION_CONTEXT('2D SPACE',''
  ) );
#16785 = ORIENTED_EDGE('',*,*,#16786,.T.);
#16786 = EDGE_CURVE('',#16754,#16692,#16787,.T.);
#16787 = SURFACE_CURVE('',#16788,(#16792,#16799),.PCURVE_S1.);
#16788 = LINE('',#16789,#16790);
#16789 = CARTESIAN_POINT('',(14.2,2.5,30.741657386774));
#16790 = VECTOR('',#16791,1.);
#16791 = DIRECTION('',(-1.,-0.,-0.));
#16792 = PCURVE('',#16701,#16793);
#16793 = DEFINITIONAL_REPRESENTATION('',(#16794),#16798);
#16794 = LINE('',#16795,#16796);
#16795 = CARTESIAN_POINT('',(-7.264950663758,0.));
#16796 = VECTOR('',#16797,1.);
#16797 = DIRECTION('',(-0.,1.));
#16798 = ( GEOMETRIC_REPRESENTATION_CONTEXT(2) 
PARAMETRIC_REPRESENTATION_CONTEXT() REPRESENTATION_CONTEXT('2D SPACE',''
  ) );
#16799 = PCURVE('',#16800,#16805);
#16800 = PLANE('',#16801);
#16801 = AXIS2_PLACEMENT_3D('',#16802,#16803,#16804);
#16802 = CARTESIAN_POINT('',(14.2,2.5,16.5));
#16803 = DIRECTION('',(0.,1.,0.));
#16804 = DIRECTION('',(0.,0.,1.));
#16805 = DEFINITIONAL_REPRESENTATION('',(#16806),#16810);
#16806 = LINE('',#16807,#16808);
#16807 = CARTESIAN_POINT('',(14.241657386774,0.));
#16808 = VECTOR('',#16809,1.);
#16809 = DIRECTION('',(0.,-1.));
#16810 = ( GEOMETRIC_REPRESENTATION_CONTEXT(2) 
PARAMETRIC_REPRESENTATION_CONTEXT() REPRESENTATION_CONTEXT('2D SPACE',''
  ) );
#16811 = ADVANCED_FACE('',(#16812,#17000),#16713,.F.);
#16812 = FACE_BOUND('',#16813,.F.);
#16813 = EDGE_LOOP('',(#16814,#16815,#16838,#16866,#16894,#16923,#16951,
    #16979));
#16814 = ORIENTED_EDGE('',*,*,#16689,.T.);
#16815 = ORIENTED_EDGE('',*,*,#16816,.T.);
#16816 = EDGE_CURVE('',#16692,#16817,#16819,.T.);
#16817 = VERTEX_POINT('',#16818);
#16818 = CARTESIAN_POINT('',(14.2,2.5,37.5));
#16819 = SURFACE_CURVE('',#16820,(#16824,#16831),.PCURVE_S1.);
#16820 = LINE('',#16821,#16822);
#16821 = CARTESIAN_POINT('',(14.2,2.5,16.5));
#16822 = VECTOR('',#16823,1.);
#16823 = DIRECTION('',(0.,0.,1.));
#16824 = PCURVE('',#16713,#16825);
#16825 = DEFINITIONAL_REPRESENTATION('',(#16826),#16830);
#16826 = LINE('',#16827,#16828);
#16827 = CARTESIAN_POINT('',(-10.5,-2.5));
#16828 = VECTOR('',#16829,1.);
#16829 = DIRECTION('',(1.,0.));
#16830 = ( GEOMETRIC_REPRESENTATION_CONTEXT(2) 
PARAMETRIC_REPRESENTATION_CONTEXT() REPRESENTATION_CONTEXT('2D SPACE',''
  ) );
#16831 = PCURVE('',#16800,#16832);
#16832 = DEFINITIONAL_REPRESENTATION('',(#16833),#16837);
#16833 = LINE('',#16834,#16835);
#16834 = CARTESIAN_POINT('',(0.,0.));
#16835 = VECTOR('',#16836,1.);
#16836 = DIRECTION('',(1.,0.));
#16837 = ( GEOMETRIC_REPRESENTATION_CONTEXT(2) 
PARAMETRIC_REPRESENTATION_CONTEXT() REPRESENTATION_CONTEXT('2D SPACE',''
  ) );
#16838 = ORIENTED_EDGE('',*,*,#16839,.F.);
#16839 = EDGE_CURVE('',#16840,#16817,#16842,.T.);
#16840 = VERTEX_POINT('',#16841);
#16841 = CARTESIAN_POINT('',(14.2,-2.5,37.5));
#16842 = SURFACE_CURVE('',#16843,(#16847,#16854),.PCURVE_S1.);
#16843 = LINE('',#16844,#16845);
#16844 = CARTESIAN_POINT('',(14.2,-2.5,37.5));
#16845 = VECTOR('',#16846,1.);
#16846 = DIRECTION('',(0.,1.,0.));
#16847 = PCURVE('',#16713,#16848);
#16848 = DEFINITIONAL_REPRESENTATION('',(#16849),#16853);
#16849 = LINE('',#16850,#16851);
#16850 = CARTESIAN_POINT('',(10.5,2.5));
#16851 = VECTOR('',#16852,1.);
#16852 = DIRECTION('',(0.,-1.));
#16853 = ( GEOMETRIC_REPRESENTATION_CONTEXT(2) 
PARAMETRIC_REPRESENTATION_CONTEXT() REPRESENTATION_CONTEXT('2D SPACE',''
  ) );
#16854 = PCURVE('',#16855,#16860);
#16855 = PLANE('',#16856);
#16856 = AXIS2_PLACEMENT_3D('',#16857,#16858,#16859);
#16857 = CARTESIAN_POINT('',(14.2,-2.5,37.5));
#16858 = DIRECTION('',(0.,0.,1.));
#16859 = DIRECTION('',(1.,0.,0.));
#16860 = DEFINITIONAL_REPRESENTATION('',(#16861),#16865);
#16861 = LINE('',#16862,#16863);
#16862 = CARTESIAN_POINT('',(0.,0.));
#16863 = VECTOR('',#16864,1.);
#16864 = DIRECTION('',(0.,1.));
#16865 = ( GEOMETRIC_REPRESENTATION_CONTEXT(2) 
PARAMETRIC_REPRESENTATION_CONTEXT() REPRESENTATION_CONTEXT('2D SPACE',''
  ) );
#16866 = ORIENTED_EDGE('',*,*,#16867,.F.);
#16867 = EDGE_CURVE('',#16868,#16840,#16870,.T.);
#16868 = VERTEX_POINT('',#16869);
#16869 = CARTESIAN_POINT('',(14.2,-2.5,30.741657386774));
#16870 = SURFACE_CURVE('',#16871,(#16875,#16882),.PCURVE_S1.);
#16871 = LINE('',#16872,#16873);
#16872 = CARTESIAN_POINT('',(14.2,-2.5,16.5));
#16873 = VECTOR('',#16874,1.);
#16874 = DIRECTION('',(0.,0.,1.));
#16875 = PCURVE('',#16713,#16876);
#16876 = DEFINITIONAL_REPRESENTATION('',(#16877),#16881);
#16877 = LINE('',#16878,#16879);
#16878 = CARTESIAN_POINT('',(-10.5,2.5));
#16879 = VECTOR('',#16880,1.);
#16880 = DIRECTION('',(1.,0.));
#16881 = ( GEOMETRIC_REPRESENTATION_CONTEXT(2) 
PARAMETRIC_REPRESENTATION_CONTEXT() REPRESENTATION_CONTEXT('2D SPACE',''
  ) );
#16882 = PCURVE('',#16883,#16888);
#16883 = PLANE('',#16884);
#16884 = AXIS2_PLACEMENT_3D('',#16885,#16886,#16887);
#16885 = CARTESIAN_POINT('',(14.2,-2.5,16.5));
#16886 = DIRECTION('',(0.,1.,0.));
#16887 = DIRECTION('',(0.,0.,1.));
#16888 = DEFINITIONAL_REPRESENTATION('',(#16889),#16893);
#16889 = LINE('',#16890,#16891);
#16890 = CARTESIAN_POINT('',(0.,0.));
#16891 = VECTOR('',#16892,1.);
#16892 = DIRECTION('',(1.,0.));
#16893 = ( GEOMETRIC_REPRESENTATION_CONTEXT(2) 
PARAMETRIC_REPRESENTATION_CONTEXT() REPRESENTATION_CONTEXT('2D SPACE',''
  ) );
#16894 = ORIENTED_EDGE('',*,*,#16895,.T.);
#16895 = EDGE_CURVE('',#16868,#16896,#16898,.T.);
#16896 = VERTEX_POINT('',#16897);
#16897 = CARTESIAN_POINT('',(14.2,-2.5,23.258342613226));
#16898 = SURFACE_CURVE('',#16899,(#16904,#16911),.PCURVE_S1.);
#16899 = CIRCLE('',#16900,4.5);
#16900 = AXIS2_PLACEMENT_3D('',#16901,#16902,#16903);
#16901 = CARTESIAN_POINT('',(14.2,0.,27.));
#16902 = DIRECTION('',(1.,0.,0.));
#16903 = DIRECTION('',(0.,1.,0.));
#16904 = PCURVE('',#16713,#16905);
#16905 = DEFINITIONAL_REPRESENTATION('',(#16906),#16910);
#16906 = CIRCLE('',#16907,4.5);
#16907 = AXIS2_PLACEMENT_2D('',#16908,#16909);
#16908 = CARTESIAN_POINT('',(0.,-1.519377925044E-16));
#16909 = DIRECTION('',(0.,-1.));
#16910 = ( GEOMETRIC_REPRESENTATION_CONTEXT(2) 
PARAMETRIC_REPRESENTATION_CONTEXT() REPRESENTATION_CONTEXT('2D SPACE',''
  ) );
#16911 = PCURVE('',#16912,#16917);
#16912 = CYLINDRICAL_SURFACE('',#16913,4.5);
#16913 = AXIS2_PLACEMENT_3D('',#16914,#16915,#16916);
#16914 = CARTESIAN_POINT('',(14.2,0.,27.));
#16915 = DIRECTION('',(-1.,-0.,-0.));
#16916 = DIRECTION('',(0.,1.,0.));
#16917 = DEFINITIONAL_REPRESENTATION('',(#16918),#16922);
#16918 = LINE('',#16919,#16920);
#16919 = CARTESIAN_POINT('',(-0.,0.));
#16920 = VECTOR('',#16921,1.);
#16921 = DIRECTION('',(-1.,0.));
#16922 = ( GEOMETRIC_REPRESENTATION_CONTEXT(2) 
PARAMETRIC_REPRESENTATION_CONTEXT() REPRESENTATION_CONTEXT('2D SPACE',''
  ) );
#16923 = ORIENTED_EDGE('',*,*,#16924,.F.);
#16924 = EDGE_CURVE('',#16925,#16896,#16927,.T.);
#16925 = VERTEX_POINT('',#16926);
#16926 = CARTESIAN_POINT('',(14.2,-2.5,16.5));
#16927 = SURFACE_CURVE('',#16928,(#16932,#16939),.PCURVE_S1.);
#16928 = LINE('',#16929,#16930);
#16929 = CARTESIAN_POINT('',(14.2,-2.5,16.5));
#16930 = VECTOR('',#16931,1.);
#16931 = DIRECTION('',(0.,0.,1.));
#16932 = PCURVE('',#16713,#16933);
#16933 = DEFINITIONAL_REPRESENTATION('',(#16934),#16938);
#16934 = LINE('',#16935,#16936);
#16935 = CARTESIAN_POINT('',(-10.5,2.5));
#16936 = VECTOR('',#16937,1.);
#16937 = DIRECTION('',(1.,0.));
#16938 = ( GEOMETRIC_REPRESENTATION_CONTEXT(2) 
PARAMETRIC_REPRESENTATION_CONTEXT() REPRESENTATION_CONTEXT('2D SPACE',''
  ) );
#16939 = PCURVE('',#16940,#16945);
#16940 = PLANE('',#16941);
#16941 = AXIS2_PLACEMENT_3D('',#16942,#16943,#16944);
#16942 = CARTESIAN_POINT('',(14.2,-2.5,16.5));
#16943 = DIRECTION('',(0.,1.,0.));
#16944 = DIRECTION('',(0.,0.,1.));
#16945 = DEFINITIONAL_REPRESENTATION('',(#16946),#16950);
#16946 = LINE('',#16947,#16948);
#16947 = CARTESIAN_POINT('',(0.,0.));
#16948 = VECTOR('',#16949,1.);
#16949 = DIRECTION('',(1.,0.));
#16950 = ( GEOMETRIC_REPRESENTATION_CONTEXT(2) 
PARAMETRIC_REPRESENTATION_CONTEXT() REPRESENTATION_CONTEXT('2D SPACE',''
  ) );
#16951 = ORIENTED_EDGE('',*,*,#16952,.T.);
#16952 = EDGE_CURVE('',#16925,#16953,#16955,.T.);
#16953 = VERTEX_POINT('',#16954);
#16954 = CARTESIAN_POINT('',(14.2,2.5,16.5));
#16955 = SURFACE_CURVE('',#16956,(#16960,#16967),.PCURVE_S1.);
#16956 = LINE('',#16957,#16958);
#16957 = CARTESIAN_POINT('',(14.2,-2.5,16.5));
#16958 = VECTOR('',#16959,1.);
#16959 = DIRECTION('',(0.,1.,0.));
#16960 = PCURVE('',#16713,#16961);
#16961 = DEFINITIONAL_REPRESENTATION('',(#16962),#16966);
#16962 = LINE('',#16963,#16964);
#16963 = CARTESIAN_POINT('',(-10.5,2.5));
#16964 = VECTOR('',#16965,1.);
#16965 = DIRECTION('',(0.,-1.));
#16966 = ( GEOMETRIC_REPRESENTATION_CONTEXT(2) 
PARAMETRIC_REPRESENTATION_CONTEXT() REPRESENTATION_CONTEXT('2D SPACE',''
  ) );
#16967 = PCURVE('',#16968,#16973);
#16968 = PLANE('',#16969);
#16969 = AXIS2_PLACEMENT_3D('',#16970,#16971,#16972);
#16970 = CARTESIAN_POINT('',(14.2,-2.5,16.5));
#16971 = DIRECTION('',(0.,0.,1.));
#16972 = DIRECTION('',(1.,0.,0.));
#16973 = DEFINITIONAL_REPRESENTATION('',(#16974),#16978);
#16974 = LINE('',#16975,#16976);
#16975 = CARTESIAN_POINT('',(0.,0.));
#16976 = VECTOR('',#16977,1.);
#16977 = DIRECTION('',(0.,1.));
#16978 = ( GEOMETRIC_REPRESENTATION_CONTEXT(2) 
PARAMETRIC_REPRESENTATION_CONTEXT() REPRESENTATION_CONTEXT('2D SPACE',''
  ) );
#16979 = ORIENTED_EDGE('',*,*,#16980,.T.);
#16980 = EDGE_CURVE('',#16953,#16690,#16981,.T.);
#16981 = SURFACE_CURVE('',#16982,(#16986,#16993),.PCURVE_S1.);
#16982 = LINE('',#16983,#16984);
#16983 = CARTESIAN_POINT('',(14.2,2.5,16.5));
#16984 = VECTOR('',#16985,1.);
#16985 = DIRECTION('',(0.,0.,1.));
#16986 = PCURVE('',#16713,#16987);
#16987 = DEFINITIONAL_REPRESENTATION('',(#16988),#16992);
#16988 = LINE('',#16989,#16990);
#16989 = CARTESIAN_POINT('',(-10.5,-2.5));
#16990 = VECTOR('',#16991,1.);
#16991 = DIRECTION('',(1.,0.));
#16992 = ( GEOMETRIC_REPRESENTATION_CONTEXT(2) 
PARAMETRIC_REPRESENTATION_CONTEXT() REPRESENTATION_CONTEXT('2D SPACE',''
  ) );
#16993 = PCURVE('',#16741,#16994);
#16994 = DEFINITIONAL_REPRESENTATION('',(#16995),#16999);
#16995 = LINE('',#16996,#16997);
#16996 = CARTESIAN_POINT('',(0.,0.));
#16997 = VECTOR('',#16998,1.);
#16998 = DIRECTION('',(1.,0.));
#16999 = ( GEOMETRIC_REPRESENTATION_CONTEXT(2) 
PARAMETRIC_REPRESENTATION_CONTEXT() REPRESENTATION_CONTEXT('2D SPACE',''
  ) );
#17000 = FACE_BOUND('',#17001,.F.);
#17001 = EDGE_LOOP('',(#17002));
#17002 = ORIENTED_EDGE('',*,*,#17003,.T.);
#17003 = EDGE_CURVE('',#17004,#17004,#17006,.T.);
#17004 = VERTEX_POINT('',#17005);
#17005 = CARTESIAN_POINT('',(14.2,1.1,27.));
#17006 = SURFACE_CURVE('',#17007,(#17012,#17023),.PCURVE_S1.);
#17007 = CIRCLE('',#17008,1.1);
#17008 = AXIS2_PLACEMENT_3D('',#17009,#17010,#17011);
#17009 = CARTESIAN_POINT('',(14.2,0.,27.));
#17010 = DIRECTION('',(-1.,0.,0.));
#17011 = DIRECTION('',(0.,1.,0.));
#17012 = PCURVE('',#16713,#17013);
#17013 = DEFINITIONAL_REPRESENTATION('',(#17014),#17022);
#17014 = ( BOUNDED_CURVE() B_SPLINE_CURVE(2,(#17015,#17016,#17017,#17018
    ,#17019,#17020,#17021),.UNSPECIFIED.,.T.,.F.) 
B_SPLINE_CURVE_WITH_KNOTS((1,2,2,2,2,1),(-2.094395102393,0.,
    2.094395102393,4.188790204786,6.28318530718,8.377580409573),
.UNSPECIFIED.) CURVE() GEOMETRIC_REPRESENTATION_ITEM() 
RATIONAL_B_SPLINE_CURVE((1.,0.5,1.,0.5,1.,0.5,1.)) REPRESENTATION_ITEM(
  '') );
#17015 = CARTESIAN_POINT('',(0.,-1.1));
#17016 = CARTESIAN_POINT('',(-1.905255888326,-1.1));
#17017 = CARTESIAN_POINT('',(-0.952627944163,0.55));
#17018 = CARTESIAN_POINT('',(-2.694222958124E-16,2.2));
#17019 = CARTESIAN_POINT('',(0.952627944163,0.55));
#17020 = CARTESIAN_POINT('',(1.905255888326,-1.1));
#17021 = CARTESIAN_POINT('',(0.,-1.1));
#17022 = ( GEOMETRIC_REPRESENTATION_CONTEXT(2) 
PARAMETRIC_REPRESENTATION_CONTEXT() REPRESENTATION_CONTEXT('2D SPACE',''
  ) );
#17023 = PCURVE('',#17024,#17029);
#17024 = CYLINDRICAL_SURFACE('',#17025,1.1);
#17025 = AXIS2_PLACEMENT_3D('',#17026,#17027,#17028);
#17026 = CARTESIAN_POINT('',(13.9,0.,27.));
#17027 = DIRECTION('',(-1.,-0.,-0.));
#17028 = DIRECTION('',(0.,1.,0.));
#17029 = DEFINITIONAL_REPRESENTATION('',(#17030),#17034);
#17030 = LINE('',#17031,#17032);
#17031 = CARTESIAN_POINT('',(-6.28318530718,-0.3));
#17032 = VECTOR('',#17033,1.);
#17033 = DIRECTION('',(1.,-0.));
#17034 = ( GEOMETRIC_REPRESENTATION_CONTEXT(2) 
PARAMETRIC_REPRESENTATION_CONTEXT() REPRESENTATION_CONTEXT('2D SPACE',''
  ) );
#17035 = ADVANCED_FACE('',(#17036),#16741,.T.);
#17036 = FACE_BOUND('',#17037,.T.);
#17037 = EDGE_LOOP('',(#17038,#17061,#17082,#17083));
#17038 = ORIENTED_EDGE('',*,*,#17039,.F.);
#17039 = EDGE_CURVE('',#17040,#16726,#17042,.T.);
#17040 = VERTEX_POINT('',#17041);
#17041 = CARTESIAN_POINT('',(16.5,2.5,16.5));
#17042 = SURFACE_CURVE('',#17043,(#17047,#17054),.PCURVE_S1.);
#17043 = LINE('',#17044,#17045);
#17044 = CARTESIAN_POINT('',(16.5,2.5,16.5));
#17045 = VECTOR('',#17046,1.);
#17046 = DIRECTION('',(0.,0.,1.));
#17047 = PCURVE('',#16741,#17048);
#17048 = DEFINITIONAL_REPRESENTATION('',(#17049),#17053);
#17049 = LINE('',#17050,#17051);
#17050 = CARTESIAN_POINT('',(0.,2.3));
#17051 = VECTOR('',#17052,1.);
#17052 = DIRECTION('',(1.,0.));
#17053 = ( GEOMETRIC_REPRESENTATION_CONTEXT(2) 
PARAMETRIC_REPRESENTATION_CONTEXT() REPRESENTATION_CONTEXT('2D SPACE',''
  ) );
#17054 = PCURVE('',#16770,#17055);
#17055 = DEFINITIONAL_REPRESENTATION('',(#17056),#17060);
#17056 = LINE('',#17057,#17058);
#17057 = CARTESIAN_POINT('',(-10.5,-2.5));
#17058 = VECTOR('',#17059,1.);
#17059 = DIRECTION('',(1.,0.));
#17060 = ( GEOMETRIC_REPRESENTATION_CONTEXT(2) 
PARAMETRIC_REPRESENTATION_CONTEXT() REPRESENTATION_CONTEXT('2D SPACE',''
  ) );
#17061 = ORIENTED_EDGE('',*,*,#17062,.F.);
#17062 = EDGE_CURVE('',#16953,#17040,#17063,.T.);
#17063 = SURFACE_CURVE('',#17064,(#17068,#17075),.PCURVE_S1.);
#17064 = LINE('',#17065,#17066);
#17065 = CARTESIAN_POINT('',(14.2,2.5,16.5));
#17066 = VECTOR('',#17067,1.);
#17067 = DIRECTION('',(1.,0.,0.));
#17068 = PCURVE('',#16741,#17069);
#17069 = DEFINITIONAL_REPRESENTATION('',(#17070),#17074);
#17070 = LINE('',#17071,#17072);
#17071 = CARTESIAN_POINT('',(0.,0.));
#17072 = VECTOR('',#17073,1.);
#17073 = DIRECTION('',(0.,1.));
#17074 = ( GEOMETRIC_REPRESENTATION_CONTEXT(2) 
PARAMETRIC_REPRESENTATION_CONTEXT() REPRESENTATION_CONTEXT('2D SPACE',''
  ) );
#17075 = PCURVE('',#16968,#17076);
#17076 = DEFINITIONAL_REPRESENTATION('',(#17077),#17081);
#17077 = LINE('',#17078,#17079);
#17078 = CARTESIAN_POINT('',(0.,5.));
#17079 = VECTOR('',#17080,1.);
#17080 = DIRECTION('',(1.,0.));
#17081 = ( GEOMETRIC_REPRESENTATION_CONTEXT(2) 
PARAMETRIC_REPRESENTATION_CONTEXT() REPRESENTATION_CONTEXT('2D SPACE',''
  ) );
#17082 = ORIENTED_EDGE('',*,*,#16980,.T.);
#17083 = ORIENTED_EDGE('',*,*,#16725,.F.);
#17084 = ADVANCED_FACE('',(#17085,#17226),#16770,.T.);
#17085 = FACE_BOUND('',#17086,.T.);
#17086 = EDGE_LOOP('',(#17087,#17088,#17111,#17134,#17157,#17181,#17204,
    #17225));
#17087 = ORIENTED_EDGE('',*,*,#16753,.F.);
#17088 = ORIENTED_EDGE('',*,*,#17089,.T.);
#17089 = EDGE_CURVE('',#16754,#17090,#17092,.T.);
#17090 = VERTEX_POINT('',#17091);
#17091 = CARTESIAN_POINT('',(16.5,2.5,37.5));
#17092 = SURFACE_CURVE('',#17093,(#17097,#17104),.PCURVE_S1.);
#17093 = LINE('',#17094,#17095);
#17094 = CARTESIAN_POINT('',(16.5,2.5,16.5));
#17095 = VECTOR('',#17096,1.);
#17096 = DIRECTION('',(0.,0.,1.));
#17097 = PCURVE('',#16770,#17098);
#17098 = DEFINITIONAL_REPRESENTATION('',(#17099),#17103);
#17099 = LINE('',#17100,#17101);
#17100 = CARTESIAN_POINT('',(-10.5,-2.5));
#17101 = VECTOR('',#17102,1.);
#17102 = DIRECTION('',(1.,0.));
#17103 = ( GEOMETRIC_REPRESENTATION_CONTEXT(2) 
PARAMETRIC_REPRESENTATION_CONTEXT() REPRESENTATION_CONTEXT('2D SPACE',''
  ) );
#17104 = PCURVE('',#16800,#17105);
#17105 = DEFINITIONAL_REPRESENTATION('',(#17106),#17110);
#17106 = LINE('',#17107,#17108);
#17107 = CARTESIAN_POINT('',(0.,2.3));
#17108 = VECTOR('',#17109,1.);
#17109 = DIRECTION('',(1.,0.));
#17110 = ( GEOMETRIC_REPRESENTATION_CONTEXT(2) 
PARAMETRIC_REPRESENTATION_CONTEXT() REPRESENTATION_CONTEXT('2D SPACE',''
  ) );
#17111 = ORIENTED_EDGE('',*,*,#17112,.F.);
#17112 = EDGE_CURVE('',#17113,#17090,#17115,.T.);
#17113 = VERTEX_POINT('',#17114);
#17114 = CARTESIAN_POINT('',(16.5,-2.5,37.5));
#17115 = SURFACE_CURVE('',#17116,(#17120,#17127),.PCURVE_S1.);
#17116 = LINE('',#17117,#17118);
#17117 = CARTESIAN_POINT('',(16.5,-2.5,37.5));
#17118 = VECTOR('',#17119,1.);
#17119 = DIRECTION('',(0.,1.,0.));
#17120 = PCURVE('',#16770,#17121);
#17121 = DEFINITIONAL_REPRESENTATION('',(#17122),#17126);
#17122 = LINE('',#17123,#17124);
#17123 = CARTESIAN_POINT('',(10.5,2.5));
#17124 = VECTOR('',#17125,1.);
#17125 = DIRECTION('',(0.,-1.));
#17126 = ( GEOMETRIC_REPRESENTATION_CONTEXT(2) 
PARAMETRIC_REPRESENTATION_CONTEXT() REPRESENTATION_CONTEXT('2D SPACE',''
  ) );
#17127 = PCURVE('',#16855,#17128);
#17128 = DEFINITIONAL_REPRESENTATION('',(#17129),#17133);
#17129 = LINE('',#17130,#17131);
#17130 = CARTESIAN_POINT('',(2.3,0.));
#17131 = VECTOR('',#17132,1.);
#17132 = DIRECTION('',(0.,1.));
#17133 = ( GEOMETRIC_REPRESENTATION_CONTEXT(2) 
PARAMETRIC_REPRESENTATION_CONTEXT() REPRESENTATION_CONTEXT('2D SPACE',''
  ) );
#17134 = ORIENTED_EDGE('',*,*,#17135,.F.);
#17135 = EDGE_CURVE('',#17136,#17113,#17138,.T.);
#17136 = VERTEX_POINT('',#17137);
#17137 = CARTESIAN_POINT('',(16.5,-2.5,30.741657386774));
#17138 = SURFACE_CURVE('',#17139,(#17143,#17150),.PCURVE_S1.);
#17139 = LINE('',#17140,#17141);
#17140 = CARTESIAN_POINT('',(16.5,-2.5,16.5));
#17141 = VECTOR('',#17142,1.);
#17142 = DIRECTION('',(0.,0.,1.));
#17143 = PCURVE('',#16770,#17144);
#17144 = DEFINITIONAL_REPRESENTATION('',(#17145),#17149);
#17145 = LINE('',#17146,#17147);
#17146 = CARTESIAN_POINT('',(-10.5,2.5));
#17147 = VECTOR('',#17148,1.);
#17148 = DIRECTION('',(1.,0.));
#17149 = ( GEOMETRIC_REPRESENTATION_CONTEXT(2) 
PARAMETRIC_REPRESENTATION_CONTEXT() REPRESENTATION_CONTEXT('2D SPACE',''
  ) );
#17150 = PCURVE('',#16883,#17151);
#17151 = DEFINITIONAL_REPRESENTATION('',(#17152),#17156);
#17152 = LINE('',#17153,#17154);
#17153 = CARTESIAN_POINT('',(0.,2.3));
#17154 = VECTOR('',#17155,1.);
#17155 = DIRECTION('',(1.,0.));
#17156 = ( GEOMETRIC_REPRESENTATION_CONTEXT(2) 
PARAMETRIC_REPRESENTATION_CONTEXT() REPRESENTATION_CONTEXT('2D SPACE',''
  ) );
#17157 = ORIENTED_EDGE('',*,*,#17158,.T.);
#17158 = EDGE_CURVE('',#17136,#17159,#17161,.T.);
#17159 = VERTEX_POINT('',#17160);
#17160 = CARTESIAN_POINT('',(16.5,-2.5,23.258342613226));
#17161 = SURFACE_CURVE('',#17162,(#17167,#17174),.PCURVE_S1.);
#17162 = CIRCLE('',#17163,4.5);
#17163 = AXIS2_PLACEMENT_3D('',#17164,#17165,#17166);
#17164 = CARTESIAN_POINT('',(16.5,0.,27.));
#17165 = DIRECTION('',(1.,0.,0.));
#17166 = DIRECTION('',(0.,1.,0.));
#17167 = PCURVE('',#16770,#17168);
#17168 = DEFINITIONAL_REPRESENTATION('',(#17169),#17173);
#17169 = CIRCLE('',#17170,4.5);
#17170 = AXIS2_PLACEMENT_2D('',#17171,#17172);
#17171 = CARTESIAN_POINT('',(0.,-1.519377925044E-16));
#17172 = DIRECTION('',(0.,-1.));
#17173 = ( GEOMETRIC_REPRESENTATION_CONTEXT(2) 
PARAMETRIC_REPRESENTATION_CONTEXT() REPRESENTATION_CONTEXT('2D SPACE',''
  ) );
#17174 = PCURVE('',#16912,#17175);
#17175 = DEFINITIONAL_REPRESENTATION('',(#17176),#17180);
#17176 = LINE('',#17177,#17178);
#17177 = CARTESIAN_POINT('',(-0.,-2.3));
#17178 = VECTOR('',#17179,1.);
#17179 = DIRECTION('',(-1.,0.));
#17180 = ( GEOMETRIC_REPRESENTATION_CONTEXT(2) 
PARAMETRIC_REPRESENTATION_CONTEXT() REPRESENTATION_CONTEXT('2D SPACE',''
  ) );
#17181 = ORIENTED_EDGE('',*,*,#17182,.F.);
#17182 = EDGE_CURVE('',#17183,#17159,#17185,.T.);
#17183 = VERTEX_POINT('',#17184);
#17184 = CARTESIAN_POINT('',(16.5,-2.5,16.5));
#17185 = SURFACE_CURVE('',#17186,(#17190,#17197),.PCURVE_S1.);
#17186 = LINE('',#17187,#17188);
#17187 = CARTESIAN_POINT('',(16.5,-2.5,16.5));
#17188 = VECTOR('',#17189,1.);
#17189 = DIRECTION('',(0.,0.,1.));
#17190 = PCURVE('',#16770,#17191);
#17191 = DEFINITIONAL_REPRESENTATION('',(#17192),#17196);
#17192 = LINE('',#17193,#17194);
#17193 = CARTESIAN_POINT('',(-10.5,2.5));
#17194 = VECTOR('',#17195,1.);
#17195 = DIRECTION('',(1.,0.));
#17196 = ( GEOMETRIC_REPRESENTATION_CONTEXT(2) 
PARAMETRIC_REPRESENTATION_CONTEXT() REPRESENTATION_CONTEXT('2D SPACE',''
  ) );
#17197 = PCURVE('',#16940,#17198);
#17198 = DEFINITIONAL_REPRESENTATION('',(#17199),#17203);
#17199 = LINE('',#17200,#17201);
#17200 = CARTESIAN_POINT('',(0.,2.3));
#17201 = VECTOR('',#17202,1.);
#17202 = DIRECTION('',(1.,0.));
#17203 = ( GEOMETRIC_REPRESENTATION_CONTEXT(2) 
PARAMETRIC_REPRESENTATION_CONTEXT() REPRESENTATION_CONTEXT('2D SPACE',''
  ) );
#17204 = ORIENTED_EDGE('',*,*,#17205,.T.);
#17205 = EDGE_CURVE('',#17183,#17040,#17206,.T.);
#17206 = SURFACE_CURVE('',#17207,(#17211,#17218),.PCURVE_S1.);
#17207 = LINE('',#17208,#17209);
#17208 = CARTESIAN_POINT('',(16.5,-2.5,16.5));
#17209 = VECTOR('',#17210,1.);
#17210 = DIRECTION('',(0.,1.,0.));
#17211 = PCURVE('',#16770,#17212);
#17212 = DEFINITIONAL_REPRESENTATION('',(#17213),#17217);
#17213 = LINE('',#17214,#17215);
#17214 = CARTESIAN_POINT('',(-10.5,2.5));
#17215 = VECTOR('',#17216,1.);
#17216 = DIRECTION('',(0.,-1.));
#17217 = ( GEOMETRIC_REPRESENTATION_CONTEXT(2) 
PARAMETRIC_REPRESENTATION_CONTEXT() REPRESENTATION_CONTEXT('2D SPACE',''
  ) );
#17218 = PCURVE('',#16968,#17219);
#17219 = DEFINITIONAL_REPRESENTATION('',(#17220),#17224);
#17220 = LINE('',#17221,#17222);
#17221 = CARTESIAN_POINT('',(2.3,0.));
#17222 = VECTOR('',#17223,1.);
#17223 = DIRECTION('',(0.,1.));
#17224 = ( GEOMETRIC_REPRESENTATION_CONTEXT(2) 
PARAMETRIC_REPRESENTATION_CONTEXT() REPRESENTATION_CONTEXT('2D SPACE',''
  ) );
#17225 = ORIENTED_EDGE('',*,*,#17039,.T.);
#17226 = FACE_BOUND('',#17227,.T.);
#17227 = EDGE_LOOP('',(#17228));
#17228 = ORIENTED_EDGE('',*,*,#17229,.T.);
#17229 = EDGE_CURVE('',#17230,#17230,#17232,.T.);
#17230 = VERTEX_POINT('',#17231);
#17231 = CARTESIAN_POINT('',(16.5,1.1,27.));
#17232 = SURFACE_CURVE('',#17233,(#17238,#17249),.PCURVE_S1.);
#17233 = CIRCLE('',#17234,1.1);
#17234 = AXIS2_PLACEMENT_3D('',#17235,#17236,#17237);
#17235 = CARTESIAN_POINT('',(16.5,0.,27.));
#17236 = DIRECTION('',(-1.,0.,0.));
#17237 = DIRECTION('',(0.,1.,0.));
#17238 = PCURVE('',#16770,#17239);
#17239 = DEFINITIONAL_REPRESENTATION('',(#17240),#17248);
#17240 = ( BOUNDED_CURVE() B_SPLINE_CURVE(2,(#17241,#17242,#17243,#17244
    ,#17245,#17246,#17247),.UNSPECIFIED.,.T.,.F.) 
B_SPLINE_CURVE_WITH_KNOTS((1,2,2,2,2,1),(-2.094395102393,0.,
    2.094395102393,4.188790204786,6.28318530718,8.377580409573),
.UNSPECIFIED.) CURVE() GEOMETRIC_REPRESENTATION_ITEM() 
RATIONAL_B_SPLINE_CURVE((1.,0.5,1.,0.5,1.,0.5,1.)) REPRESENTATION_ITEM(
  '') );
#17241 = CARTESIAN_POINT('',(0.,-1.1));
#17242 = CARTESIAN_POINT('',(-1.905255888326,-1.1));
#17243 = CARTESIAN_POINT('',(-0.952627944163,0.55));
#17244 = CARTESIAN_POINT('',(-2.694222958124E-16,2.2));
#17245 = CARTESIAN_POINT('',(0.952627944163,0.55));
#17246 = CARTESIAN_POINT('',(1.905255888326,-1.1));
#17247 = CARTESIAN_POINT('',(0.,-1.1));
#17248 = ( GEOMETRIC_REPRESENTATION_CONTEXT(2) 
PARAMETRIC_REPRESENTATION_CONTEXT() REPRESENTATION_CONTEXT('2D SPACE',''
  ) );
#17249 = PCURVE('',#17024,#17250);
#17250 = DEFINITIONAL_REPRESENTATION('',(#17251),#17255);
#17251 = LINE('',#17252,#17253);
#17252 = CARTESIAN_POINT('',(-6.28318530718,-2.6));
#17253 = VECTOR('',#17254,1.);
#17254 = DIRECTION('',(1.,-0.));
#17255 = ( GEOMETRIC_REPRESENTATION_CONTEXT(2) 
PARAMETRIC_REPRESENTATION_CONTEXT() REPRESENTATION_CONTEXT('2D SPACE',''
  ) );
#17256 = ADVANCED_FACE('',(#17257),#16800,.T.);
#17257 = FACE_BOUND('',#17258,.T.);
#17258 = EDGE_LOOP('',(#17259,#17260,#17261,#17262));
#17259 = ORIENTED_EDGE('',*,*,#17089,.F.);
#17260 = ORIENTED_EDGE('',*,*,#16786,.T.);
#17261 = ORIENTED_EDGE('',*,*,#16816,.T.);
#17262 = ORIENTED_EDGE('',*,*,#17263,.T.);
#17263 = EDGE_CURVE('',#16817,#17090,#17264,.T.);
#17264 = SURFACE_CURVE('',#17265,(#17269,#17276),.PCURVE_S1.);
#17265 = LINE('',#17266,#17267);
#17266 = CARTESIAN_POINT('',(14.2,2.5,37.5));
#17267 = VECTOR('',#17268,1.);
#17268 = DIRECTION('',(1.,0.,0.));
#17269 = PCURVE('',#16800,#17270);
#17270 = DEFINITIONAL_REPRESENTATION('',(#17271),#17275);
#17271 = LINE('',#17272,#17273);
#17272 = CARTESIAN_POINT('',(21.,0.));
#17273 = VECTOR('',#17274,1.);
#17274 = DIRECTION('',(0.,1.));
#17275 = ( GEOMETRIC_REPRESENTATION_CONTEXT(2) 
PARAMETRIC_REPRESENTATION_CONTEXT() REPRESENTATION_CONTEXT('2D SPACE',''
  ) );
#17276 = PCURVE('',#16855,#17277);
#17277 = DEFINITIONAL_REPRESENTATION('',(#17278),#17282);
#17278 = LINE('',#17279,#17280);
#17279 = CARTESIAN_POINT('',(0.,5.));
#17280 = VECTOR('',#17281,1.);
#17281 = DIRECTION('',(1.,0.));
#17282 = ( GEOMETRIC_REPRESENTATION_CONTEXT(2) 
PARAMETRIC_REPRESENTATION_CONTEXT() REPRESENTATION_CONTEXT('2D SPACE',''
  ) );
#17283 = ADVANCED_FACE('',(#17284),#16968,.F.);
#17284 = FACE_BOUND('',#17285,.F.);
#17285 = EDGE_LOOP('',(#17286,#17287,#17308,#17309));
#17286 = ORIENTED_EDGE('',*,*,#16952,.F.);
#17287 = ORIENTED_EDGE('',*,*,#17288,.T.);
#17288 = EDGE_CURVE('',#16925,#17183,#17289,.T.);
#17289 = SURFACE_CURVE('',#17290,(#17294,#17301),.PCURVE_S1.);
#17290 = LINE('',#17291,#17292);
#17291 = CARTESIAN_POINT('',(14.2,-2.5,16.5));
#17292 = VECTOR('',#17293,1.);
#17293 = DIRECTION('',(1.,0.,0.));
#17294 = PCURVE('',#16968,#17295);
#17295 = DEFINITIONAL_REPRESENTATION('',(#17296),#17300);
#17296 = LINE('',#17297,#17298);
#17297 = CARTESIAN_POINT('',(0.,0.));
#17298 = VECTOR('',#17299,1.);
#17299 = DIRECTION('',(1.,0.));
#17300 = ( GEOMETRIC_REPRESENTATION_CONTEXT(2) 
PARAMETRIC_REPRESENTATION_CONTEXT() REPRESENTATION_CONTEXT('2D SPACE',''
  ) );
#17301 = PCURVE('',#16940,#17302);
#17302 = DEFINITIONAL_REPRESENTATION('',(#17303),#17307);
#17303 = LINE('',#17304,#17305);
#17304 = CARTESIAN_POINT('',(0.,0.));
#17305 = VECTOR('',#17306,1.);
#17306 = DIRECTION('',(0.,1.));
#17307 = ( GEOMETRIC_REPRESENTATION_CONTEXT(2) 
PARAMETRIC_REPRESENTATION_CONTEXT() REPRESENTATION_CONTEXT('2D SPACE',''
  ) );
#17308 = ORIENTED_EDGE('',*,*,#17205,.T.);
#17309 = ORIENTED_EDGE('',*,*,#17062,.F.);
#17310 = ADVANCED_FACE('',(#17311),#16855,.T.);
#17311 = FACE_BOUND('',#17312,.T.);
#17312 = EDGE_LOOP('',(#17313,#17314,#17335,#17336));
#17313 = ORIENTED_EDGE('',*,*,#16839,.F.);
#17314 = ORIENTED_EDGE('',*,*,#17315,.T.);
#17315 = EDGE_CURVE('',#16840,#17113,#17316,.T.);
#17316 = SURFACE_CURVE('',#17317,(#17321,#17328),.PCURVE_S1.);
#17317 = LINE('',#17318,#17319);
#17318 = CARTESIAN_POINT('',(14.2,-2.5,37.5));
#17319 = VECTOR('',#17320,1.);
#17320 = DIRECTION('',(1.,0.,0.));
#17321 = PCURVE('',#16855,#17322);
#17322 = DEFINITIONAL_REPRESENTATION('',(#17323),#17327);
#17323 = LINE('',#17324,#17325);
#17324 = CARTESIAN_POINT('',(0.,0.));
#17325 = VECTOR('',#17326,1.);
#17326 = DIRECTION('',(1.,0.));
#17327 = ( GEOMETRIC_REPRESENTATION_CONTEXT(2) 
PARAMETRIC_REPRESENTATION_CONTEXT() REPRESENTATION_CONTEXT('2D SPACE',''
  ) );
#17328 = PCURVE('',#16883,#17329);
#17329 = DEFINITIONAL_REPRESENTATION('',(#17330),#17334);
#17330 = LINE('',#17331,#17332);
#17331 = CARTESIAN_POINT('',(21.,0.));
#17332 = VECTOR('',#17333,1.);
#17333 = DIRECTION('',(0.,1.));
#17334 = ( GEOMETRIC_REPRESENTATION_CONTEXT(2) 
PARAMETRIC_REPRESENTATION_CONTEXT() REPRESENTATION_CONTEXT('2D SPACE',''
  ) );
#17335 = ORIENTED_EDGE('',*,*,#17112,.T.);
#17336 = ORIENTED_EDGE('',*,*,#17263,.F.);
#17337 = ADVANCED_FACE('',(#17338),#16940,.F.);
#17338 = FACE_BOUND('',#17339,.F.);
#17339 = EDGE_LOOP('',(#17340,#17341,#17342,#17343));
#17340 = ORIENTED_EDGE('',*,*,#17182,.F.);
#17341 = ORIENTED_EDGE('',*,*,#17288,.F.);
#17342 = ORIENTED_EDGE('',*,*,#16924,.T.);
#17343 = ORIENTED_EDGE('',*,*,#17344,.F.);
#17344 = EDGE_CURVE('',#17159,#16896,#17345,.T.);
#17345 = SURFACE_CURVE('',#17346,(#17350,#17357),.PCURVE_S1.);
#17346 = LINE('',#17347,#17348);
#17347 = CARTESIAN_POINT('',(14.2,-2.5,23.258342613226));
#17348 = VECTOR('',#17349,1.);
#17349 = DIRECTION('',(-1.,-0.,-0.));
#17350 = PCURVE('',#16940,#17351);
#17351 = DEFINITIONAL_REPRESENTATION('',(#17352),#17356);
#17352 = LINE('',#17353,#17354);
#17353 = CARTESIAN_POINT('',(6.758342613226,0.));
#17354 = VECTOR('',#17355,1.);
#17355 = DIRECTION('',(0.,-1.));
#17356 = ( GEOMETRIC_REPRESENTATION_CONTEXT(2) 
PARAMETRIC_REPRESENTATION_CONTEXT() REPRESENTATION_CONTEXT('2D SPACE',''
  ) );
#17357 = PCURVE('',#16912,#17358);
#17358 = DEFINITIONAL_REPRESENTATION('',(#17359),#17363);
#17359 = LINE('',#17360,#17361);
#17360 = CARTESIAN_POINT('',(-4.123358010168,0.));
#17361 = VECTOR('',#17362,1.);
#17362 = DIRECTION('',(-0.,1.));
#17363 = ( GEOMETRIC_REPRESENTATION_CONTEXT(2) 
PARAMETRIC_REPRESENTATION_CONTEXT() REPRESENTATION_CONTEXT('2D SPACE',''
  ) );
#17364 = ADVANCED_FACE('',(#17365),#16883,.F.);
#17365 = FACE_BOUND('',#17366,.F.);
#17366 = EDGE_LOOP('',(#17367,#17368,#17389,#17390));
#17367 = ORIENTED_EDGE('',*,*,#17135,.F.);
#17368 = ORIENTED_EDGE('',*,*,#17369,.T.);
#17369 = EDGE_CURVE('',#17136,#16868,#17370,.T.);
#17370 = SURFACE_CURVE('',#17371,(#17375,#17382),.PCURVE_S1.);
#17371 = LINE('',#17372,#17373);
#17372 = CARTESIAN_POINT('',(14.2,-2.5,30.741657386774));
#17373 = VECTOR('',#17374,1.);
#17374 = DIRECTION('',(-1.,-0.,-0.));
#17375 = PCURVE('',#16883,#17376);
#17376 = DEFINITIONAL_REPRESENTATION('',(#17377),#17381);
#17377 = LINE('',#17378,#17379);
#17378 = CARTESIAN_POINT('',(14.241657386774,0.));
#17379 = VECTOR('',#17380,1.);
#17380 = DIRECTION('',(0.,-1.));
#17381 = ( GEOMETRIC_REPRESENTATION_CONTEXT(2) 
PARAMETRIC_REPRESENTATION_CONTEXT() REPRESENTATION_CONTEXT('2D SPACE',''
  ) );
#17382 = PCURVE('',#16912,#17383);
#17383 = DEFINITIONAL_REPRESENTATION('',(#17384),#17388);
#17384 = LINE('',#17385,#17386);
#17385 = CARTESIAN_POINT('',(-2.159827297011,0.));
#17386 = VECTOR('',#17387,1.);
#17387 = DIRECTION('',(-0.,1.));
#17388 = ( GEOMETRIC_REPRESENTATION_CONTEXT(2) 
PARAMETRIC_REPRESENTATION_CONTEXT() REPRESENTATION_CONTEXT('2D SPACE',''
  ) );
#17389 = ORIENTED_EDGE('',*,*,#16867,.T.);
#17390 = ORIENTED_EDGE('',*,*,#17315,.T.);
#17391 = ADVANCED_FACE('',(#17392),#16912,.T.);
#17392 = FACE_BOUND('',#17393,.F.);
#17393 = EDGE_LOOP('',(#17394,#17395,#17396,#17397));
#17394 = ORIENTED_EDGE('',*,*,#16895,.F.);
#17395 = ORIENTED_EDGE('',*,*,#17369,.F.);
#17396 = ORIENTED_EDGE('',*,*,#17158,.T.);
#17397 = ORIENTED_EDGE('',*,*,#17344,.T.);
#17398 = ADVANCED_FACE('',(#17399),#17024,.F.);
#17399 = FACE_BOUND('',#17400,.T.);
#17400 = EDGE_LOOP('',(#17401,#17402,#17423,#17424));
#17401 = ORIENTED_EDGE('',*,*,#17003,.T.);
#17402 = ORIENTED_EDGE('',*,*,#17403,.T.);
#17403 = EDGE_CURVE('',#17004,#17230,#17404,.T.);
#17404 = SEAM_CURVE('',#17405,(#17409,#17416),.PCURVE_S1.);
#17405 = LINE('',#17406,#17407);
#17406 = CARTESIAN_POINT('',(13.9,1.1,27.));
#17407 = VECTOR('',#17408,1.);
#17408 = DIRECTION('',(1.,0.,0.));
#17409 = PCURVE('',#17024,#17410);
#17410 = DEFINITIONAL_REPRESENTATION('',(#17411),#17415);
#17411 = LINE('',#17412,#17413);
#17412 = CARTESIAN_POINT('',(-6.28318530718,0.));
#17413 = VECTOR('',#17414,1.);
#17414 = DIRECTION('',(-0.,-1.));
#17415 = ( GEOMETRIC_REPRESENTATION_CONTEXT(2) 
PARAMETRIC_REPRESENTATION_CONTEXT() REPRESENTATION_CONTEXT('2D SPACE',''
  ) );
#17416 = PCURVE('',#17024,#17417);
#17417 = DEFINITIONAL_REPRESENTATION('',(#17418),#17422);
#17418 = LINE('',#17419,#17420);
#17419 = CARTESIAN_POINT('',(-0.,0.));
#17420 = VECTOR('',#17421,1.);
#17421 = DIRECTION('',(-0.,-1.));
#17422 = ( GEOMETRIC_REPRESENTATION_CONTEXT(2) 
PARAMETRIC_REPRESENTATION_CONTEXT() REPRESENTATION_CONTEXT('2D SPACE',''
  ) );
#17423 = ORIENTED_EDGE('',*,*,#17229,.F.);
#17424 = ORIENTED_EDGE('',*,*,#17403,.F.);
#17425 = ( GEOMETRIC_REPRESENTATION_CONTEXT(3) 
GLOBAL_UNCERTAINTY_ASSIGNED_CONTEXT((#17429)) 
GLOBAL_UNIT_ASSIGNED_CONTEXT((#17426,#17427,#17428)) 
REPRESENTATION_CONTEXT('Context #1',
  '3D Context with UNIT and UNCERTAINTY') );
#17426 = ( LENGTH_UNIT() NAMED_UNIT(*) SI_UNIT(.MILLI.,.METRE.) );
#17427 = ( NAMED_UNIT(*) PLANE_ANGLE_UNIT() SI_UNIT($,.RADIAN.) );
#17428 = ( NAMED_UNIT(*) SI_UNIT($,.STERADIAN.) SOLID_ANGLE_UNIT() );
#17429 = UNCERTAINTY_MEASURE_WITH_UNIT(LENGTH_MEASURE(1.E-07),#17426,
  'distance_accuracy_value','confusion accuracy');
#17430 = CONTEXT_DEPENDENT_SHAPE_REPRESENTATION(#17431,#17433);
#17431 = ( REPRESENTATION_RELATIONSHIP('','',#16682,#10) 
REPRESENTATION_RELATIONSHIP_WITH_TRANSFORMATION(#17432) 
SHAPE_REPRESENTATION_RELATIONSHIP() );
#17432 = ITEM_DEFINED_TRANSFORMATION('','',#11,#39);
#17433 = PRODUCT_DEFINITION_SHAPE('Placement','Placement of an item',
  #17434);
#17434 = NEXT_ASSEMBLY_USAGE_OCCURRENCE('7','horn_1_envelope','',#5,
  #16677,$);
#17435 = PRODUCT_RELATED_PRODUCT_CATEGORY('part',$,(#16679));
#17436 = SHAPE_DEFINITION_REPRESENTATION(#17437,#17443);
#17437 = PRODUCT_DEFINITION_SHAPE('','',#17438);
#17438 = PRODUCT_DEFINITION('design','',#17439,#17442);
#17439 = PRODUCT_DEFINITION_FORMATION('','',#17440);
#17440 = PRODUCT('horn_2_envelope','horn_2_envelope','',(#17441));
#17441 = PRODUCT_CONTEXT('',#2,'mechanical');
#17442 = PRODUCT_DEFINITION_CONTEXT('part definition',#2,'design');
#17443 = ADVANCED_BREP_SHAPE_REPRESENTATION('',(#11,#17444),#18186);
#17444 = MANIFOLD_SOLID_BREP('',#17445);
#17445 = CLOSED_SHELL('',(#17446,#17572,#17796,#17845,#18017,#18044,
    #18071,#18098,#18125,#18152,#18159));
#17446 = ADVANCED_FACE('',(#17447),#17462,.T.);
#17447 = FACE_BOUND('',#17448,.F.);
#17448 = EDGE_LOOP('',(#17449,#17485,#17513,#17546));
#17449 = ORIENTED_EDGE('',*,*,#17450,.F.);
#17450 = EDGE_CURVE('',#17451,#17453,#17455,.T.);
#17451 = VERTEX_POINT('',#17452);
#17452 = CARTESIAN_POINT('',(-2.5,14.2,68.258342613226));
#17453 = VERTEX_POINT('',#17454);
#17454 = CARTESIAN_POINT('',(-2.5,14.2,75.741657386774));
#17455 = SURFACE_CURVE('',#17456,(#17461,#17473),.PCURVE_S1.);
#17456 = CIRCLE('',#17457,4.5);
#17457 = AXIS2_PLACEMENT_3D('',#17458,#17459,#17460);
#17458 = CARTESIAN_POINT('',(1.576516694968E-15,14.2,72.));
#17459 = DIRECTION('',(1.110223024625E-16,1.,1.585119059718E-33));
#17460 = DIRECTION('',(-0.555555555556,6.167905692362E-17,
    -0.831479419283));
#17461 = PCURVE('',#17462,#17467);
#17462 = CYLINDRICAL_SURFACE('',#17463,4.5);
#17463 = AXIS2_PLACEMENT_3D('',#17464,#17465,#17466);
#17464 = CARTESIAN_POINT('',(1.576516694968E-15,14.2,72.));
#17465 = DIRECTION('',(-1.110223024625E-16,-1.,-0.));
#17466 = DIRECTION('',(-1.,1.110223024625E-16,0.));
#17467 = DEFINITIONAL_REPRESENTATION('',(#17468),#17472);
#17468 = LINE('',#17469,#17470);
#17469 = CARTESIAN_POINT('',(-5.301419950601,0.));
#17470 = VECTOR('',#17471,1.);
#17471 = DIRECTION('',(-1.,0.));
#17472 = ( GEOMETRIC_REPRESENTATION_CONTEXT(2) 
PARAMETRIC_REPRESENTATION_CONTEXT() REPRESENTATION_CONTEXT('2D SPACE',''
  ) );
#17473 = PCURVE('',#17474,#17479);
#17474 = PLANE('',#17475);
#17475 = AXIS2_PLACEMENT_3D('',#17476,#17477,#17478);
#17476 = CARTESIAN_POINT('',(1.728454487472E-15,14.2,72.));
#17477 = DIRECTION('',(1.110223024625E-16,1.,0.));
#17478 = DIRECTION('',(0.,0.,1.));
#17479 = DEFINITIONAL_REPRESENTATION('',(#17480),#17484);
#17480 = CIRCLE('',#17481,4.5);
#17481 = AXIS2_PLACEMENT_2D('',#17482,#17483);
#17482 = CARTESIAN_POINT('',(0.,-1.519377925044E-16));
#17483 = DIRECTION('',(-0.831479419283,-0.555555555556));
#17484 = ( GEOMETRIC_REPRESENTATION_CONTEXT(2) 
PARAMETRIC_REPRESENTATION_CONTEXT() REPRESENTATION_CONTEXT('2D SPACE',''
  ) );
#17485 = ORIENTED_EDGE('',*,*,#17486,.F.);
#17486 = EDGE_CURVE('',#17487,#17451,#17489,.T.);
#17487 = VERTEX_POINT('',#17488);
#17488 = CARTESIAN_POINT('',(-2.5,16.5,68.258342613226));
#17489 = SURFACE_CURVE('',#17490,(#17494,#17501),.PCURVE_S1.);
#17490 = LINE('',#17491,#17492);
#17491 = CARTESIAN_POINT('',(-2.5,14.2,68.258342613226));
#17492 = VECTOR('',#17493,1.);
#17493 = DIRECTION('',(-1.110223024625E-16,-1.,-0.));
#17494 = PCURVE('',#17462,#17495);
#17495 = DEFINITIONAL_REPRESENTATION('',(#17496),#17500);
#17496 = LINE('',#17497,#17498);
#17497 = CARTESIAN_POINT('',(-5.301419950601,0.));
#17498 = VECTOR('',#17499,1.);
#17499 = DIRECTION('',(-0.,1.));
#17500 = ( GEOMETRIC_REPRESENTATION_CONTEXT(2) 
PARAMETRIC_REPRESENTATION_CONTEXT() REPRESENTATION_CONTEXT('2D SPACE',''
  ) );
#17501 = PCURVE('',#17502,#17507);
#17502 = PLANE('',#17503);
#17503 = AXIS2_PLACEMENT_3D('',#17504,#17505,#17506);
#17504 = CARTESIAN_POINT('',(-2.5,14.2,61.5));
#17505 = DIRECTION('',(-1.,1.110223024625E-16,0.));
#17506 = DIRECTION('',(0.,0.,1.));
#17507 = DEFINITIONAL_REPRESENTATION('',(#17508),#17512);
#17508 = LINE('',#17509,#17510);
#17509 = CARTESIAN_POINT('',(6.758342613226,0.));
#17510 = VECTOR('',#17511,1.);
#17511 = DIRECTION('',(-0.,-1.));
#17512 = ( GEOMETRIC_REPRESENTATION_CONTEXT(2) 
PARAMETRIC_REPRESENTATION_CONTEXT() REPRESENTATION_CONTEXT('2D SPACE',''
  ) );
#17513 = ORIENTED_EDGE('',*,*,#17514,.F.);
#17514 = EDGE_CURVE('',#17515,#17487,#17517,.T.);
#17515 = VERTEX_POINT('',#17516);
#17516 = CARTESIAN_POINT('',(-2.5,16.5,75.741657386774));
#17517 = SURFACE_CURVE('',#17518,(#17523,#17530),.PCURVE_S1.);
#17518 = CIRCLE('',#17519,4.5);
#17519 = AXIS2_PLACEMENT_3D('',#17520,#17521,#17522);
#17520 = CARTESIAN_POINT('',(1.831867990632E-15,16.5,72.));
#17521 = DIRECTION('',(-1.110223024625E-16,-1.,-2.4549777235E-33));
#17522 = DIRECTION('',(-0.555555555556,6.167905692362E-17,0.831479419283
    ));
#17523 = PCURVE('',#17462,#17524);
#17524 = DEFINITIONAL_REPRESENTATION('',(#17525),#17529);
#17525 = LINE('',#17526,#17527);
#17526 = CARTESIAN_POINT('',(-7.264950663758,-2.3));
#17527 = VECTOR('',#17528,1.);
#17528 = DIRECTION('',(1.,-0.));
#17529 = ( GEOMETRIC_REPRESENTATION_CONTEXT(2) 
PARAMETRIC_REPRESENTATION_CONTEXT() REPRESENTATION_CONTEXT('2D SPACE',''
  ) );
#17530 = PCURVE('',#17531,#17536);
#17531 = PLANE('',#17532);
#17532 = AXIS2_PLACEMENT_3D('',#17533,#17534,#17535);
#17533 = CARTESIAN_POINT('',(1.983805783136E-15,16.5,72.));
#17534 = DIRECTION('',(1.110223024625E-16,1.,0.));
#17535 = DIRECTION('',(0.,0.,1.));
#17536 = DEFINITIONAL_REPRESENTATION('',(#17537),#17545);
#17537 = ( BOUNDED_CURVE() B_SPLINE_CURVE(2,(#17538,#17539,#17540,#17541
    ,#17542,#17543,#17544),.UNSPECIFIED.,.T.,.F.) 
B_SPLINE_CURVE_WITH_KNOTS((1,2,2,2,2,1),(-2.094395102393,0.,
    2.094395102393,4.188790204786,6.28318530718,8.377580409573),
.UNSPECIFIED.) CURVE() GEOMETRIC_REPRESENTATION_ITEM() 
RATIONAL_B_SPLINE_CURVE((1.,0.5,1.,0.5,1.,0.5,1.)) REPRESENTATION_ITEM(
  '') );
#17538 = CARTESIAN_POINT('',(3.741657386774,-2.5));
#17539 = CARTESIAN_POINT('',(-0.588469632148,-8.980740698408));
#17540 = CARTESIAN_POINT('',(-4.035892202848,-1.990370349204));
#17541 = CARTESIAN_POINT('',(-7.483314773548,5.));
#17542 = CARTESIAN_POINT('',(0.294234816074,4.490370349204));
#17543 = CARTESIAN_POINT('',(8.071784405696,3.980740698408));
#17544 = CARTESIAN_POINT('',(3.741657386774,-2.5));
#17545 = ( GEOMETRIC_REPRESENTATION_CONTEXT(2) 
PARAMETRIC_REPRESENTATION_CONTEXT() REPRESENTATION_CONTEXT('2D SPACE',''
  ) );
#17546 = ORIENTED_EDGE('',*,*,#17547,.T.);
#17547 = EDGE_CURVE('',#17515,#17453,#17548,.T.);
#17548 = SURFACE_CURVE('',#17549,(#17553,#17560),.PCURVE_S1.);
#17549 = LINE('',#17550,#17551);
#17550 = CARTESIAN_POINT('',(-2.5,14.2,75.741657386774));
#17551 = VECTOR('',#17552,1.);
#17552 = DIRECTION('',(-1.110223024625E-16,-1.,-0.));
#17553 = PCURVE('',#17462,#17554);
#17554 = DEFINITIONAL_REPRESENTATION('',(#17555),#17559);
#17555 = LINE('',#17556,#17557);
#17556 = CARTESIAN_POINT('',(-7.264950663758,0.));
#17557 = VECTOR('',#17558,1.);
#17558 = DIRECTION('',(-0.,1.));
#17559 = ( GEOMETRIC_REPRESENTATION_CONTEXT(2) 
PARAMETRIC_REPRESENTATION_CONTEXT() REPRESENTATION_CONTEXT('2D SPACE',''
  ) );
#17560 = PCURVE('',#17561,#17566);
#17561 = PLANE('',#17562);
#17562 = AXIS2_PLACEMENT_3D('',#17563,#17564,#17565);
#17563 = CARTESIAN_POINT('',(-2.5,14.2,61.5));
#17564 = DIRECTION('',(-1.,1.110223024625E-16,0.));
#17565 = DIRECTION('',(0.,0.,1.));
#17566 = DEFINITIONAL_REPRESENTATION('',(#17567),#17571);
#17567 = LINE('',#17568,#17569);
#17568 = CARTESIAN_POINT('',(14.241657386774,0.));
#17569 = VECTOR('',#17570,1.);
#17570 = DIRECTION('',(-0.,-1.));
#17571 = ( GEOMETRIC_REPRESENTATION_CONTEXT(2) 
PARAMETRIC_REPRESENTATION_CONTEXT() REPRESENTATION_CONTEXT('2D SPACE',''
  ) );
#17572 = ADVANCED_FACE('',(#17573,#17761),#17474,.F.);
#17573 = FACE_BOUND('',#17574,.F.);
#17574 = EDGE_LOOP('',(#17575,#17576,#17599,#17627,#17655,#17684,#17712,
    #17740));
#17575 = ORIENTED_EDGE('',*,*,#17450,.T.);
#17576 = ORIENTED_EDGE('',*,*,#17577,.T.);
#17577 = EDGE_CURVE('',#17453,#17578,#17580,.T.);
#17578 = VERTEX_POINT('',#17579);
#17579 = CARTESIAN_POINT('',(-2.5,14.2,82.5));
#17580 = SURFACE_CURVE('',#17581,(#17585,#17592),.PCURVE_S1.);
#17581 = LINE('',#17582,#17583);
#17582 = CARTESIAN_POINT('',(-2.5,14.2,61.5));
#17583 = VECTOR('',#17584,1.);
#17584 = DIRECTION('',(0.,0.,1.));
#17585 = PCURVE('',#17474,#17586);
#17586 = DEFINITIONAL_REPRESENTATION('',(#17587),#17591);
#17587 = LINE('',#17588,#17589);
#17588 = CARTESIAN_POINT('',(-10.5,-2.5));
#17589 = VECTOR('',#17590,1.);
#17590 = DIRECTION('',(1.,0.));
#17591 = ( GEOMETRIC_REPRESENTATION_CONTEXT(2) 
PARAMETRIC_REPRESENTATION_CONTEXT() REPRESENTATION_CONTEXT('2D SPACE',''
  ) );
#17592 = PCURVE('',#17561,#17593);
#17593 = DEFINITIONAL_REPRESENTATION('',(#17594),#17598);
#17594 = LINE('',#17595,#17596);
#17595 = CARTESIAN_POINT('',(0.,0.));
#17596 = VECTOR('',#17597,1.);
#17597 = DIRECTION('',(1.,0.));
#17598 = ( GEOMETRIC_REPRESENTATION_CONTEXT(2) 
PARAMETRIC_REPRESENTATION_CONTEXT() REPRESENTATION_CONTEXT('2D SPACE',''
  ) );
#17599 = ORIENTED_EDGE('',*,*,#17600,.F.);
#17600 = EDGE_CURVE('',#17601,#17578,#17603,.T.);
#17601 = VERTEX_POINT('',#17602);
#17602 = CARTESIAN_POINT('',(2.5,14.2,82.5));
#17603 = SURFACE_CURVE('',#17604,(#17608,#17615),.PCURVE_S1.);
#17604 = LINE('',#17605,#17606);
#17605 = CARTESIAN_POINT('',(2.5,14.2,82.5));
#17606 = VECTOR('',#17607,1.);
#17607 = DIRECTION('',(-1.,1.110223024625E-16,0.));
#17608 = PCURVE('',#17474,#17609);
#17609 = DEFINITIONAL_REPRESENTATION('',(#17610),#17614);
#17610 = LINE('',#17611,#17612);
#17611 = CARTESIAN_POINT('',(10.5,2.5));
#17612 = VECTOR('',#17613,1.);
#17613 = DIRECTION('',(0.,-1.));
#17614 = ( GEOMETRIC_REPRESENTATION_CONTEXT(2) 
PARAMETRIC_REPRESENTATION_CONTEXT() REPRESENTATION_CONTEXT('2D SPACE',''
  ) );
#17615 = PCURVE('',#17616,#17621);
#17616 = PLANE('',#17617);
#17617 = AXIS2_PLACEMENT_3D('',#17618,#17619,#17620);
#17618 = CARTESIAN_POINT('',(2.5,14.2,82.5));
#17619 = DIRECTION('',(0.,0.,1.));
#17620 = DIRECTION('',(1.110223024625E-16,1.,0.));
#17621 = DEFINITIONAL_REPRESENTATION('',(#17622),#17626);
#17622 = LINE('',#17623,#17624);
#17623 = CARTESIAN_POINT('',(0.,0.));
#17624 = VECTOR('',#17625,1.);
#17625 = DIRECTION('',(0.,1.));
#17626 = ( GEOMETRIC_REPRESENTATION_CONTEXT(2) 
PARAMETRIC_REPRESENTATION_CONTEXT() REPRESENTATION_CONTEXT('2D SPACE',''
  ) );
#17627 = ORIENTED_EDGE('',*,*,#17628,.F.);
#17628 = EDGE_CURVE('',#17629,#17601,#17631,.T.);
#17629 = VERTEX_POINT('',#17630);
#17630 = CARTESIAN_POINT('',(2.5,14.2,75.741657386774));
#17631 = SURFACE_CURVE('',#17632,(#17636,#17643),.PCURVE_S1.);
#17632 = LINE('',#17633,#17634);
#17633 = CARTESIAN_POINT('',(2.5,14.2,61.5));
#17634 = VECTOR('',#17635,1.);
#17635 = DIRECTION('',(0.,0.,1.));
#17636 = PCURVE('',#17474,#17637);
#17637 = DEFINITIONAL_REPRESENTATION('',(#17638),#17642);
#17638 = LINE('',#17639,#17640);
#17639 = CARTESIAN_POINT('',(-10.5,2.5));
#17640 = VECTOR('',#17641,1.);
#17641 = DIRECTION('',(1.,0.));
#17642 = ( GEOMETRIC_REPRESENTATION_CONTEXT(2) 
PARAMETRIC_REPRESENTATION_CONTEXT() REPRESENTATION_CONTEXT('2D SPACE',''
  ) );
#17643 = PCURVE('',#17644,#17649);
#17644 = PLANE('',#17645);
#17645 = AXIS2_PLACEMENT_3D('',#17646,#17647,#17648);
#17646 = CARTESIAN_POINT('',(2.5,14.2,61.5));
#17647 = DIRECTION('',(-1.,1.110223024625E-16,0.));
#17648 = DIRECTION('',(0.,0.,1.));
#17649 = DEFINITIONAL_REPRESENTATION('',(#17650),#17654);
#17650 = LINE('',#17651,#17652);
#17651 = CARTESIAN_POINT('',(0.,0.));
#17652 = VECTOR('',#17653,1.);
#17653 = DIRECTION('',(1.,0.));
#17654 = ( GEOMETRIC_REPRESENTATION_CONTEXT(2) 
PARAMETRIC_REPRESENTATION_CONTEXT() REPRESENTATION_CONTEXT('2D SPACE',''
  ) );
#17655 = ORIENTED_EDGE('',*,*,#17656,.T.);
#17656 = EDGE_CURVE('',#17629,#17657,#17659,.T.);
#17657 = VERTEX_POINT('',#17658);
#17658 = CARTESIAN_POINT('',(2.5,14.2,68.258342613226));
#17659 = SURFACE_CURVE('',#17660,(#17665,#17672),.PCURVE_S1.);
#17660 = CIRCLE('',#17661,4.5);
#17661 = AXIS2_PLACEMENT_3D('',#17662,#17663,#17664);
#17662 = CARTESIAN_POINT('',(1.576516694968E-15,14.2,72.));
#17663 = DIRECTION('',(1.110223024625E-16,1.,-0.));
#17664 = DIRECTION('',(-1.,1.110223024625E-16,0.));
#17665 = PCURVE('',#17474,#17666);
#17666 = DEFINITIONAL_REPRESENTATION('',(#17667),#17671);
#17667 = CIRCLE('',#17668,4.5);
#17668 = AXIS2_PLACEMENT_2D('',#17669,#17670);
#17669 = CARTESIAN_POINT('',(0.,-1.519377925044E-16));
#17670 = DIRECTION('',(0.,-1.));
#17671 = ( GEOMETRIC_REPRESENTATION_CONTEXT(2) 
PARAMETRIC_REPRESENTATION_CONTEXT() REPRESENTATION_CONTEXT('2D SPACE',''
  ) );
#17672 = PCURVE('',#17673,#17678);
#17673 = CYLINDRICAL_SURFACE('',#17674,4.5);
#17674 = AXIS2_PLACEMENT_3D('',#17675,#17676,#17677);
#17675 = CARTESIAN_POINT('',(1.576516694968E-15,14.2,72.));
#17676 = DIRECTION('',(-1.110223024625E-16,-1.,-0.));
#17677 = DIRECTION('',(-1.,1.110223024625E-16,0.));
#17678 = DEFINITIONAL_REPRESENTATION('',(#17679),#17683);
#17679 = LINE('',#17680,#17681);
#17680 = CARTESIAN_POINT('',(-0.,0.));
#17681 = VECTOR('',#17682,1.);
#17682 = DIRECTION('',(-1.,0.));
#17683 = ( GEOMETRIC_REPRESENTATION_CONTEXT(2) 
PARAMETRIC_REPRESENTATION_CONTEXT() REPRESENTATION_CONTEXT('2D SPACE',''
  ) );
#17684 = ORIENTED_EDGE('',*,*,#17685,.F.);
#17685 = EDGE_CURVE('',#17686,#17657,#17688,.T.);
#17686 = VERTEX_POINT('',#17687);
#17687 = CARTESIAN_POINT('',(2.5,14.2,61.5));
#17688 = SURFACE_CURVE('',#17689,(#17693,#17700),.PCURVE_S1.);
#17689 = LINE('',#17690,#17691);
#17690 = CARTESIAN_POINT('',(2.5,14.2,61.5));
#17691 = VECTOR('',#17692,1.);
#17692 = DIRECTION('',(0.,0.,1.));
#17693 = PCURVE('',#17474,#17694);
#17694 = DEFINITIONAL_REPRESENTATION('',(#17695),#17699);
#17695 = LINE('',#17696,#17697);
#17696 = CARTESIAN_POINT('',(-10.5,2.5));
#17697 = VECTOR('',#17698,1.);
#17698 = DIRECTION('',(1.,0.));
#17699 = ( GEOMETRIC_REPRESENTATION_CONTEXT(2) 
PARAMETRIC_REPRESENTATION_CONTEXT() REPRESENTATION_CONTEXT('2D SPACE',''
  ) );
#17700 = PCURVE('',#17701,#17706);
#17701 = PLANE('',#17702);
#17702 = AXIS2_PLACEMENT_3D('',#17703,#17704,#17705);
#17703 = CARTESIAN_POINT('',(2.5,14.2,61.5));
#17704 = DIRECTION('',(-1.,1.110223024625E-16,0.));
#17705 = DIRECTION('',(0.,0.,1.));
#17706 = DEFINITIONAL_REPRESENTATION('',(#17707),#17711);
#17707 = LINE('',#17708,#17709);
#17708 = CARTESIAN_POINT('',(0.,0.));
#17709 = VECTOR('',#17710,1.);
#17710 = DIRECTION('',(1.,0.));
#17711 = ( GEOMETRIC_REPRESENTATION_CONTEXT(2) 
PARAMETRIC_REPRESENTATION_CONTEXT() REPRESENTATION_CONTEXT('2D SPACE',''
  ) );
#17712 = ORIENTED_EDGE('',*,*,#17713,.T.);
#17713 = EDGE_CURVE('',#17686,#17714,#17716,.T.);
#17714 = VERTEX_POINT('',#17715);
#17715 = CARTESIAN_POINT('',(-2.5,14.2,61.5));
#17716 = SURFACE_CURVE('',#17717,(#17721,#17728),.PCURVE_S1.);
#17717 = LINE('',#17718,#17719);
#17718 = CARTESIAN_POINT('',(2.5,14.2,61.5));
#17719 = VECTOR('',#17720,1.);
#17720 = DIRECTION('',(-1.,1.110223024625E-16,0.));
#17721 = PCURVE('',#17474,#17722);
#17722 = DEFINITIONAL_REPRESENTATION('',(#17723),#17727);
#17723 = LINE('',#17724,#17725);
#17724 = CARTESIAN_POINT('',(-10.5,2.5));
#17725 = VECTOR('',#17726,1.);
#17726 = DIRECTION('',(0.,-1.));
#17727 = ( GEOMETRIC_REPRESENTATION_CONTEXT(2) 
PARAMETRIC_REPRESENTATION_CONTEXT() REPRESENTATION_CONTEXT('2D SPACE',''
  ) );
#17728 = PCURVE('',#17729,#17734);
#17729 = PLANE('',#17730);
#17730 = AXIS2_PLACEMENT_3D('',#17731,#17732,#17733);
#17731 = CARTESIAN_POINT('',(2.5,14.2,61.5));
#17732 = DIRECTION('',(0.,0.,1.));
#17733 = DIRECTION('',(1.110223024625E-16,1.,0.));
#17734 = DEFINITIONAL_REPRESENTATION('',(#17735),#17739);
#17735 = LINE('',#17736,#17737);
#17736 = CARTESIAN_POINT('',(0.,0.));
#17737 = VECTOR('',#17738,1.);
#17738 = DIRECTION('',(0.,1.));
#17739 = ( GEOMETRIC_REPRESENTATION_CONTEXT(2) 
PARAMETRIC_REPRESENTATION_CONTEXT() REPRESENTATION_CONTEXT('2D SPACE',''
  ) );
#17740 = ORIENTED_EDGE('',*,*,#17741,.T.);
#17741 = EDGE_CURVE('',#17714,#17451,#17742,.T.);
#17742 = SURFACE_CURVE('',#17743,(#17747,#17754),.PCURVE_S1.);
#17743 = LINE('',#17744,#17745);
#17744 = CARTESIAN_POINT('',(-2.5,14.2,61.5));
#17745 = VECTOR('',#17746,1.);
#17746 = DIRECTION('',(0.,0.,1.));
#17747 = PCURVE('',#17474,#17748);
#17748 = DEFINITIONAL_REPRESENTATION('',(#17749),#17753);
#17749 = LINE('',#17750,#17751);
#17750 = CARTESIAN_POINT('',(-10.5,-2.5));
#17751 = VECTOR('',#17752,1.);
#17752 = DIRECTION('',(1.,0.));
#17753 = ( GEOMETRIC_REPRESENTATION_CONTEXT(2) 
PARAMETRIC_REPRESENTATION_CONTEXT() REPRESENTATION_CONTEXT('2D SPACE',''
  ) );
#17754 = PCURVE('',#17502,#17755);
#17755 = DEFINITIONAL_REPRESENTATION('',(#17756),#17760);
#17756 = LINE('',#17757,#17758);
#17757 = CARTESIAN_POINT('',(0.,0.));
#17758 = VECTOR('',#17759,1.);
#17759 = DIRECTION('',(1.,0.));
#17760 = ( GEOMETRIC_REPRESENTATION_CONTEXT(2) 
PARAMETRIC_REPRESENTATION_CONTEXT() REPRESENTATION_CONTEXT('2D SPACE',''
  ) );
#17761 = FACE_BOUND('',#17762,.F.);
#17762 = EDGE_LOOP('',(#17763));
#17763 = ORIENTED_EDGE('',*,*,#17764,.T.);
#17764 = EDGE_CURVE('',#17765,#17765,#17767,.T.);
#17765 = VERTEX_POINT('',#17766);
#17766 = CARTESIAN_POINT('',(-1.1,14.2,72.));
#17767 = SURFACE_CURVE('',#17768,(#17773,#17784),.PCURVE_S1.);
#17768 = CIRCLE('',#17769,1.1);
#17769 = AXIS2_PLACEMENT_3D('',#17770,#17771,#17772);
#17770 = CARTESIAN_POINT('',(1.576516694968E-15,14.2,72.));
#17771 = DIRECTION('',(-1.110223024625E-16,-1.,-0.));
#17772 = DIRECTION('',(-1.,1.110223024625E-16,0.));
#17773 = PCURVE('',#17474,#17774);
#17774 = DEFINITIONAL_REPRESENTATION('',(#17775),#17783);
#17775 = ( BOUNDED_CURVE() B_SPLINE_CURVE(2,(#17776,#17777,#17778,#17779
    ,#17780,#17781,#17782),.UNSPECIFIED.,.T.,.F.) 
B_SPLINE_CURVE_WITH_KNOTS((1,2,2,2,2,1),(-2.094395102393,0.,
    2.094395102393,4.188790204786,6.28318530718,8.377580409573),
.UNSPECIFIED.) CURVE() GEOMETRIC_REPRESENTATION_ITEM() 
RATIONAL_B_SPLINE_CURVE((1.,0.5,1.,0.5,1.,0.5,1.)) REPRESENTATION_ITEM(
  '') );
#17776 = CARTESIAN_POINT('',(0.,-1.1));
#17777 = CARTESIAN_POINT('',(-1.905255888326,-1.1));
#17778 = CARTESIAN_POINT('',(-0.952627944163,0.55));
#17779 = CARTESIAN_POINT('',(-2.694222958124E-16,2.2));
#17780 = CARTESIAN_POINT('',(0.952627944163,0.55));
#17781 = CARTESIAN_POINT('',(1.905255888326,-1.1));
#17782 = CARTESIAN_POINT('',(0.,-1.1));
#17783 = ( GEOMETRIC_REPRESENTATION_CONTEXT(2) 
PARAMETRIC_REPRESENTATION_CONTEXT() REPRESENTATION_CONTEXT('2D SPACE',''
  ) );
#17784 = PCURVE('',#17785,#17790);
#17785 = CYLINDRICAL_SURFACE('',#17786,1.1);
#17786 = AXIS2_PLACEMENT_3D('',#17787,#17788,#17789);
#17787 = CARTESIAN_POINT('',(1.543210004229E-15,13.9,72.));
#17788 = DIRECTION('',(-1.110223024625E-16,-1.,-0.));
#17789 = DIRECTION('',(-1.,1.110223024625E-16,0.));
#17790 = DEFINITIONAL_REPRESENTATION('',(#17791),#17795);
#17791 = LINE('',#17792,#17793);
#17792 = CARTESIAN_POINT('',(-6.28318530718,-0.3));
#17793 = VECTOR('',#17794,1.);
#17794 = DIRECTION('',(1.,-0.));
#17795 = ( GEOMETRIC_REPRESENTATION_CONTEXT(2) 
PARAMETRIC_REPRESENTATION_CONTEXT() REPRESENTATION_CONTEXT('2D SPACE',''
  ) );
#17796 = ADVANCED_FACE('',(#17797),#17502,.T.);
#17797 = FACE_BOUND('',#17798,.T.);
#17798 = EDGE_LOOP('',(#17799,#17822,#17843,#17844));
#17799 = ORIENTED_EDGE('',*,*,#17800,.F.);
#17800 = EDGE_CURVE('',#17801,#17487,#17803,.T.);
#17801 = VERTEX_POINT('',#17802);
#17802 = CARTESIAN_POINT('',(-2.5,16.5,61.5));
#17803 = SURFACE_CURVE('',#17804,(#17808,#17815),.PCURVE_S1.);
#17804 = LINE('',#17805,#17806);
#17805 = CARTESIAN_POINT('',(-2.5,16.5,61.5));
#17806 = VECTOR('',#17807,1.);
#17807 = DIRECTION('',(0.,0.,1.));
#17808 = PCURVE('',#17502,#17809);
#17809 = DEFINITIONAL_REPRESENTATION('',(#17810),#17814);
#17810 = LINE('',#17811,#17812);
#17811 = CARTESIAN_POINT('',(0.,2.3));
#17812 = VECTOR('',#17813,1.);
#17813 = DIRECTION('',(1.,0.));
#17814 = ( GEOMETRIC_REPRESENTATION_CONTEXT(2) 
PARAMETRIC_REPRESENTATION_CONTEXT() REPRESENTATION_CONTEXT('2D SPACE',''
  ) );
#17815 = PCURVE('',#17531,#17816);
#17816 = DEFINITIONAL_REPRESENTATION('',(#17817),#17821);
#17817 = LINE('',#17818,#17819);
#17818 = CARTESIAN_POINT('',(-10.5,-2.5));
#17819 = VECTOR('',#17820,1.);
#17820 = DIRECTION('',(1.,0.));
#17821 = ( GEOMETRIC_REPRESENTATION_CONTEXT(2) 
PARAMETRIC_REPRESENTATION_CONTEXT() REPRESENTATION_CONTEXT('2D SPACE',''
  ) );
#17822 = ORIENTED_EDGE('',*,*,#17823,.F.);
#17823 = EDGE_CURVE('',#17714,#17801,#17824,.T.);
#17824 = SURFACE_CURVE('',#17825,(#17829,#17836),.PCURVE_S1.);
#17825 = LINE('',#17826,#17827);
#17826 = CARTESIAN_POINT('',(-2.5,14.2,61.5));
#17827 = VECTOR('',#17828,1.);
#17828 = DIRECTION('',(1.110223024625E-16,1.,0.));
#17829 = PCURVE('',#17502,#17830);
#17830 = DEFINITIONAL_REPRESENTATION('',(#17831),#17835);
#17831 = LINE('',#17832,#17833);
#17832 = CARTESIAN_POINT('',(0.,0.));
#17833 = VECTOR('',#17834,1.);
#17834 = DIRECTION('',(0.,1.));
#17835 = ( GEOMETRIC_REPRESENTATION_CONTEXT(2) 
PARAMETRIC_REPRESENTATION_CONTEXT() REPRESENTATION_CONTEXT('2D SPACE',''
  ) );
#17836 = PCURVE('',#17729,#17837);
#17837 = DEFINITIONAL_REPRESENTATION('',(#17838),#17842);
#17838 = LINE('',#17839,#17840);
#17839 = CARTESIAN_POINT('',(-5.551115123126E-16,5.));
#17840 = VECTOR('',#17841,1.);
#17841 = DIRECTION('',(1.,0.));
#17842 = ( GEOMETRIC_REPRESENTATION_CONTEXT(2) 
PARAMETRIC_REPRESENTATION_CONTEXT() REPRESENTATION_CONTEXT('2D SPACE',''
  ) );
#17843 = ORIENTED_EDGE('',*,*,#17741,.T.);
#17844 = ORIENTED_EDGE('',*,*,#17486,.F.);
#17845 = ADVANCED_FACE('',(#17846,#17987),#17531,.T.);
#17846 = FACE_BOUND('',#17847,.T.);
#17847 = EDGE_LOOP('',(#17848,#17849,#17872,#17895,#17918,#17942,#17965,
    #17986));
#17848 = ORIENTED_EDGE('',*,*,#17514,.F.);
#17849 = ORIENTED_EDGE('',*,*,#17850,.T.);
#17850 = EDGE_CURVE('',#17515,#17851,#17853,.T.);
#17851 = VERTEX_POINT('',#17852);
#17852 = CARTESIAN_POINT('',(-2.5,16.5,82.5));
#17853 = SURFACE_CURVE('',#17854,(#17858,#17865),.PCURVE_S1.);
#17854 = LINE('',#17855,#17856);
#17855 = CARTESIAN_POINT('',(-2.5,16.5,61.5));
#17856 = VECTOR('',#17857,1.);
#17857 = DIRECTION('',(0.,0.,1.));
#17858 = PCURVE('',#17531,#17859);
#17859 = DEFINITIONAL_REPRESENTATION('',(#17860),#17864);
#17860 = LINE('',#17861,#17862);
#17861 = CARTESIAN_POINT('',(-10.5,-2.5));
#17862 = VECTOR('',#17863,1.);
#17863 = DIRECTION('',(1.,0.));
#17864 = ( GEOMETRIC_REPRESENTATION_CONTEXT(2) 
PARAMETRIC_REPRESENTATION_CONTEXT() REPRESENTATION_CONTEXT('2D SPACE',''
  ) );
#17865 = PCURVE('',#17561,#17866);
#17866 = DEFINITIONAL_REPRESENTATION('',(#17867),#17871);
#17867 = LINE('',#17868,#17869);
#17868 = CARTESIAN_POINT('',(0.,2.3));
#17869 = VECTOR('',#17870,1.);
#17870 = DIRECTION('',(1.,0.));
#17871 = ( GEOMETRIC_REPRESENTATION_CONTEXT(2) 
PARAMETRIC_REPRESENTATION_CONTEXT() REPRESENTATION_CONTEXT('2D SPACE',''
  ) );
#17872 = ORIENTED_EDGE('',*,*,#17873,.F.);
#17873 = EDGE_CURVE('',#17874,#17851,#17876,.T.);
#17874 = VERTEX_POINT('',#17875);
#17875 = CARTESIAN_POINT('',(2.5,16.5,82.5));
#17876 = SURFACE_CURVE('',#17877,(#17881,#17888),.PCURVE_S1.);
#17877 = LINE('',#17878,#17879);
#17878 = CARTESIAN_POINT('',(2.5,16.5,82.5));
#17879 = VECTOR('',#17880,1.);
#17880 = DIRECTION('',(-1.,1.110223024625E-16,0.));
#17881 = PCURVE('',#17531,#17882);
#17882 = DEFINITIONAL_REPRESENTATION('',(#17883),#17887);
#17883 = LINE('',#17884,#17885);
#17884 = CARTESIAN_POINT('',(10.5,2.5));
#17885 = VECTOR('',#17886,1.);
#17886 = DIRECTION('',(0.,-1.));
#17887 = ( GEOMETRIC_REPRESENTATION_CONTEXT(2) 
PARAMETRIC_REPRESENTATION_CONTEXT() REPRESENTATION_CONTEXT('2D SPACE',''
  ) );
#17888 = PCURVE('',#17616,#17889);
#17889 = DEFINITIONAL_REPRESENTATION('',(#17890),#17894);
#17890 = LINE('',#17891,#17892);
#17891 = CARTESIAN_POINT('',(2.3,2.553512956638E-16));
#17892 = VECTOR('',#17893,1.);
#17893 = DIRECTION('',(0.,1.));
#17894 = ( GEOMETRIC_REPRESENTATION_CONTEXT(2) 
PARAMETRIC_REPRESENTATION_CONTEXT() REPRESENTATION_CONTEXT('2D SPACE',''
  ) );
#17895 = ORIENTED_EDGE('',*,*,#17896,.F.);
#17896 = EDGE_CURVE('',#17897,#17874,#17899,.T.);
#17897 = VERTEX_POINT('',#17898);
#17898 = CARTESIAN_POINT('',(2.5,16.5,75.741657386774));
#17899 = SURFACE_CURVE('',#17900,(#17904,#17911),.PCURVE_S1.);
#17900 = LINE('',#17901,#17902);
#17901 = CARTESIAN_POINT('',(2.5,16.5,61.5));
#17902 = VECTOR('',#17903,1.);
#17903 = DIRECTION('',(0.,0.,1.));
#17904 = PCURVE('',#17531,#17905);
#17905 = DEFINITIONAL_REPRESENTATION('',(#17906),#17910);
#17906 = LINE('',#17907,#17908);
#17907 = CARTESIAN_POINT('',(-10.5,2.5));
#17908 = VECTOR('',#17909,1.);
#17909 = DIRECTION('',(1.,0.));
#17910 = ( GEOMETRIC_REPRESENTATION_CONTEXT(2) 
PARAMETRIC_REPRESENTATION_CONTEXT() REPRESENTATION_CONTEXT('2D SPACE',''
  ) );
#17911 = PCURVE('',#17644,#17912);
#17912 = DEFINITIONAL_REPRESENTATION('',(#17913),#17917);
#17913 = LINE('',#17914,#17915);
#17914 = CARTESIAN_POINT('',(0.,2.3));
#17915 = VECTOR('',#17916,1.);
#17916 = DIRECTION('',(1.,0.));
#17917 = ( GEOMETRIC_REPRESENTATION_CONTEXT(2) 
PARAMETRIC_REPRESENTATION_CONTEXT() REPRESENTATION_CONTEXT('2D SPACE',''
  ) );
#17918 = ORIENTED_EDGE('',*,*,#17919,.T.);
#17919 = EDGE_CURVE('',#17897,#17920,#17922,.T.);
#17920 = VERTEX_POINT('',#17921);
#17921 = CARTESIAN_POINT('',(2.5,16.5,68.258342613226));
#17922 = SURFACE_CURVE('',#17923,(#17928,#17935),.PCURVE_S1.);
#17923 = CIRCLE('',#17924,4.5);
#17924 = AXIS2_PLACEMENT_3D('',#17925,#17926,#17927);
#17925 = CARTESIAN_POINT('',(1.831867990632E-15,16.5,72.));
#17926 = DIRECTION('',(1.110223024625E-16,1.,-0.));
#17927 = DIRECTION('',(-1.,1.110223024625E-16,0.));
#17928 = PCURVE('',#17531,#17929);
#17929 = DEFINITIONAL_REPRESENTATION('',(#17930),#17934);
#17930 = CIRCLE('',#17931,4.5);
#17931 = AXIS2_PLACEMENT_2D('',#17932,#17933);
#17932 = CARTESIAN_POINT('',(0.,-1.519377925044E-16));
#17933 = DIRECTION('',(0.,-1.));
#17934 = ( GEOMETRIC_REPRESENTATION_CONTEXT(2) 
PARAMETRIC_REPRESENTATION_CONTEXT() REPRESENTATION_CONTEXT('2D SPACE',''
  ) );
#17935 = PCURVE('',#17673,#17936);
#17936 = DEFINITIONAL_REPRESENTATION('',(#17937),#17941);
#17937 = LINE('',#17938,#17939);
#17938 = CARTESIAN_POINT('',(-0.,-2.3));
#17939 = VECTOR('',#17940,1.);
#17940 = DIRECTION('',(-1.,0.));
#17941 = ( GEOMETRIC_REPRESENTATION_CONTEXT(2) 
PARAMETRIC_REPRESENTATION_CONTEXT() REPRESENTATION_CONTEXT('2D SPACE',''
  ) );
#17942 = ORIENTED_EDGE('',*,*,#17943,.F.);
#17943 = EDGE_CURVE('',#17944,#17920,#17946,.T.);
#17944 = VERTEX_POINT('',#17945);
#17945 = CARTESIAN_POINT('',(2.5,16.5,61.5));
#17946 = SURFACE_CURVE('',#17947,(#17951,#17958),.PCURVE_S1.);
#17947 = LINE('',#17948,#17949);
#17948 = CARTESIAN_POINT('',(2.5,16.5,61.5));
#17949 = VECTOR('',#17950,1.);
#17950 = DIRECTION('',(0.,0.,1.));
#17951 = PCURVE('',#17531,#17952);
#17952 = DEFINITIONAL_REPRESENTATION('',(#17953),#17957);
#17953 = LINE('',#17954,#17955);
#17954 = CARTESIAN_POINT('',(-10.5,2.5));
#17955 = VECTOR('',#17956,1.);
#17956 = DIRECTION('',(1.,0.));
#17957 = ( GEOMETRIC_REPRESENTATION_CONTEXT(2) 
PARAMETRIC_REPRESENTATION_CONTEXT() REPRESENTATION_CONTEXT('2D SPACE',''
  ) );
#17958 = PCURVE('',#17701,#17959);
#17959 = DEFINITIONAL_REPRESENTATION('',(#17960),#17964);
#17960 = LINE('',#17961,#17962);
#17961 = CARTESIAN_POINT('',(0.,2.3));
#17962 = VECTOR('',#17963,1.);
#17963 = DIRECTION('',(1.,0.));
#17964 = ( GEOMETRIC_REPRESENTATION_CONTEXT(2) 
PARAMETRIC_REPRESENTATION_CONTEXT() REPRESENTATION_CONTEXT('2D SPACE',''
  ) );
#17965 = ORIENTED_EDGE('',*,*,#17966,.T.);
#17966 = EDGE_CURVE('',#17944,#17801,#17967,.T.);
#17967 = SURFACE_CURVE('',#17968,(#17972,#17979),.PCURVE_S1.);
#17968 = LINE('',#17969,#17970);
#17969 = CARTESIAN_POINT('',(2.5,16.5,61.5));
#17970 = VECTOR('',#17971,1.);
#17971 = DIRECTION('',(-1.,1.110223024625E-16,0.));
#17972 = PCURVE('',#17531,#17973);
#17973 = DEFINITIONAL_REPRESENTATION('',(#17974),#17978);
#17974 = LINE('',#17975,#17976);
#17975 = CARTESIAN_POINT('',(-10.5,2.5));
#17976 = VECTOR('',#17977,1.);
#17977 = DIRECTION('',(0.,-1.));
#17978 = ( GEOMETRIC_REPRESENTATION_CONTEXT(2) 
PARAMETRIC_REPRESENTATION_CONTEXT() REPRESENTATION_CONTEXT('2D SPACE',''
  ) );
#17979 = PCURVE('',#17729,#17980);
#17980 = DEFINITIONAL_REPRESENTATION('',(#17981),#17985);
#17981 = LINE('',#17982,#17983);
#17982 = CARTESIAN_POINT('',(2.3,2.553512956638E-16));
#17983 = VECTOR('',#17984,1.);
#17984 = DIRECTION('',(0.,1.));
#17985 = ( GEOMETRIC_REPRESENTATION_CONTEXT(2) 
PARAMETRIC_REPRESENTATION_CONTEXT() REPRESENTATION_CONTEXT('2D SPACE',''
  ) );
#17986 = ORIENTED_EDGE('',*,*,#17800,.T.);
#17987 = FACE_BOUND('',#17988,.T.);
#17988 = EDGE_LOOP('',(#17989));
#17989 = ORIENTED_EDGE('',*,*,#17990,.T.);
#17990 = EDGE_CURVE('',#17991,#17991,#17993,.T.);
#17991 = VERTEX_POINT('',#17992);
#17992 = CARTESIAN_POINT('',(-1.1,16.5,72.));
#17993 = SURFACE_CURVE('',#17994,(#17999,#18010),.PCURVE_S1.);
#17994 = CIRCLE('',#17995,1.1);
#17995 = AXIS2_PLACEMENT_3D('',#17996,#17997,#17998);
#17996 = CARTESIAN_POINT('',(1.831867990632E-15,16.5,72.));
#17997 = DIRECTION('',(-1.110223024625E-16,-1.,-0.));
#17998 = DIRECTION('',(-1.,1.110223024625E-16,0.));
#17999 = PCURVE('',#17531,#18000);
#18000 = DEFINITIONAL_REPRESENTATION('',(#18001),#18009);
#18001 = ( BOUNDED_CURVE() B_SPLINE_CURVE(2,(#18002,#18003,#18004,#18005
    ,#18006,#18007,#18008),.UNSPECIFIED.,.T.,.F.) 
B_SPLINE_CURVE_WITH_KNOTS((1,2,2,2,2,1),(-2.094395102393,0.,
    2.094395102393,4.188790204786,6.28318530718,8.377580409573),
.UNSPECIFIED.) CURVE() GEOMETRIC_REPRESENTATION_ITEM() 
RATIONAL_B_SPLINE_CURVE((1.,0.5,1.,0.5,1.,0.5,1.)) REPRESENTATION_ITEM(
  '') );
#18002 = CARTESIAN_POINT('',(0.,-1.1));
#18003 = CARTESIAN_POINT('',(-1.905255888326,-1.1));
#18004 = CARTESIAN_POINT('',(-0.952627944163,0.55));
#18005 = CARTESIAN_POINT('',(-2.694222958124E-16,2.2));
#18006 = CARTESIAN_POINT('',(0.952627944163,0.55));
#18007 = CARTESIAN_POINT('',(1.905255888326,-1.1));
#18008 = CARTESIAN_POINT('',(0.,-1.1));
#18009 = ( GEOMETRIC_REPRESENTATION_CONTEXT(2) 
PARAMETRIC_REPRESENTATION_CONTEXT() REPRESENTATION_CONTEXT('2D SPACE',''
  ) );
#18010 = PCURVE('',#17785,#18011);
#18011 = DEFINITIONAL_REPRESENTATION('',(#18012),#18016);
#18012 = LINE('',#18013,#18014);
#18013 = CARTESIAN_POINT('',(-6.28318530718,-2.6));
#18014 = VECTOR('',#18015,1.);
#18015 = DIRECTION('',(1.,-0.));
#18016 = ( GEOMETRIC_REPRESENTATION_CONTEXT(2) 
PARAMETRIC_REPRESENTATION_CONTEXT() REPRESENTATION_CONTEXT('2D SPACE',''
  ) );
#18017 = ADVANCED_FACE('',(#18018),#17561,.T.);
#18018 = FACE_BOUND('',#18019,.T.);
#18019 = EDGE_LOOP('',(#18020,#18021,#18022,#18023));
#18020 = ORIENTED_EDGE('',*,*,#17850,.F.);
#18021 = ORIENTED_EDGE('',*,*,#17547,.T.);
#18022 = ORIENTED_EDGE('',*,*,#17577,.T.);
#18023 = ORIENTED_EDGE('',*,*,#18024,.T.);
#18024 = EDGE_CURVE('',#17578,#17851,#18025,.T.);
#18025 = SURFACE_CURVE('',#18026,(#18030,#18037),.PCURVE_S1.);
#18026 = LINE('',#18027,#18028);
#18027 = CARTESIAN_POINT('',(-2.5,14.2,82.5));
#18028 = VECTOR('',#18029,1.);
#18029 = DIRECTION('',(1.110223024625E-16,1.,0.));
#18030 = PCURVE('',#17561,#18031);
#18031 = DEFINITIONAL_REPRESENTATION('',(#18032),#18036);
#18032 = LINE('',#18033,#18034);
#18033 = CARTESIAN_POINT('',(21.,0.));
#18034 = VECTOR('',#18035,1.);
#18035 = DIRECTION('',(0.,1.));
#18036 = ( GEOMETRIC_REPRESENTATION_CONTEXT(2) 
PARAMETRIC_REPRESENTATION_CONTEXT() REPRESENTATION_CONTEXT('2D SPACE',''
  ) );
#18037 = PCURVE('',#17616,#18038);
#18038 = DEFINITIONAL_REPRESENTATION('',(#18039),#18043);
#18039 = LINE('',#18040,#18041);
#18040 = CARTESIAN_POINT('',(-5.551115123126E-16,5.));
#18041 = VECTOR('',#18042,1.);
#18042 = DIRECTION('',(1.,0.));
#18043 = ( GEOMETRIC_REPRESENTATION_CONTEXT(2) 
PARAMETRIC_REPRESENTATION_CONTEXT() REPRESENTATION_CONTEXT('2D SPACE',''
  ) );
#18044 = ADVANCED_FACE('',(#18045),#17729,.F.);
#18045 = FACE_BOUND('',#18046,.F.);
#18046 = EDGE_LOOP('',(#18047,#18048,#18069,#18070));
#18047 = ORIENTED_EDGE('',*,*,#17713,.F.);
#18048 = ORIENTED_EDGE('',*,*,#18049,.T.);
#18049 = EDGE_CURVE('',#17686,#17944,#18050,.T.);
#18050 = SURFACE_CURVE('',#18051,(#18055,#18062),.PCURVE_S1.);
#18051 = LINE('',#18052,#18053);
#18052 = CARTESIAN_POINT('',(2.5,14.2,61.5));
#18053 = VECTOR('',#18054,1.);
#18054 = DIRECTION('',(1.110223024625E-16,1.,0.));
#18055 = PCURVE('',#17729,#18056);
#18056 = DEFINITIONAL_REPRESENTATION('',(#18057),#18061);
#18057 = LINE('',#18058,#18059);
#18058 = CARTESIAN_POINT('',(0.,0.));
#18059 = VECTOR('',#18060,1.);
#18060 = DIRECTION('',(1.,0.));
#18061 = ( GEOMETRIC_REPRESENTATION_CONTEXT(2) 
PARAMETRIC_REPRESENTATION_CONTEXT() REPRESENTATION_CONTEXT('2D SPACE',''
  ) );
#18062 = PCURVE('',#17701,#18063);
#18063 = DEFINITIONAL_REPRESENTATION('',(#18064),#18068);
#18064 = LINE('',#18065,#18066);
#18065 = CARTESIAN_POINT('',(0.,0.));
#18066 = VECTOR('',#18067,1.);
#18067 = DIRECTION('',(0.,1.));
#18068 = ( GEOMETRIC_REPRESENTATION_CONTEXT(2) 
PARAMETRIC_REPRESENTATION_CONTEXT() REPRESENTATION_CONTEXT('2D SPACE',''
  ) );
#18069 = ORIENTED_EDGE('',*,*,#17966,.T.);
#18070 = ORIENTED_EDGE('',*,*,#17823,.F.);
#18071 = ADVANCED_FACE('',(#18072),#17616,.T.);
#18072 = FACE_BOUND('',#18073,.T.);
#18073 = EDGE_LOOP('',(#18074,#18075,#18096,#18097));
#18074 = ORIENTED_EDGE('',*,*,#17600,.F.);
#18075 = ORIENTED_EDGE('',*,*,#18076,.T.);
#18076 = EDGE_CURVE('',#17601,#17874,#18077,.T.);
#18077 = SURFACE_CURVE('',#18078,(#18082,#18089),.PCURVE_S1.);
#18078 = LINE('',#18079,#18080);
#18079 = CARTESIAN_POINT('',(2.5,14.2,82.5));
#18080 = VECTOR('',#18081,1.);
#18081 = DIRECTION('',(1.110223024625E-16,1.,0.));
#18082 = PCURVE('',#17616,#18083);
#18083 = DEFINITIONAL_REPRESENTATION('',(#18084),#18088);
#18084 = LINE('',#18085,#18086);
#18085 = CARTESIAN_POINT('',(0.,0.));
#18086 = VECTOR('',#18087,1.);
#18087 = DIRECTION('',(1.,0.));
#18088 = ( GEOMETRIC_REPRESENTATION_CONTEXT(2) 
PARAMETRIC_REPRESENTATION_CONTEXT() REPRESENTATION_CONTEXT('2D SPACE',''
  ) );
#18089 = PCURVE('',#17644,#18090);
#18090 = DEFINITIONAL_REPRESENTATION('',(#18091),#18095);
#18091 = LINE('',#18092,#18093);
#18092 = CARTESIAN_POINT('',(21.,0.));
#18093 = VECTOR('',#18094,1.);
#18094 = DIRECTION('',(0.,1.));
#18095 = ( GEOMETRIC_REPRESENTATION_CONTEXT(2) 
PARAMETRIC_REPRESENTATION_CONTEXT() REPRESENTATION_CONTEXT('2D SPACE',''
  ) );
#18096 = ORIENTED_EDGE('',*,*,#17873,.T.);
#18097 = ORIENTED_EDGE('',*,*,#18024,.F.);
#18098 = ADVANCED_FACE('',(#18099),#17701,.F.);
#18099 = FACE_BOUND('',#18100,.F.);
#18100 = EDGE_LOOP('',(#18101,#18102,#18103,#18104));
#18101 = ORIENTED_EDGE('',*,*,#17943,.F.);
#18102 = ORIENTED_EDGE('',*,*,#18049,.F.);
#18103 = ORIENTED_EDGE('',*,*,#17685,.T.);
#18104 = ORIENTED_EDGE('',*,*,#18105,.F.);
#18105 = EDGE_CURVE('',#17920,#17657,#18106,.T.);
#18106 = SURFACE_CURVE('',#18107,(#18111,#18118),.PCURVE_S1.);
#18107 = LINE('',#18108,#18109);
#18108 = CARTESIAN_POINT('',(2.5,14.2,68.258342613226));
#18109 = VECTOR('',#18110,1.);
#18110 = DIRECTION('',(-1.110223024625E-16,-1.,-0.));
#18111 = PCURVE('',#17701,#18112);
#18112 = DEFINITIONAL_REPRESENTATION('',(#18113),#18117);
#18113 = LINE('',#18114,#18115);
#18114 = CARTESIAN_POINT('',(6.758342613226,0.));
#18115 = VECTOR('',#18116,1.);
#18116 = DIRECTION('',(-0.,-1.));
#18117 = ( GEOMETRIC_REPRESENTATION_CONTEXT(2) 
PARAMETRIC_REPRESENTATION_CONTEXT() REPRESENTATION_CONTEXT('2D SPACE',''
  ) );
#18118 = PCURVE('',#17673,#18119);
#18119 = DEFINITIONAL_REPRESENTATION('',(#18120),#18124);
#18120 = LINE('',#18121,#18122);
#18121 = CARTESIAN_POINT('',(-4.123358010168,0.));
#18122 = VECTOR('',#18123,1.);
#18123 = DIRECTION('',(-0.,1.));
#18124 = ( GEOMETRIC_REPRESENTATION_CONTEXT(2) 
PARAMETRIC_REPRESENTATION_CONTEXT() REPRESENTATION_CONTEXT('2D SPACE',''
  ) );
#18125 = ADVANCED_FACE('',(#18126),#17644,.F.);
#18126 = FACE_BOUND('',#18127,.F.);
#18127 = EDGE_LOOP('',(#18128,#18129,#18150,#18151));
#18128 = ORIENTED_EDGE('',*,*,#17896,.F.);
#18129 = ORIENTED_EDGE('',*,*,#18130,.T.);
#18130 = EDGE_CURVE('',#17897,#17629,#18131,.T.);
#18131 = SURFACE_CURVE('',#18132,(#18136,#18143),.PCURVE_S1.);
#18132 = LINE('',#18133,#18134);
#18133 = CARTESIAN_POINT('',(2.5,14.2,75.741657386774));
#18134 = VECTOR('',#18135,1.);
#18135 = DIRECTION('',(-1.110223024625E-16,-1.,-0.));
#18136 = PCURVE('',#17644,#18137);
#18137 = DEFINITIONAL_REPRESENTATION('',(#18138),#18142);
#18138 = LINE('',#18139,#18140);
#18139 = CARTESIAN_POINT('',(14.241657386774,0.));
#18140 = VECTOR('',#18141,1.);
#18141 = DIRECTION('',(-0.,-1.));
#18142 = ( GEOMETRIC_REPRESENTATION_CONTEXT(2) 
PARAMETRIC_REPRESENTATION_CONTEXT() REPRESENTATION_CONTEXT('2D SPACE',''
  ) );
#18143 = PCURVE('',#17673,#18144);
#18144 = DEFINITIONAL_REPRESENTATION('',(#18145),#18149);
#18145 = LINE('',#18146,#18147);
#18146 = CARTESIAN_POINT('',(-2.159827297011,0.));
#18147 = VECTOR('',#18148,1.);
#18148 = DIRECTION('',(-0.,1.));
#18149 = ( GEOMETRIC_REPRESENTATION_CONTEXT(2) 
PARAMETRIC_REPRESENTATION_CONTEXT() REPRESENTATION_CONTEXT('2D SPACE',''
  ) );
#18150 = ORIENTED_EDGE('',*,*,#17628,.T.);
#18151 = ORIENTED_EDGE('',*,*,#18076,.T.);
#18152 = ADVANCED_FACE('',(#18153),#17673,.T.);
#18153 = FACE_BOUND('',#18154,.F.);
#18154 = EDGE_LOOP('',(#18155,#18156,#18157,#18158));
#18155 = ORIENTED_EDGE('',*,*,#17656,.F.);
#18156 = ORIENTED_EDGE('',*,*,#18130,.F.);
#18157 = ORIENTED_EDGE('',*,*,#17919,.T.);
#18158 = ORIENTED_EDGE('',*,*,#18105,.T.);
#18159 = ADVANCED_FACE('',(#18160),#17785,.F.);
#18160 = FACE_BOUND('',#18161,.T.);
#18161 = EDGE_LOOP('',(#18162,#18163,#18184,#18185));
#18162 = ORIENTED_EDGE('',*,*,#17764,.T.);
#18163 = ORIENTED_EDGE('',*,*,#18164,.T.);
#18164 = EDGE_CURVE('',#17765,#17991,#18165,.T.);
#18165 = SEAM_CURVE('',#18166,(#18170,#18177),.PCURVE_S1.);
#18166 = LINE('',#18167,#18168);
#18167 = CARTESIAN_POINT('',(-1.1,13.9,72.));
#18168 = VECTOR('',#18169,1.);
#18169 = DIRECTION('',(1.110223024625E-16,1.,0.));
#18170 = PCURVE('',#17785,#18171);
#18171 = DEFINITIONAL_REPRESENTATION('',(#18172),#18176);
#18172 = LINE('',#18173,#18174);
#18173 = CARTESIAN_POINT('',(-6.28318530718,0.));
#18174 = VECTOR('',#18175,1.);
#18175 = DIRECTION('',(-0.,-1.));
#18176 = ( GEOMETRIC_REPRESENTATION_CONTEXT(2) 
PARAMETRIC_REPRESENTATION_CONTEXT() REPRESENTATION_CONTEXT('2D SPACE',''
  ) );
#18177 = PCURVE('',#17785,#18178);
#18178 = DEFINITIONAL_REPRESENTATION('',(#18179),#18183);
#18179 = LINE('',#18180,#18181);
#18180 = CARTESIAN_POINT('',(-0.,0.));
#18181 = VECTOR('',#18182,1.);
#18182 = DIRECTION('',(-0.,-1.));
#18183 = ( GEOMETRIC_REPRESENTATION_CONTEXT(2) 
PARAMETRIC_REPRESENTATION_CONTEXT() REPRESENTATION_CONTEXT('2D SPACE',''
  ) );
#18184 = ORIENTED_EDGE('',*,*,#17990,.F.);
#18185 = ORIENTED_EDGE('',*,*,#18164,.F.);
#18186 = ( GEOMETRIC_REPRESENTATION_CONTEXT(3) 
GLOBAL_UNCERTAINTY_ASSIGNED_CONTEXT((#18190)) 
GLOBAL_UNIT_ASSIGNED_CONTEXT((#18187,#18188,#18189)) 
REPRESENTATION_CONTEXT('Context #1',
  '3D Context with UNIT and UNCERTAINTY') );
#18187 = ( LENGTH_UNIT() NAMED_UNIT(*) SI_UNIT(.MILLI.,.METRE.) );
#18188 = ( NAMED_UNIT(*) PLANE_ANGLE_UNIT() SI_UNIT($,.RADIAN.) );
#18189 = ( NAMED_UNIT(*) SI_UNIT($,.STERADIAN.) SOLID_ANGLE_UNIT() );
#18190 = UNCERTAINTY_MEASURE_WITH_UNIT(LENGTH_MEASURE(1.E-07),#18187,
  'distance_accuracy_value','confusion accuracy');
#18191 = CONTEXT_DEPENDENT_SHAPE_REPRESENTATION(#18192,#18194);
#18192 = ( REPRESENTATION_RELATIONSHIP('','',#17443,#10) 
REPRESENTATION_RELATIONSHIP_WITH_TRANSFORMATION(#18193) 
SHAPE_REPRESENTATION_RELATIONSHIP() );
#18193 = ITEM_DEFINED_TRANSFORMATION('','',#11,#43);
#18194 = PRODUCT_DEFINITION_SHAPE('Placement','Placement of an item',
  #18195);
#18195 = NEXT_ASSEMBLY_USAGE_OCCURRENCE('8','horn_2_envelope','',#5,
  #17438,$);
#18196 = PRODUCT_RELATED_PRODUCT_CATEGORY('part',$,(#17440));
#18197 = SHAPE_DEFINITION_REPRESENTATION(#18198,#18204);
#18198 = PRODUCT_DEFINITION_SHAPE('','',#18199);
#18199 = PRODUCT_DEFINITION('design','',#18200,#18203);
#18200 = PRODUCT_DEFINITION_FORMATION('','',#18201);
#18201 = PRODUCT('battery_envelope','battery_envelope','',(#18202));
#18202 = PRODUCT_CONTEXT('',#2,'mechanical');
#18203 = PRODUCT_DEFINITION_CONTEXT('part definition',#2,'design');
#18204 = ADVANCED_BREP_SHAPE_REPRESENTATION('',(#11,#18205),#18535);
#18205 = MANIFOLD_SOLID_BREP('',#18206);
#18206 = CLOSED_SHELL('',(#18207,#18327,#18427,#18474,#18521,#18528));
#18207 = ADVANCED_FACE('',(#18208),#18222,.F.);
#18208 = FACE_BOUND('',#18209,.F.);
#18209 = EDGE_LOOP('',(#18210,#18245,#18273,#18301));
#18210 = ORIENTED_EDGE('',*,*,#18211,.F.);
#18211 = EDGE_CURVE('',#18212,#18214,#18216,.T.);
#18212 = VERTEX_POINT('',#18213);
#18213 = CARTESIAN_POINT('',(-29.75,-30.,4.));
#18214 = VERTEX_POINT('',#18215);
#18215 = CARTESIAN_POINT('',(-29.75,-30.,11.5));
#18216 = SURFACE_CURVE('',#18217,(#18221,#18233),.PCURVE_S1.);
#18217 = LINE('',#18218,#18219);
#18218 = CARTESIAN_POINT('',(-29.75,-30.,4.));
#18219 = VECTOR('',#18220,1.);
#18220 = DIRECTION('',(0.,0.,1.));
#18221 = PCURVE('',#18222,#18227);
#18222 = PLANE('',#18223);
#18223 = AXIS2_PLACEMENT_3D('',#18224,#18225,#18226);
#18224 = CARTESIAN_POINT('',(-29.75,-30.,4.));
#18225 = DIRECTION('',(1.,0.,0.));
#18226 = DIRECTION('',(0.,0.,1.));
#18227 = DEFINITIONAL_REPRESENTATION('',(#18228),#18232);
#18228 = LINE('',#18229,#18230);
#18229 = CARTESIAN_POINT('',(0.,0.));
#18230 = VECTOR('',#18231,1.);
#18231 = DIRECTION('',(1.,0.));
#18232 = ( GEOMETRIC_REPRESENTATION_CONTEXT(2) 
PARAMETRIC_REPRESENTATION_CONTEXT() REPRESENTATION_CONTEXT('2D SPACE',''
  ) );
#18233 = PCURVE('',#18234,#18239);
#18234 = PLANE('',#18235);
#18235 = AXIS2_PLACEMENT_3D('',#18236,#18237,#18238);
#18236 = CARTESIAN_POINT('',(-29.75,-30.,4.));
#18237 = DIRECTION('',(0.,1.,0.));
#18238 = DIRECTION('',(0.,0.,1.));
#18239 = DEFINITIONAL_REPRESENTATION('',(#18240),#18244);
#18240 = LINE('',#18241,#18242);
#18241 = CARTESIAN_POINT('',(0.,0.));
#18242 = VECTOR('',#18243,1.);
#18243 = DIRECTION('',(1.,0.));
#18244 = ( GEOMETRIC_REPRESENTATION_CONTEXT(2) 
PARAMETRIC_REPRESENTATION_CONTEXT() REPRESENTATION_CONTEXT('2D SPACE',''
  ) );
#18245 = ORIENTED_EDGE('',*,*,#18246,.T.);
#18246 = EDGE_CURVE('',#18212,#18247,#18249,.T.);
#18247 = VERTEX_POINT('',#18248);
#18248 = CARTESIAN_POINT('',(-29.75,-11.,4.));
#18249 = SURFACE_CURVE('',#18250,(#18254,#18261),.PCURVE_S1.);
#18250 = LINE('',#18251,#18252);
#18251 = CARTESIAN_POINT('',(-29.75,-30.,4.));
#18252 = VECTOR('',#18253,1.);
#18253 = DIRECTION('',(0.,1.,0.));
#18254 = PCURVE('',#18222,#18255);
#18255 = DEFINITIONAL_REPRESENTATION('',(#18256),#18260);
#18256 = LINE('',#18257,#18258);
#18257 = CARTESIAN_POINT('',(0.,0.));
#18258 = VECTOR('',#18259,1.);
#18259 = DIRECTION('',(0.,-1.));
#18260 = ( GEOMETRIC_REPRESENTATION_CONTEXT(2) 
PARAMETRIC_REPRESENTATION_CONTEXT() REPRESENTATION_CONTEXT('2D SPACE',''
  ) );
#18261 = PCURVE('',#18262,#18267);
#18262 = PLANE('',#18263);
#18263 = AXIS2_PLACEMENT_3D('',#18264,#18265,#18266);
#18264 = CARTESIAN_POINT('',(-29.75,-30.,4.));
#18265 = DIRECTION('',(0.,0.,1.));
#18266 = DIRECTION('',(1.,0.,0.));
#18267 = DEFINITIONAL_REPRESENTATION('',(#18268),#18272);
#18268 = LINE('',#18269,#18270);
#18269 = CARTESIAN_POINT('',(0.,0.));
#18270 = VECTOR('',#18271,1.);
#18271 = DIRECTION('',(0.,1.));
#18272 = ( GEOMETRIC_REPRESENTATION_CONTEXT(2) 
PARAMETRIC_REPRESENTATION_CONTEXT() REPRESENTATION_CONTEXT('2D SPACE',''
  ) );
#18273 = ORIENTED_EDGE('',*,*,#18274,.T.);
#18274 = EDGE_CURVE('',#18247,#18275,#18277,.T.);
#18275 = VERTEX_POINT('',#18276);
#18276 = CARTESIAN_POINT('',(-29.75,-11.,11.5));
#18277 = SURFACE_CURVE('',#18278,(#18282,#18289),.PCURVE_S1.);
#18278 = LINE('',#18279,#18280);
#18279 = CARTESIAN_POINT('',(-29.75,-11.,4.));
#18280 = VECTOR('',#18281,1.);
#18281 = DIRECTION('',(0.,0.,1.));
#18282 = PCURVE('',#18222,#18283);
#18283 = DEFINITIONAL_REPRESENTATION('',(#18284),#18288);
#18284 = LINE('',#18285,#18286);
#18285 = CARTESIAN_POINT('',(0.,-19.));
#18286 = VECTOR('',#18287,1.);
#18287 = DIRECTION('',(1.,0.));
#18288 = ( GEOMETRIC_REPRESENTATION_CONTEXT(2) 
PARAMETRIC_REPRESENTATION_CONTEXT() REPRESENTATION_CONTEXT('2D SPACE',''
  ) );
#18289 = PCURVE('',#18290,#18295);
#18290 = PLANE('',#18291);
#18291 = AXIS2_PLACEMENT_3D('',#18292,#18293,#18294);
#18292 = CARTESIAN_POINT('',(-29.75,-11.,4.));
#18293 = DIRECTION('',(0.,1.,0.));
#18294 = DIRECTION('',(0.,0.,1.));
#18295 = DEFINITIONAL_REPRESENTATION('',(#18296),#18300);
#18296 = LINE('',#18297,#18298);
#18297 = CARTESIAN_POINT('',(0.,0.));
#18298 = VECTOR('',#18299,1.);
#18299 = DIRECTION('',(1.,0.));
#18300 = ( GEOMETRIC_REPRESENTATION_CONTEXT(2) 
PARAMETRIC_REPRESENTATION_CONTEXT() REPRESENTATION_CONTEXT('2D SPACE',''
  ) );
#18301 = ORIENTED_EDGE('',*,*,#18302,.F.);
#18302 = EDGE_CURVE('',#18214,#18275,#18303,.T.);
#18303 = SURFACE_CURVE('',#18304,(#18308,#18315),.PCURVE_S1.);
#18304 = LINE('',#18305,#18306);
#18305 = CARTESIAN_POINT('',(-29.75,-30.,11.5));
#18306 = VECTOR('',#18307,1.);
#18307 = DIRECTION('',(0.,1.,0.));
#18308 = PCURVE('',#18222,#18309);
#18309 = DEFINITIONAL_REPRESENTATION('',(#18310),#18314);
#18310 = LINE('',#18311,#18312);
#18311 = CARTESIAN_POINT('',(7.5,0.));
#18312 = VECTOR('',#18313,1.);
#18313 = DIRECTION('',(0.,-1.));
#18314 = ( GEOMETRIC_REPRESENTATION_CONTEXT(2) 
PARAMETRIC_REPRESENTATION_CONTEXT() REPRESENTATION_CONTEXT('2D SPACE',''
  ) );
#18315 = PCURVE('',#18316,#18321);
#18316 = PLANE('',#18317);
#18317 = AXIS2_PLACEMENT_3D('',#18318,#18319,#18320);
#18318 = CARTESIAN_POINT('',(-29.75,-30.,11.5));
#18319 = DIRECTION('',(0.,0.,1.));
#18320 = DIRECTION('',(1.,0.,0.));
#18321 = DEFINITIONAL_REPRESENTATION('',(#18322),#18326);
#18322 = LINE('',#18323,#18324);
#18323 = CARTESIAN_POINT('',(0.,0.));
#18324 = VECTOR('',#18325,1.);
#18325 = DIRECTION('',(0.,1.));
#18326 = ( GEOMETRIC_REPRESENTATION_CONTEXT(2) 
PARAMETRIC_REPRESENTATION_CONTEXT() REPRESENTATION_CONTEXT('2D SPACE',''
  ) );
#18327 = ADVANCED_FACE('',(#18328),#18342,.T.);
#18328 = FACE_BOUND('',#18329,.T.);
#18329 = EDGE_LOOP('',(#18330,#18360,#18383,#18406));
#18330 = ORIENTED_EDGE('',*,*,#18331,.F.);
#18331 = EDGE_CURVE('',#18332,#18334,#18336,.T.);
#18332 = VERTEX_POINT('',#18333);
#18333 = CARTESIAN_POINT('',(29.75,-30.,4.));
#18334 = VERTEX_POINT('',#18335);
#18335 = CARTESIAN_POINT('',(29.75,-30.,11.5));
#18336 = SURFACE_CURVE('',#18337,(#18341,#18353),.PCURVE_S1.);
#18337 = LINE('',#18338,#18339);
#18338 = CARTESIAN_POINT('',(29.75,-30.,4.));
#18339 = VECTOR('',#18340,1.);
#18340 = DIRECTION('',(0.,0.,1.));
#18341 = PCURVE('',#18342,#18347);
#18342 = PLANE('',#18343);
#18343 = AXIS2_PLACEMENT_3D('',#18344,#18345,#18346);
#18344 = CARTESIAN_POINT('',(29.75,-30.,4.));
#18345 = DIRECTION('',(1.,0.,0.));
#18346 = DIRECTION('',(0.,0.,1.));
#18347 = DEFINITIONAL_REPRESENTATION('',(#18348),#18352);
#18348 = LINE('',#18349,#18350);
#18349 = CARTESIAN_POINT('',(0.,0.));
#18350 = VECTOR('',#18351,1.);
#18351 = DIRECTION('',(1.,0.));
#18352 = ( GEOMETRIC_REPRESENTATION_CONTEXT(2) 
PARAMETRIC_REPRESENTATION_CONTEXT() REPRESENTATION_CONTEXT('2D SPACE',''
  ) );
#18353 = PCURVE('',#18234,#18354);
#18354 = DEFINITIONAL_REPRESENTATION('',(#18355),#18359);
#18355 = LINE('',#18356,#18357);
#18356 = CARTESIAN_POINT('',(0.,59.5));
#18357 = VECTOR('',#18358,1.);
#18358 = DIRECTION('',(1.,0.));
#18359 = ( GEOMETRIC_REPRESENTATION_CONTEXT(2) 
PARAMETRIC_REPRESENTATION_CONTEXT() REPRESENTATION_CONTEXT('2D SPACE',''
  ) );
#18360 = ORIENTED_EDGE('',*,*,#18361,.T.);
#18361 = EDGE_CURVE('',#18332,#18362,#18364,.T.);
#18362 = VERTEX_POINT('',#18363);
#18363 = CARTESIAN_POINT('',(29.75,-11.,4.));
#18364 = SURFACE_CURVE('',#18365,(#18369,#18376),.PCURVE_S1.);
#18365 = LINE('',#18366,#18367);
#18366 = CARTESIAN_POINT('',(29.75,-30.,4.));
#18367 = VECTOR('',#18368,1.);
#18368 = DIRECTION('',(0.,1.,0.));
#18369 = PCURVE('',#18342,#18370);
#18370 = DEFINITIONAL_REPRESENTATION('',(#18371),#18375);
#18371 = LINE('',#18372,#18373);
#18372 = CARTESIAN_POINT('',(0.,0.));
#18373 = VECTOR('',#18374,1.);
#18374 = DIRECTION('',(0.,-1.));
#18375 = ( GEOMETRIC_REPRESENTATION_CONTEXT(2) 
PARAMETRIC_REPRESENTATION_CONTEXT() REPRESENTATION_CONTEXT('2D SPACE',''
  ) );
#18376 = PCURVE('',#18262,#18377);
#18377 = DEFINITIONAL_REPRESENTATION('',(#18378),#18382);
#18378 = LINE('',#18379,#18380);
#18379 = CARTESIAN_POINT('',(59.5,0.));
#18380 = VECTOR('',#18381,1.);
#18381 = DIRECTION('',(0.,1.));
#18382 = ( GEOMETRIC_REPRESENTATION_CONTEXT(2) 
PARAMETRIC_REPRESENTATION_CONTEXT() REPRESENTATION_CONTEXT('2D SPACE',''
  ) );
#18383 = ORIENTED_EDGE('',*,*,#18384,.T.);
#18384 = EDGE_CURVE('',#18362,#18385,#18387,.T.);
#18385 = VERTEX_POINT('',#18386);
#18386 = CARTESIAN_POINT('',(29.75,-11.,11.5));
#18387 = SURFACE_CURVE('',#18388,(#18392,#18399),.PCURVE_S1.);
#18388 = LINE('',#18389,#18390);
#18389 = CARTESIAN_POINT('',(29.75,-11.,4.));
#18390 = VECTOR('',#18391,1.);
#18391 = DIRECTION('',(0.,0.,1.));
#18392 = PCURVE('',#18342,#18393);
#18393 = DEFINITIONAL_REPRESENTATION('',(#18394),#18398);
#18394 = LINE('',#18395,#18396);
#18395 = CARTESIAN_POINT('',(0.,-19.));
#18396 = VECTOR('',#18397,1.);
#18397 = DIRECTION('',(1.,0.));
#18398 = ( GEOMETRIC_REPRESENTATION_CONTEXT(2) 
PARAMETRIC_REPRESENTATION_CONTEXT() REPRESENTATION_CONTEXT('2D SPACE',''
  ) );
#18399 = PCURVE('',#18290,#18400);
#18400 = DEFINITIONAL_REPRESENTATION('',(#18401),#18405);
#18401 = LINE('',#18402,#18403);
#18402 = CARTESIAN_POINT('',(0.,59.5));
#18403 = VECTOR('',#18404,1.);
#18404 = DIRECTION('',(1.,0.));
#18405 = ( GEOMETRIC_REPRESENTATION_CONTEXT(2) 
PARAMETRIC_REPRESENTATION_CONTEXT() REPRESENTATION_CONTEXT('2D SPACE',''
  ) );
#18406 = ORIENTED_EDGE('',*,*,#18407,.F.);
#18407 = EDGE_CURVE('',#18334,#18385,#18408,.T.);
#18408 = SURFACE_CURVE('',#18409,(#18413,#18420),.PCURVE_S1.);
#18409 = LINE('',#18410,#18411);
#18410 = CARTESIAN_POINT('',(29.75,-30.,11.5));
#18411 = VECTOR('',#18412,1.);
#18412 = DIRECTION('',(0.,1.,0.));
#18413 = PCURVE('',#18342,#18414);
#18414 = DEFINITIONAL_REPRESENTATION('',(#18415),#18419);
#18415 = LINE('',#18416,#18417);
#18416 = CARTESIAN_POINT('',(7.5,0.));
#18417 = VECTOR('',#18418,1.);
#18418 = DIRECTION('',(0.,-1.));
#18419 = ( GEOMETRIC_REPRESENTATION_CONTEXT(2) 
PARAMETRIC_REPRESENTATION_CONTEXT() REPRESENTATION_CONTEXT('2D SPACE',''
  ) );
#18420 = PCURVE('',#18316,#18421);
#18421 = DEFINITIONAL_REPRESENTATION('',(#18422),#18426);
#18422 = LINE('',#18423,#18424);
#18423 = CARTESIAN_POINT('',(59.5,0.));
#18424 = VECTOR('',#18425,1.);
#18425 = DIRECTION('',(0.,1.));
#18426 = ( GEOMETRIC_REPRESENTATION_CONTEXT(2) 
PARAMETRIC_REPRESENTATION_CONTEXT() REPRESENTATION_CONTEXT('2D SPACE',''
  ) );
#18427 = ADVANCED_FACE('',(#18428),#18234,.F.);
#18428 = FACE_BOUND('',#18429,.F.);
#18429 = EDGE_LOOP('',(#18430,#18451,#18452,#18473));
#18430 = ORIENTED_EDGE('',*,*,#18431,.F.);
#18431 = EDGE_CURVE('',#18212,#18332,#18432,.T.);
#18432 = SURFACE_CURVE('',#18433,(#18437,#18444),.PCURVE_S1.);
#18433 = LINE('',#18434,#18435);
#18434 = CARTESIAN_POINT('',(-29.75,-30.,4.));
#18435 = VECTOR('',#18436,1.);
#18436 = DIRECTION('',(1.,0.,0.));
#18437 = PCURVE('',#18234,#18438);
#18438 = DEFINITIONAL_REPRESENTATION('',(#18439),#18443);
#18439 = LINE('',#18440,#18441);
#18440 = CARTESIAN_POINT('',(0.,0.));
#18441 = VECTOR('',#18442,1.);
#18442 = DIRECTION('',(0.,1.));
#18443 = ( GEOMETRIC_REPRESENTATION_CONTEXT(2) 
PARAMETRIC_REPRESENTATION_CONTEXT() REPRESENTATION_CONTEXT('2D SPACE',''
  ) );
#18444 = PCURVE('',#18262,#18445);
#18445 = DEFINITIONAL_REPRESENTATION('',(#18446),#18450);
#18446 = LINE('',#18447,#18448);
#18447 = CARTESIAN_POINT('',(0.,0.));
#18448 = VECTOR('',#18449,1.);
#18449 = DIRECTION('',(1.,0.));
#18450 = ( GEOMETRIC_REPRESENTATION_CONTEXT(2) 
PARAMETRIC_REPRESENTATION_CONTEXT() REPRESENTATION_CONTEXT('2D SPACE',''
  ) );
#18451 = ORIENTED_EDGE('',*,*,#18211,.T.);
#18452 = ORIENTED_EDGE('',*,*,#18453,.T.);
#18453 = EDGE_CURVE('',#18214,#18334,#18454,.T.);
#18454 = SURFACE_CURVE('',#18455,(#18459,#18466),.PCURVE_S1.);
#18455 = LINE('',#18456,#18457);
#18456 = CARTESIAN_POINT('',(-29.75,-30.,11.5));
#18457 = VECTOR('',#18458,1.);
#18458 = DIRECTION('',(1.,0.,0.));
#18459 = PCURVE('',#18234,#18460);
#18460 = DEFINITIONAL_REPRESENTATION('',(#18461),#18465);
#18461 = LINE('',#18462,#18463);
#18462 = CARTESIAN_POINT('',(7.5,0.));
#18463 = VECTOR('',#18464,1.);
#18464 = DIRECTION('',(0.,1.));
#18465 = ( GEOMETRIC_REPRESENTATION_CONTEXT(2) 
PARAMETRIC_REPRESENTATION_CONTEXT() REPRESENTATION_CONTEXT('2D SPACE',''
  ) );
#18466 = PCURVE('',#18316,#18467);
#18467 = DEFINITIONAL_REPRESENTATION('',(#18468),#18472);
#18468 = LINE('',#18469,#18470);
#18469 = CARTESIAN_POINT('',(0.,0.));
#18470 = VECTOR('',#18471,1.);
#18471 = DIRECTION('',(1.,0.));
#18472 = ( GEOMETRIC_REPRESENTATION_CONTEXT(2) 
PARAMETRIC_REPRESENTATION_CONTEXT() REPRESENTATION_CONTEXT('2D SPACE',''
  ) );
#18473 = ORIENTED_EDGE('',*,*,#18331,.F.);
#18474 = ADVANCED_FACE('',(#18475),#18290,.T.);
#18475 = FACE_BOUND('',#18476,.T.);
#18476 = EDGE_LOOP('',(#18477,#18498,#18499,#18520));
#18477 = ORIENTED_EDGE('',*,*,#18478,.F.);
#18478 = EDGE_CURVE('',#18247,#18362,#18479,.T.);
#18479 = SURFACE_CURVE('',#18480,(#18484,#18491),.PCURVE_S1.);
#18480 = LINE('',#18481,#18482);
#18481 = CARTESIAN_POINT('',(-29.75,-11.,4.));
#18482 = VECTOR('',#18483,1.);
#18483 = DIRECTION('',(1.,0.,0.));
#18484 = PCURVE('',#18290,#18485);
#18485 = DEFINITIONAL_REPRESENTATION('',(#18486),#18490);
#18486 = LINE('',#18487,#18488);
#18487 = CARTESIAN_POINT('',(0.,0.));
#18488 = VECTOR('',#18489,1.);
#18489 = DIRECTION('',(0.,1.));
#18490 = ( GEOMETRIC_REPRESENTATION_CONTEXT(2) 
PARAMETRIC_REPRESENTATION_CONTEXT() REPRESENTATION_CONTEXT('2D SPACE',''
  ) );
#18491 = PCURVE('',#18262,#18492);
#18492 = DEFINITIONAL_REPRESENTATION('',(#18493),#18497);
#18493 = LINE('',#18494,#18495);
#18494 = CARTESIAN_POINT('',(0.,19.));
#18495 = VECTOR('',#18496,1.);
#18496 = DIRECTION('',(1.,0.));
#18497 = ( GEOMETRIC_REPRESENTATION_CONTEXT(2) 
PARAMETRIC_REPRESENTATION_CONTEXT() REPRESENTATION_CONTEXT('2D SPACE',''
  ) );
#18498 = ORIENTED_EDGE('',*,*,#18274,.T.);
#18499 = ORIENTED_EDGE('',*,*,#18500,.T.);
#18500 = EDGE_CURVE('',#18275,#18385,#18501,.T.);
#18501 = SURFACE_CURVE('',#18502,(#18506,#18513),.PCURVE_S1.);
#18502 = LINE('',#18503,#18504);
#18503 = CARTESIAN_POINT('',(-29.75,-11.,11.5));
#18504 = VECTOR('',#18505,1.);
#18505 = DIRECTION('',(1.,0.,0.));
#18506 = PCURVE('',#18290,#18507);
#18507 = DEFINITIONAL_REPRESENTATION('',(#18508),#18512);
#18508 = LINE('',#18509,#18510);
#18509 = CARTESIAN_POINT('',(7.5,0.));
#18510 = VECTOR('',#18511,1.);
#18511 = DIRECTION('',(0.,1.));
#18512 = ( GEOMETRIC_REPRESENTATION_CONTEXT(2) 
PARAMETRIC_REPRESENTATION_CONTEXT() REPRESENTATION_CONTEXT('2D SPACE',''
  ) );
#18513 = PCURVE('',#18316,#18514);
#18514 = DEFINITIONAL_REPRESENTATION('',(#18515),#18519);
#18515 = LINE('',#18516,#18517);
#18516 = CARTESIAN_POINT('',(0.,19.));
#18517 = VECTOR('',#18518,1.);
#18518 = DIRECTION('',(1.,0.));
#18519 = ( GEOMETRIC_REPRESENTATION_CONTEXT(2) 
PARAMETRIC_REPRESENTATION_CONTEXT() REPRESENTATION_CONTEXT('2D SPACE',''
  ) );
#18520 = ORIENTED_EDGE('',*,*,#18384,.F.);
#18521 = ADVANCED_FACE('',(#18522),#18262,.F.);
#18522 = FACE_BOUND('',#18523,.F.);
#18523 = EDGE_LOOP('',(#18524,#18525,#18526,#18527));
#18524 = ORIENTED_EDGE('',*,*,#18246,.F.);
#18525 = ORIENTED_EDGE('',*,*,#18431,.T.);
#18526 = ORIENTED_EDGE('',*,*,#18361,.T.);
#18527 = ORIENTED_EDGE('',*,*,#18478,.F.);
#18528 = ADVANCED_FACE('',(#18529),#18316,.T.);
#18529 = FACE_BOUND('',#18530,.T.);
#18530 = EDGE_LOOP('',(#18531,#18532,#18533,#18534));
#18531 = ORIENTED_EDGE('',*,*,#18302,.F.);
#18532 = ORIENTED_EDGE('',*,*,#18453,.T.);
#18533 = ORIENTED_EDGE('',*,*,#18407,.T.);
#18534 = ORIENTED_EDGE('',*,*,#18500,.F.);
#18535 = ( GEOMETRIC_REPRESENTATION_CONTEXT(3) 
GLOBAL_UNCERTAINTY_ASSIGNED_CONTEXT((#18539)) 
GLOBAL_UNIT_ASSIGNED_CONTEXT((#18536,#18537,#18538)) 
REPRESENTATION_CONTEXT('Context #1',
  '3D Context with UNIT and UNCERTAINTY') );
#18536 = ( LENGTH_UNIT() NAMED_UNIT(*) SI_UNIT(.MILLI.,.METRE.) );
#18537 = ( NAMED_UNIT(*) PLANE_ANGLE_UNIT() SI_UNIT($,.RADIAN.) );
#18538 = ( NAMED_UNIT(*) SI_UNIT($,.STERADIAN.) SOLID_ANGLE_UNIT() );
#18539 = UNCERTAINTY_MEASURE_WITH_UNIT(LENGTH_MEASURE(1.E-07),#18536,
  'distance_accuracy_value','confusion accuracy');
#18540 = CONTEXT_DEPENDENT_SHAPE_REPRESENTATION(#18541,#18543);
#18541 = ( REPRESENTATION_RELATIONSHIP('','',#18204,#10) 
REPRESENTATION_RELATIONSHIP_WITH_TRANSFORMATION(#18542) 
SHAPE_REPRESENTATION_RELATIONSHIP() );
#18542 = ITEM_DEFINED_TRANSFORMATION('','',#11,#47);
#18543 = PRODUCT_DEFINITION_SHAPE('Placement','Placement of an item',
  #18544);
#18544 = NEXT_ASSEMBLY_USAGE_OCCURRENCE('9','battery_envelope','',#5,
  #18199,$);
#18545 = PRODUCT_RELATED_PRODUCT_CATEGORY('part',$,(#18201));
#18546 = SHAPE_DEFINITION_REPRESENTATION(#18547,#18553);
#18547 = PRODUCT_DEFINITION_SHAPE('','',#18548);
#18548 = PRODUCT_DEFINITION('design','',#18549,#18552);
#18549 = PRODUCT_DEFINITION_FORMATION('','',#18550);
#18550 = PRODUCT('controller_envelope','controller_envelope','',(#18551)
  );
#18551 = PRODUCT_CONTEXT('',#2,'mechanical');
#18552 = PRODUCT_DEFINITION_CONTEXT('part definition',#2,'design');
#18553 = ADVANCED_BREP_SHAPE_REPRESENTATION('',(#11,#18554),#18884);
#18554 = MANIFOLD_SOLID_BREP('',#18555);
#18555 = CLOSED_SHELL('',(#18556,#18676,#18776,#18823,#18870,#18877));
#18556 = ADVANCED_FACE('',(#18557),#18571,.F.);
#18557 = FACE_BOUND('',#18558,.F.);
#18558 = EDGE_LOOP('',(#18559,#18594,#18622,#18650));
#18559 = ORIENTED_EDGE('',*,*,#18560,.F.);
#18560 = EDGE_CURVE('',#18561,#18563,#18565,.T.);
#18561 = VERTEX_POINT('',#18562);
#18562 = CARTESIAN_POINT('',(12.5,9.1,4.));
#18563 = VERTEX_POINT('',#18564);
#18564 = CARTESIAN_POINT('',(12.5,9.1,8.));
#18565 = SURFACE_CURVE('',#18566,(#18570,#18582),.PCURVE_S1.);
#18566 = LINE('',#18567,#18568);
#18567 = CARTESIAN_POINT('',(12.5,9.1,4.));
#18568 = VECTOR('',#18569,1.);
#18569 = DIRECTION('',(0.,0.,1.));
#18570 = PCURVE('',#18571,#18576);
#18571 = PLANE('',#18572);
#18572 = AXIS2_PLACEMENT_3D('',#18573,#18574,#18575);
#18573 = CARTESIAN_POINT('',(12.5,9.1,4.));
#18574 = DIRECTION('',(1.,0.,0.));
#18575 = DIRECTION('',(0.,0.,1.));
#18576 = DEFINITIONAL_REPRESENTATION('',(#18577),#18581);
#18577 = LINE('',#18578,#18579);
#18578 = CARTESIAN_POINT('',(0.,0.));
#18579 = VECTOR('',#18580,1.);
#18580 = DIRECTION('',(1.,0.));
#18581 = ( GEOMETRIC_REPRESENTATION_CONTEXT(2) 
PARAMETRIC_REPRESENTATION_CONTEXT() REPRESENTATION_CONTEXT('2D SPACE',''
  ) );
#18582 = PCURVE('',#18583,#18588);
#18583 = PLANE('',#18584);
#18584 = AXIS2_PLACEMENT_3D('',#18585,#18586,#18587);
#18585 = CARTESIAN_POINT('',(12.5,9.1,4.));
#18586 = DIRECTION('',(0.,1.,0.));
#18587 = DIRECTION('',(0.,0.,1.));
#18588 = DEFINITIONAL_REPRESENTATION('',(#18589),#18593);
#18589 = LINE('',#18590,#18591);
#18590 = CARTESIAN_POINT('',(0.,0.));
#18591 = VECTOR('',#18592,1.);
#18592 = DIRECTION('',(1.,0.));
#18593 = ( GEOMETRIC_REPRESENTATION_CONTEXT(2) 
PARAMETRIC_REPRESENTATION_CONTEXT() REPRESENTATION_CONTEXT('2D SPACE',''
  ) );
#18594 = ORIENTED_EDGE('',*,*,#18595,.T.);
#18595 = EDGE_CURVE('',#18561,#18596,#18598,.T.);
#18596 = VERTEX_POINT('',#18597);
#18597 = CARTESIAN_POINT('',(12.5,26.9,4.));
#18598 = SURFACE_CURVE('',#18599,(#18603,#18610),.PCURVE_S1.);
#18599 = LINE('',#18600,#18601);
#18600 = CARTESIAN_POINT('',(12.5,9.1,4.));
#18601 = VECTOR('',#18602,1.);
#18602 = DIRECTION('',(0.,1.,0.));
#18603 = PCURVE('',#18571,#18604);
#18604 = DEFINITIONAL_REPRESENTATION('',(#18605),#18609);
#18605 = LINE('',#18606,#18607);
#18606 = CARTESIAN_POINT('',(0.,0.));
#18607 = VECTOR('',#18608,1.);
#18608 = DIRECTION('',(0.,-1.));
#18609 = ( GEOMETRIC_REPRESENTATION_CONTEXT(2) 
PARAMETRIC_REPRESENTATION_CONTEXT() REPRESENTATION_CONTEXT('2D SPACE',''
  ) );
#18610 = PCURVE('',#18611,#18616);
#18611 = PLANE('',#18612);
#18612 = AXIS2_PLACEMENT_3D('',#18613,#18614,#18615);
#18613 = CARTESIAN_POINT('',(12.5,9.1,4.));
#18614 = DIRECTION('',(0.,0.,1.));
#18615 = DIRECTION('',(1.,0.,0.));
#18616 = DEFINITIONAL_REPRESENTATION('',(#18617),#18621);
#18617 = LINE('',#18618,#18619);
#18618 = CARTESIAN_POINT('',(0.,0.));
#18619 = VECTOR('',#18620,1.);
#18620 = DIRECTION('',(0.,1.));
#18621 = ( GEOMETRIC_REPRESENTATION_CONTEXT(2) 
PARAMETRIC_REPRESENTATION_CONTEXT() REPRESENTATION_CONTEXT('2D SPACE',''
  ) );
#18622 = ORIENTED_EDGE('',*,*,#18623,.T.);
#18623 = EDGE_CURVE('',#18596,#18624,#18626,.T.);
#18624 = VERTEX_POINT('',#18625);
#18625 = CARTESIAN_POINT('',(12.5,26.9,8.));
#18626 = SURFACE_CURVE('',#18627,(#18631,#18638),.PCURVE_S1.);
#18627 = LINE('',#18628,#18629);
#18628 = CARTESIAN_POINT('',(12.5,26.9,4.));
#18629 = VECTOR('',#18630,1.);
#18630 = DIRECTION('',(0.,0.,1.));
#18631 = PCURVE('',#18571,#18632);
#18632 = DEFINITIONAL_REPRESENTATION('',(#18633),#18637);
#18633 = LINE('',#18634,#18635);
#18634 = CARTESIAN_POINT('',(0.,-17.8));
#18635 = VECTOR('',#18636,1.);
#18636 = DIRECTION('',(1.,0.));
#18637 = ( GEOMETRIC_REPRESENTATION_CONTEXT(2) 
PARAMETRIC_REPRESENTATION_CONTEXT() REPRESENTATION_CONTEXT('2D SPACE',''
  ) );
#18638 = PCURVE('',#18639,#18644);
#18639 = PLANE('',#18640);
#18640 = AXIS2_PLACEMENT_3D('',#18641,#18642,#18643);
#18641 = CARTESIAN_POINT('',(12.5,26.9,4.));
#18642 = DIRECTION('',(0.,1.,0.));
#18643 = DIRECTION('',(0.,0.,1.));
#18644 = DEFINITIONAL_REPRESENTATION('',(#18645),#18649);
#18645 = LINE('',#18646,#18647);
#18646 = CARTESIAN_POINT('',(0.,0.));
#18647 = VECTOR('',#18648,1.);
#18648 = DIRECTION('',(1.,0.));
#18649 = ( GEOMETRIC_REPRESENTATION_CONTEXT(2) 
PARAMETRIC_REPRESENTATION_CONTEXT() REPRESENTATION_CONTEXT('2D SPACE',''
  ) );
#18650 = ORIENTED_EDGE('',*,*,#18651,.F.);
#18651 = EDGE_CURVE('',#18563,#18624,#18652,.T.);
#18652 = SURFACE_CURVE('',#18653,(#18657,#18664),.PCURVE_S1.);
#18653 = LINE('',#18654,#18655);
#18654 = CARTESIAN_POINT('',(12.5,9.1,8.));
#18655 = VECTOR('',#18656,1.);
#18656 = DIRECTION('',(0.,1.,0.));
#18657 = PCURVE('',#18571,#18658);
#18658 = DEFINITIONAL_REPRESENTATION('',(#18659),#18663);
#18659 = LINE('',#18660,#18661);
#18660 = CARTESIAN_POINT('',(4.,0.));
#18661 = VECTOR('',#18662,1.);
#18662 = DIRECTION('',(0.,-1.));
#18663 = ( GEOMETRIC_REPRESENTATION_CONTEXT(2) 
PARAMETRIC_REPRESENTATION_CONTEXT() REPRESENTATION_CONTEXT('2D SPACE',''
  ) );
#18664 = PCURVE('',#18665,#18670);
#18665 = PLANE('',#18666);
#18666 = AXIS2_PLACEMENT_3D('',#18667,#18668,#18669);
#18667 = CARTESIAN_POINT('',(12.5,9.1,8.));
#18668 = DIRECTION('',(0.,0.,1.));
#18669 = DIRECTION('',(1.,0.,0.));
#18670 = DEFINITIONAL_REPRESENTATION('',(#18671),#18675);
#18671 = LINE('',#18672,#18673);
#18672 = CARTESIAN_POINT('',(0.,0.));
#18673 = VECTOR('',#18674,1.);
#18674 = DIRECTION('',(0.,1.));
#18675 = ( GEOMETRIC_REPRESENTATION_CONTEXT(2) 
PARAMETRIC_REPRESENTATION_CONTEXT() REPRESENTATION_CONTEXT('2D SPACE',''
  ) );
#18676 = ADVANCED_FACE('',(#18677),#18691,.T.);
#18677 = FACE_BOUND('',#18678,.T.);
#18678 = EDGE_LOOP('',(#18679,#18709,#18732,#18755));
#18679 = ORIENTED_EDGE('',*,*,#18680,.F.);
#18680 = EDGE_CURVE('',#18681,#18683,#18685,.T.);
#18681 = VERTEX_POINT('',#18682);
#18682 = CARTESIAN_POINT('',(33.5,9.1,4.));
#18683 = VERTEX_POINT('',#18684);
#18684 = CARTESIAN_POINT('',(33.5,9.1,8.));
#18685 = SURFACE_CURVE('',#18686,(#18690,#18702),.PCURVE_S1.);
#18686 = LINE('',#18687,#18688);
#18687 = CARTESIAN_POINT('',(33.5,9.1,4.));
#18688 = VECTOR('',#18689,1.);
#18689 = DIRECTION('',(0.,0.,1.));
#18690 = PCURVE('',#18691,#18696);
#18691 = PLANE('',#18692);
#18692 = AXIS2_PLACEMENT_3D('',#18693,#18694,#18695);
#18693 = CARTESIAN_POINT('',(33.5,9.1,4.));
#18694 = DIRECTION('',(1.,0.,0.));
#18695 = DIRECTION('',(0.,0.,1.));
#18696 = DEFINITIONAL_REPRESENTATION('',(#18697),#18701);
#18697 = LINE('',#18698,#18699);
#18698 = CARTESIAN_POINT('',(0.,0.));
#18699 = VECTOR('',#18700,1.);
#18700 = DIRECTION('',(1.,0.));
#18701 = ( GEOMETRIC_REPRESENTATION_CONTEXT(2) 
PARAMETRIC_REPRESENTATION_CONTEXT() REPRESENTATION_CONTEXT('2D SPACE',''
  ) );
#18702 = PCURVE('',#18583,#18703);
#18703 = DEFINITIONAL_REPRESENTATION('',(#18704),#18708);
#18704 = LINE('',#18705,#18706);
#18705 = CARTESIAN_POINT('',(0.,21.));
#18706 = VECTOR('',#18707,1.);
#18707 = DIRECTION('',(1.,0.));
#18708 = ( GEOMETRIC_REPRESENTATION_CONTEXT(2) 
PARAMETRIC_REPRESENTATION_CONTEXT() REPRESENTATION_CONTEXT('2D SPACE',''
  ) );
#18709 = ORIENTED_EDGE('',*,*,#18710,.T.);
#18710 = EDGE_CURVE('',#18681,#18711,#18713,.T.);
#18711 = VERTEX_POINT('',#18712);
#18712 = CARTESIAN_POINT('',(33.5,26.9,4.));
#18713 = SURFACE_CURVE('',#18714,(#18718,#18725),.PCURVE_S1.);
#18714 = LINE('',#18715,#18716);
#18715 = CARTESIAN_POINT('',(33.5,9.1,4.));
#18716 = VECTOR('',#18717,1.);
#18717 = DIRECTION('',(0.,1.,0.));
#18718 = PCURVE('',#18691,#18719);
#18719 = DEFINITIONAL_REPRESENTATION('',(#18720),#18724);
#18720 = LINE('',#18721,#18722);
#18721 = CARTESIAN_POINT('',(0.,0.));
#18722 = VECTOR('',#18723,1.);
#18723 = DIRECTION('',(0.,-1.));
#18724 = ( GEOMETRIC_REPRESENTATION_CONTEXT(2) 
PARAMETRIC_REPRESENTATION_CONTEXT() REPRESENTATION_CONTEXT('2D SPACE',''
  ) );
#18725 = PCURVE('',#18611,#18726);
#18726 = DEFINITIONAL_REPRESENTATION('',(#18727),#18731);
#18727 = LINE('',#18728,#18729);
#18728 = CARTESIAN_POINT('',(21.,0.));
#18729 = VECTOR('',#18730,1.);
#18730 = DIRECTION('',(0.,1.));
#18731 = ( GEOMETRIC_REPRESENTATION_CONTEXT(2) 
PARAMETRIC_REPRESENTATION_CONTEXT() REPRESENTATION_CONTEXT('2D SPACE',''
  ) );
#18732 = ORIENTED_EDGE('',*,*,#18733,.T.);
#18733 = EDGE_CURVE('',#18711,#18734,#18736,.T.);
#18734 = VERTEX_POINT('',#18735);
#18735 = CARTESIAN_POINT('',(33.5,26.9,8.));
#18736 = SURFACE_CURVE('',#18737,(#18741,#18748),.PCURVE_S1.);
#18737 = LINE('',#18738,#18739);
#18738 = CARTESIAN_POINT('',(33.5,26.9,4.));
#18739 = VECTOR('',#18740,1.);
#18740 = DIRECTION('',(0.,0.,1.));
#18741 = PCURVE('',#18691,#18742);
#18742 = DEFINITIONAL_REPRESENTATION('',(#18743),#18747);
#18743 = LINE('',#18744,#18745);
#18744 = CARTESIAN_POINT('',(0.,-17.8));
#18745 = VECTOR('',#18746,1.);
#18746 = DIRECTION('',(1.,0.));
#18747 = ( GEOMETRIC_REPRESENTATION_CONTEXT(2) 
PARAMETRIC_REPRESENTATION_CONTEXT() REPRESENTATION_CONTEXT('2D SPACE',''
  ) );
#18748 = PCURVE('',#18639,#18749);
#18749 = DEFINITIONAL_REPRESENTATION('',(#18750),#18754);
#18750 = LINE('',#18751,#18752);
#18751 = CARTESIAN_POINT('',(0.,21.));
#18752 = VECTOR('',#18753,1.);
#18753 = DIRECTION('',(1.,0.));
#18754 = ( GEOMETRIC_REPRESENTATION_CONTEXT(2) 
PARAMETRIC_REPRESENTATION_CONTEXT() REPRESENTATION_CONTEXT('2D SPACE',''
  ) );
#18755 = ORIENTED_EDGE('',*,*,#18756,.F.);
#18756 = EDGE_CURVE('',#18683,#18734,#18757,.T.);
#18757 = SURFACE_CURVE('',#18758,(#18762,#18769),.PCURVE_S1.);
#18758 = LINE('',#18759,#18760);
#18759 = CARTESIAN_POINT('',(33.5,9.1,8.));
#18760 = VECTOR('',#18761,1.);
#18761 = DIRECTION('',(0.,1.,0.));
#18762 = PCURVE('',#18691,#18763);
#18763 = DEFINITIONAL_REPRESENTATION('',(#18764),#18768);
#18764 = LINE('',#18765,#18766);
#18765 = CARTESIAN_POINT('',(4.,0.));
#18766 = VECTOR('',#18767,1.);
#18767 = DIRECTION('',(0.,-1.));
#18768 = ( GEOMETRIC_REPRESENTATION_CONTEXT(2) 
PARAMETRIC_REPRESENTATION_CONTEXT() REPRESENTATION_CONTEXT('2D SPACE',''
  ) );
#18769 = PCURVE('',#18665,#18770);
#18770 = DEFINITIONAL_REPRESENTATION('',(#18771),#18775);
#18771 = LINE('',#18772,#18773);
#18772 = CARTESIAN_POINT('',(21.,0.));
#18773 = VECTOR('',#18774,1.);
#18774 = DIRECTION('',(0.,1.));
#18775 = ( GEOMETRIC_REPRESENTATION_CONTEXT(2) 
PARAMETRIC_REPRESENTATION_CONTEXT() REPRESENTATION_CONTEXT('2D SPACE',''
  ) );
#18776 = ADVANCED_FACE('',(#18777),#18583,.F.);
#18777 = FACE_BOUND('',#18778,.F.);
#18778 = EDGE_LOOP('',(#18779,#18800,#18801,#18822));
#18779 = ORIENTED_EDGE('',*,*,#18780,.F.);
#18780 = EDGE_CURVE('',#18561,#18681,#18781,.T.);
#18781 = SURFACE_CURVE('',#18782,(#18786,#18793),.PCURVE_S1.);
#18782 = LINE('',#18783,#18784);
#18783 = CARTESIAN_POINT('',(12.5,9.1,4.));
#18784 = VECTOR('',#18785,1.);
#18785 = DIRECTION('',(1.,0.,0.));
#18786 = PCURVE('',#18583,#18787);
#18787 = DEFINITIONAL_REPRESENTATION('',(#18788),#18792);
#18788 = LINE('',#18789,#18790);
#18789 = CARTESIAN_POINT('',(0.,0.));
#18790 = VECTOR('',#18791,1.);
#18791 = DIRECTION('',(0.,1.));
#18792 = ( GEOMETRIC_REPRESENTATION_CONTEXT(2) 
PARAMETRIC_REPRESENTATION_CONTEXT() REPRESENTATION_CONTEXT('2D SPACE',''
  ) );
#18793 = PCURVE('',#18611,#18794);
#18794 = DEFINITIONAL_REPRESENTATION('',(#18795),#18799);
#18795 = LINE('',#18796,#18797);
#18796 = CARTESIAN_POINT('',(0.,0.));
#18797 = VECTOR('',#18798,1.);
#18798 = DIRECTION('',(1.,0.));
#18799 = ( GEOMETRIC_REPRESENTATION_CONTEXT(2) 
PARAMETRIC_REPRESENTATION_CONTEXT() REPRESENTATION_CONTEXT('2D SPACE',''
  ) );
#18800 = ORIENTED_EDGE('',*,*,#18560,.T.);
#18801 = ORIENTED_EDGE('',*,*,#18802,.T.);
#18802 = EDGE_CURVE('',#18563,#18683,#18803,.T.);
#18803 = SURFACE_CURVE('',#18804,(#18808,#18815),.PCURVE_S1.);
#18804 = LINE('',#18805,#18806);
#18805 = CARTESIAN_POINT('',(12.5,9.1,8.));
#18806 = VECTOR('',#18807,1.);
#18807 = DIRECTION('',(1.,0.,0.));
#18808 = PCURVE('',#18583,#18809);
#18809 = DEFINITIONAL_REPRESENTATION('',(#18810),#18814);
#18810 = LINE('',#18811,#18812);
#18811 = CARTESIAN_POINT('',(4.,0.));
#18812 = VECTOR('',#18813,1.);
#18813 = DIRECTION('',(0.,1.));
#18814 = ( GEOMETRIC_REPRESENTATION_CONTEXT(2) 
PARAMETRIC_REPRESENTATION_CONTEXT() REPRESENTATION_CONTEXT('2D SPACE',''
  ) );
#18815 = PCURVE('',#18665,#18816);
#18816 = DEFINITIONAL_REPRESENTATION('',(#18817),#18821);
#18817 = LINE('',#18818,#18819);
#18818 = CARTESIAN_POINT('',(0.,0.));
#18819 = VECTOR('',#18820,1.);
#18820 = DIRECTION('',(1.,0.));
#18821 = ( GEOMETRIC_REPRESENTATION_CONTEXT(2) 
PARAMETRIC_REPRESENTATION_CONTEXT() REPRESENTATION_CONTEXT('2D SPACE',''
  ) );
#18822 = ORIENTED_EDGE('',*,*,#18680,.F.);
#18823 = ADVANCED_FACE('',(#18824),#18639,.T.);
#18824 = FACE_BOUND('',#18825,.T.);
#18825 = EDGE_LOOP('',(#18826,#18847,#18848,#18869));
#18826 = ORIENTED_EDGE('',*,*,#18827,.F.);
#18827 = EDGE_CURVE('',#18596,#18711,#18828,.T.);
#18828 = SURFACE_CURVE('',#18829,(#18833,#18840),.PCURVE_S1.);
#18829 = LINE('',#18830,#18831);
#18830 = CARTESIAN_POINT('',(12.5,26.9,4.));
#18831 = VECTOR('',#18832,1.);
#18832 = DIRECTION('',(1.,0.,0.));
#18833 = PCURVE('',#18639,#18834);
#18834 = DEFINITIONAL_REPRESENTATION('',(#18835),#18839);
#18835 = LINE('',#18836,#18837);
#18836 = CARTESIAN_POINT('',(0.,0.));
#18837 = VECTOR('',#18838,1.);
#18838 = DIRECTION('',(0.,1.));
#18839 = ( GEOMETRIC_REPRESENTATION_CONTEXT(2) 
PARAMETRIC_REPRESENTATION_CONTEXT() REPRESENTATION_CONTEXT('2D SPACE',''
  ) );
#18840 = PCURVE('',#18611,#18841);
#18841 = DEFINITIONAL_REPRESENTATION('',(#18842),#18846);
#18842 = LINE('',#18843,#18844);
#18843 = CARTESIAN_POINT('',(0.,17.8));
#18844 = VECTOR('',#18845,1.);
#18845 = DIRECTION('',(1.,0.));
#18846 = ( GEOMETRIC_REPRESENTATION_CONTEXT(2) 
PARAMETRIC_REPRESENTATION_CONTEXT() REPRESENTATION_CONTEXT('2D SPACE',''
  ) );
#18847 = ORIENTED_EDGE('',*,*,#18623,.T.);
#18848 = ORIENTED_EDGE('',*,*,#18849,.T.);
#18849 = EDGE_CURVE('',#18624,#18734,#18850,.T.);
#18850 = SURFACE_CURVE('',#18851,(#18855,#18862),.PCURVE_S1.);
#18851 = LINE('',#18852,#18853);
#18852 = CARTESIAN_POINT('',(12.5,26.9,8.));
#18853 = VECTOR('',#18854,1.);
#18854 = DIRECTION('',(1.,0.,0.));
#18855 = PCURVE('',#18639,#18856);
#18856 = DEFINITIONAL_REPRESENTATION('',(#18857),#18861);
#18857 = LINE('',#18858,#18859);
#18858 = CARTESIAN_POINT('',(4.,0.));
#18859 = VECTOR('',#18860,1.);
#18860 = DIRECTION('',(0.,1.));
#18861 = ( GEOMETRIC_REPRESENTATION_CONTEXT(2) 
PARAMETRIC_REPRESENTATION_CONTEXT() REPRESENTATION_CONTEXT('2D SPACE',''
  ) );
#18862 = PCURVE('',#18665,#18863);
#18863 = DEFINITIONAL_REPRESENTATION('',(#18864),#18868);
#18864 = LINE('',#18865,#18866);
#18865 = CARTESIAN_POINT('',(0.,17.8));
#18866 = VECTOR('',#18867,1.);
#18867 = DIRECTION('',(1.,0.));
#18868 = ( GEOMETRIC_REPRESENTATION_CONTEXT(2) 
PARAMETRIC_REPRESENTATION_CONTEXT() REPRESENTATION_CONTEXT('2D SPACE',''
  ) );
#18869 = ORIENTED_EDGE('',*,*,#18733,.F.);
#18870 = ADVANCED_FACE('',(#18871),#18611,.F.);
#18871 = FACE_BOUND('',#18872,.F.);
#18872 = EDGE_LOOP('',(#18873,#18874,#18875,#18876));
#18873 = ORIENTED_EDGE('',*,*,#18595,.F.);
#18874 = ORIENTED_EDGE('',*,*,#18780,.T.);
#18875 = ORIENTED_EDGE('',*,*,#18710,.T.);
#18876 = ORIENTED_EDGE('',*,*,#18827,.F.);
#18877 = ADVANCED_FACE('',(#18878),#18665,.T.);
#18878 = FACE_BOUND('',#18879,.T.);
#18879 = EDGE_LOOP('',(#18880,#18881,#18882,#18883));
#18880 = ORIENTED_EDGE('',*,*,#18651,.F.);
#18881 = ORIENTED_EDGE('',*,*,#18802,.T.);
#18882 = ORIENTED_EDGE('',*,*,#18756,.T.);
#18883 = ORIENTED_EDGE('',*,*,#18849,.F.);
#18884 = ( GEOMETRIC_REPRESENTATION_CONTEXT(3) 
GLOBAL_UNCERTAINTY_ASSIGNED_CONTEXT((#18888)) 
GLOBAL_UNIT_ASSIGNED_CONTEXT((#18885,#18886,#18887)) 
REPRESENTATION_CONTEXT('Context #1',
  '3D Context with UNIT and UNCERTAINTY') );
#18885 = ( LENGTH_UNIT() NAMED_UNIT(*) SI_UNIT(.MILLI.,.METRE.) );
#18886 = ( NAMED_UNIT(*) PLANE_ANGLE_UNIT() SI_UNIT($,.RADIAN.) );
#18887 = ( NAMED_UNIT(*) SI_UNIT($,.STERADIAN.) SOLID_ANGLE_UNIT() );
#18888 = UNCERTAINTY_MEASURE_WITH_UNIT(LENGTH_MEASURE(1.E-07),#18885,
  'distance_accuracy_value','confusion accuracy');
#18889 = CONTEXT_DEPENDENT_SHAPE_REPRESENTATION(#18890,#18892);
#18890 = ( REPRESENTATION_RELATIONSHIP('','',#18553,#10) 
REPRESENTATION_RELATIONSHIP_WITH_TRANSFORMATION(#18891) 
SHAPE_REPRESENTATION_RELATIONSHIP() );
#18891 = ITEM_DEFINED_TRANSFORMATION('','',#11,#51);
#18892 = PRODUCT_DEFINITION_SHAPE('Placement','Placement of an item',
  #18893);
#18893 = NEXT_ASSEMBLY_USAGE_OCCURRENCE('10','controller_envelope','',#5
  ,#18548,$);
#18894 = PRODUCT_RELATED_PRODUCT_CATEGORY('part',$,(#18550));
#18895 = SHAPE_DEFINITION_REPRESENTATION(#18896,#18902);
#18896 = PRODUCT_DEFINITION_SHAPE('','',#18897);
#18897 = PRODUCT_DEFINITION('design','',#18898,#18901);
#18898 = PRODUCT_DEFINITION_FORMATION('','',#18899);
#18899 = PRODUCT('switch_envelope','switch_envelope','',(#18900));
#18900 = PRODUCT_CONTEXT('',#2,'mechanical');
#18901 = PRODUCT_DEFINITION_CONTEXT('part definition',#2,'design');
#18902 = ADVANCED_BREP_SHAPE_REPRESENTATION('',(#11,#18903),#19233);
#18903 = MANIFOLD_SOLID_BREP('',#18904);
#18904 = CLOSED_SHELL('',(#18905,#19025,#19125,#19172,#19219,#19226));
#18905 = ADVANCED_FACE('',(#18906),#18920,.F.);
#18906 = FACE_BOUND('',#18907,.F.);
#18907 = EDGE_LOOP('',(#18908,#18943,#18971,#18999));
#18908 = ORIENTED_EDGE('',*,*,#18909,.F.);
#18909 = EDGE_CURVE('',#18910,#18912,#18914,.T.);
#18910 = VERTEX_POINT('',#18911);
#18911 = CARTESIAN_POINT('',(-30.62,10.38,4.));
#18912 = VERTEX_POINT('',#18913);
#18913 = CARTESIAN_POINT('',(-30.62,10.38,7.));
#18914 = SURFACE_CURVE('',#18915,(#18919,#18931),.PCURVE_S1.);
#18915 = LINE('',#18916,#18917);
#18916 = CARTESIAN_POINT('',(-30.62,10.38,4.));
#18917 = VECTOR('',#18918,1.);
#18918 = DIRECTION('',(0.,0.,1.));
#18919 = PCURVE('',#18920,#18925);
#18920 = PLANE('',#18921);
#18921 = AXIS2_PLACEMENT_3D('',#18922,#18923,#18924);
#18922 = CARTESIAN_POINT('',(-30.62,10.38,4.));
#18923 = DIRECTION('',(1.,0.,0.));
#18924 = DIRECTION('',(0.,0.,1.));
#18925 = DEFINITIONAL_REPRESENTATION('',(#18926),#18930);
#18926 = LINE('',#18927,#18928);
#18927 = CARTESIAN_POINT('',(0.,0.));
#18928 = VECTOR('',#18929,1.);
#18929 = DIRECTION('',(1.,0.));
#18930 = ( GEOMETRIC_REPRESENTATION_CONTEXT(2) 
PARAMETRIC_REPRESENTATION_CONTEXT() REPRESENTATION_CONTEXT('2D SPACE',''
  ) );
#18931 = PCURVE('',#18932,#18937);
#18932 = PLANE('',#18933);
#18933 = AXIS2_PLACEMENT_3D('',#18934,#18935,#18936);
#18934 = CARTESIAN_POINT('',(-30.62,10.38,4.));
#18935 = DIRECTION('',(0.,1.,0.));
#18936 = DIRECTION('',(0.,0.,1.));
#18937 = DEFINITIONAL_REPRESENTATION('',(#18938),#18942);
#18938 = LINE('',#18939,#18940);
#18939 = CARTESIAN_POINT('',(0.,0.));
#18940 = VECTOR('',#18941,1.);
#18941 = DIRECTION('',(1.,0.));
#18942 = ( GEOMETRIC_REPRESENTATION_CONTEXT(2) 
PARAMETRIC_REPRESENTATION_CONTEXT() REPRESENTATION_CONTEXT('2D SPACE',''
  ) );
#18943 = ORIENTED_EDGE('',*,*,#18944,.T.);
#18944 = EDGE_CURVE('',#18910,#18945,#18947,.T.);
#18945 = VERTEX_POINT('',#18946);
#18946 = CARTESIAN_POINT('',(-30.62,25.62,4.));
#18947 = SURFACE_CURVE('',#18948,(#18952,#18959),.PCURVE_S1.);
#18948 = LINE('',#18949,#18950);
#18949 = CARTESIAN_POINT('',(-30.62,10.38,4.));
#18950 = VECTOR('',#18951,1.);
#18951 = DIRECTION('',(0.,1.,0.));
#18952 = PCURVE('',#18920,#18953);
#18953 = DEFINITIONAL_REPRESENTATION('',(#18954),#18958);
#18954 = LINE('',#18955,#18956);
#18955 = CARTESIAN_POINT('',(0.,0.));
#18956 = VECTOR('',#18957,1.);
#18957 = DIRECTION('',(0.,-1.));
#18958 = ( GEOMETRIC_REPRESENTATION_CONTEXT(2) 
PARAMETRIC_REPRESENTATION_CONTEXT() REPRESENTATION_CONTEXT('2D SPACE',''
  ) );
#18959 = PCURVE('',#18960,#18965);
#18960 = PLANE('',#18961);
#18961 = AXIS2_PLACEMENT_3D('',#18962,#18963,#18964);
#18962 = CARTESIAN_POINT('',(-30.62,10.38,4.));
#18963 = DIRECTION('',(0.,0.,1.));
#18964 = DIRECTION('',(1.,0.,0.));
#18965 = DEFINITIONAL_REPRESENTATION('',(#18966),#18970);
#18966 = LINE('',#18967,#18968);
#18967 = CARTESIAN_POINT('',(0.,0.));
#18968 = VECTOR('',#18969,1.);
#18969 = DIRECTION('',(0.,1.));
#18970 = ( GEOMETRIC_REPRESENTATION_CONTEXT(2) 
PARAMETRIC_REPRESENTATION_CONTEXT() REPRESENTATION_CONTEXT('2D SPACE',''
  ) );
#18971 = ORIENTED_EDGE('',*,*,#18972,.T.);
#18972 = EDGE_CURVE('',#18945,#18973,#18975,.T.);
#18973 = VERTEX_POINT('',#18974);
#18974 = CARTESIAN_POINT('',(-30.62,25.62,7.));
#18975 = SURFACE_CURVE('',#18976,(#18980,#18987),.PCURVE_S1.);
#18976 = LINE('',#18977,#18978);
#18977 = CARTESIAN_POINT('',(-30.62,25.62,4.));
#18978 = VECTOR('',#18979,1.);
#18979 = DIRECTION('',(0.,0.,1.));
#18980 = PCURVE('',#18920,#18981);
#18981 = DEFINITIONAL_REPRESENTATION('',(#18982),#18986);
#18982 = LINE('',#18983,#18984);
#18983 = CARTESIAN_POINT('',(0.,-15.24));
#18984 = VECTOR('',#18985,1.);
#18985 = DIRECTION('',(1.,0.));
#18986 = ( GEOMETRIC_REPRESENTATION_CONTEXT(2) 
PARAMETRIC_REPRESENTATION_CONTEXT() REPRESENTATION_CONTEXT('2D SPACE',''
  ) );
#18987 = PCURVE('',#18988,#18993);
#18988 = PLANE('',#18989);
#18989 = AXIS2_PLACEMENT_3D('',#18990,#18991,#18992);
#18990 = CARTESIAN_POINT('',(-30.62,25.62,4.));
#18991 = DIRECTION('',(0.,1.,0.));
#18992 = DIRECTION('',(0.,0.,1.));
#18993 = DEFINITIONAL_REPRESENTATION('',(#18994),#18998);
#18994 = LINE('',#18995,#18996);
#18995 = CARTESIAN_POINT('',(0.,0.));
#18996 = VECTOR('',#18997,1.);
#18997 = DIRECTION('',(1.,0.));
#18998 = ( GEOMETRIC_REPRESENTATION_CONTEXT(2) 
PARAMETRIC_REPRESENTATION_CONTEXT() REPRESENTATION_CONTEXT('2D SPACE',''
  ) );
#18999 = ORIENTED_EDGE('',*,*,#19000,.F.);
#19000 = EDGE_CURVE('',#18912,#18973,#19001,.T.);
#19001 = SURFACE_CURVE('',#19002,(#19006,#19013),.PCURVE_S1.);
#19002 = LINE('',#19003,#19004);
#19003 = CARTESIAN_POINT('',(-30.62,10.38,7.));
#19004 = VECTOR('',#19005,1.);
#19005 = DIRECTION('',(0.,1.,0.));
#19006 = PCURVE('',#18920,#19007);
#19007 = DEFINITIONAL_REPRESENTATION('',(#19008),#19012);
#19008 = LINE('',#19009,#19010);
#19009 = CARTESIAN_POINT('',(3.,0.));
#19010 = VECTOR('',#19011,1.);
#19011 = DIRECTION('',(0.,-1.));
#19012 = ( GEOMETRIC_REPRESENTATION_CONTEXT(2) 
PARAMETRIC_REPRESENTATION_CONTEXT() REPRESENTATION_CONTEXT('2D SPACE',''
  ) );
#19013 = PCURVE('',#19014,#19019);
#19014 = PLANE('',#19015);
#19015 = AXIS2_PLACEMENT_3D('',#19016,#19017,#19018);
#19016 = CARTESIAN_POINT('',(-30.62,10.38,7.));
#19017 = DIRECTION('',(0.,0.,1.));
#19018 = DIRECTION('',(1.,0.,0.));
#19019 = DEFINITIONAL_REPRESENTATION('',(#19020),#19024);
#19020 = LINE('',#19021,#19022);
#19021 = CARTESIAN_POINT('',(0.,0.));
#19022 = VECTOR('',#19023,1.);
#19023 = DIRECTION('',(0.,1.));
#19024 = ( GEOMETRIC_REPRESENTATION_CONTEXT(2) 
PARAMETRIC_REPRESENTATION_CONTEXT() REPRESENTATION_CONTEXT('2D SPACE',''
  ) );
#19025 = ADVANCED_FACE('',(#19026),#19040,.T.);
#19026 = FACE_BOUND('',#19027,.T.);
#19027 = EDGE_LOOP('',(#19028,#19058,#19081,#19104));
#19028 = ORIENTED_EDGE('',*,*,#19029,.F.);
#19029 = EDGE_CURVE('',#19030,#19032,#19034,.T.);
#19030 = VERTEX_POINT('',#19031);
#19031 = CARTESIAN_POINT('',(-15.38,10.38,4.));
#19032 = VERTEX_POINT('',#19033);
#19033 = CARTESIAN_POINT('',(-15.38,10.38,7.));
#19034 = SURFACE_CURVE('',#19035,(#19039,#19051),.PCURVE_S1.);
#19035 = LINE('',#19036,#19037);
#19036 = CARTESIAN_POINT('',(-15.38,10.38,4.));
#19037 = VECTOR('',#19038,1.);
#19038 = DIRECTION('',(0.,0.,1.));
#19039 = PCURVE('',#19040,#19045);
#19040 = PLANE('',#19041);
#19041 = AXIS2_PLACEMENT_3D('',#19042,#19043,#19044);
#19042 = CARTESIAN_POINT('',(-15.38,10.38,4.));
#19043 = DIRECTION('',(1.,0.,0.));
#19044 = DIRECTION('',(0.,0.,1.));
#19045 = DEFINITIONAL_REPRESENTATION('',(#19046),#19050);
#19046 = LINE('',#19047,#19048);
#19047 = CARTESIAN_POINT('',(0.,0.));
#19048 = VECTOR('',#19049,1.);
#19049 = DIRECTION('',(1.,0.));
#19050 = ( GEOMETRIC_REPRESENTATION_CONTEXT(2) 
PARAMETRIC_REPRESENTATION_CONTEXT() REPRESENTATION_CONTEXT('2D SPACE',''
  ) );
#19051 = PCURVE('',#18932,#19052);
#19052 = DEFINITIONAL_REPRESENTATION('',(#19053),#19057);
#19053 = LINE('',#19054,#19055);
#19054 = CARTESIAN_POINT('',(0.,15.24));
#19055 = VECTOR('',#19056,1.);
#19056 = DIRECTION('',(1.,0.));
#19057 = ( GEOMETRIC_REPRESENTATION_CONTEXT(2) 
PARAMETRIC_REPRESENTATION_CONTEXT() REPRESENTATION_CONTEXT('2D SPACE',''
  ) );
#19058 = ORIENTED_EDGE('',*,*,#19059,.T.);
#19059 = EDGE_CURVE('',#19030,#19060,#19062,.T.);
#19060 = VERTEX_POINT('',#19061);
#19061 = CARTESIAN_POINT('',(-15.38,25.62,4.));
#19062 = SURFACE_CURVE('',#19063,(#19067,#19074),.PCURVE_S1.);
#19063 = LINE('',#19064,#19065);
#19064 = CARTESIAN_POINT('',(-15.38,10.38,4.));
#19065 = VECTOR('',#19066,1.);
#19066 = DIRECTION('',(0.,1.,0.));
#19067 = PCURVE('',#19040,#19068);
#19068 = DEFINITIONAL_REPRESENTATION('',(#19069),#19073);
#19069 = LINE('',#19070,#19071);
#19070 = CARTESIAN_POINT('',(0.,0.));
#19071 = VECTOR('',#19072,1.);
#19072 = DIRECTION('',(0.,-1.));
#19073 = ( GEOMETRIC_REPRESENTATION_CONTEXT(2) 
PARAMETRIC_REPRESENTATION_CONTEXT() REPRESENTATION_CONTEXT('2D SPACE',''
  ) );
#19074 = PCURVE('',#18960,#19075);
#19075 = DEFINITIONAL_REPRESENTATION('',(#19076),#19080);
#19076 = LINE('',#19077,#19078);
#19077 = CARTESIAN_POINT('',(15.24,0.));
#19078 = VECTOR('',#19079,1.);
#19079 = DIRECTION('',(0.,1.));
#19080 = ( GEOMETRIC_REPRESENTATION_CONTEXT(2) 
PARAMETRIC_REPRESENTATION_CONTEXT() REPRESENTATION_CONTEXT('2D SPACE',''
  ) );
#19081 = ORIENTED_EDGE('',*,*,#19082,.T.);
#19082 = EDGE_CURVE('',#19060,#19083,#19085,.T.);
#19083 = VERTEX_POINT('',#19084);
#19084 = CARTESIAN_POINT('',(-15.38,25.62,7.));
#19085 = SURFACE_CURVE('',#19086,(#19090,#19097),.PCURVE_S1.);
#19086 = LINE('',#19087,#19088);
#19087 = CARTESIAN_POINT('',(-15.38,25.62,4.));
#19088 = VECTOR('',#19089,1.);
#19089 = DIRECTION('',(0.,0.,1.));
#19090 = PCURVE('',#19040,#19091);
#19091 = DEFINITIONAL_REPRESENTATION('',(#19092),#19096);
#19092 = LINE('',#19093,#19094);
#19093 = CARTESIAN_POINT('',(0.,-15.24));
#19094 = VECTOR('',#19095,1.);
#19095 = DIRECTION('',(1.,0.));
#19096 = ( GEOMETRIC_REPRESENTATION_CONTEXT(2) 
PARAMETRIC_REPRESENTATION_CONTEXT() REPRESENTATION_CONTEXT('2D SPACE',''
  ) );
#19097 = PCURVE('',#18988,#19098);
#19098 = DEFINITIONAL_REPRESENTATION('',(#19099),#19103);
#19099 = LINE('',#19100,#19101);
#19100 = CARTESIAN_POINT('',(0.,15.24));
#19101 = VECTOR('',#19102,1.);
#19102 = DIRECTION('',(1.,0.));
#19103 = ( GEOMETRIC_REPRESENTATION_CONTEXT(2) 
PARAMETRIC_REPRESENTATION_CONTEXT() REPRESENTATION_CONTEXT('2D SPACE',''
  ) );
#19104 = ORIENTED_EDGE('',*,*,#19105,.F.);
#19105 = EDGE_CURVE('',#19032,#19083,#19106,.T.);
#19106 = SURFACE_CURVE('',#19107,(#19111,#19118),.PCURVE_S1.);
#19107 = LINE('',#19108,#19109);
#19108 = CARTESIAN_POINT('',(-15.38,10.38,7.));
#19109 = VECTOR('',#19110,1.);
#19110 = DIRECTION('',(0.,1.,0.));
#19111 = PCURVE('',#19040,#19112);
#19112 = DEFINITIONAL_REPRESENTATION('',(#19113),#19117);
#19113 = LINE('',#19114,#19115);
#19114 = CARTESIAN_POINT('',(3.,0.));
#19115 = VECTOR('',#19116,1.);
#19116 = DIRECTION('',(0.,-1.));
#19117 = ( GEOMETRIC_REPRESENTATION_CONTEXT(2) 
PARAMETRIC_REPRESENTATION_CONTEXT() REPRESENTATION_CONTEXT('2D SPACE',''
  ) );
#19118 = PCURVE('',#19014,#19119);
#19119 = DEFINITIONAL_REPRESENTATION('',(#19120),#19124);
#19120 = LINE('',#19121,#19122);
#19121 = CARTESIAN_POINT('',(15.24,0.));
#19122 = VECTOR('',#19123,1.);
#19123 = DIRECTION('',(0.,1.));
#19124 = ( GEOMETRIC_REPRESENTATION_CONTEXT(2) 
PARAMETRIC_REPRESENTATION_CONTEXT() REPRESENTATION_CONTEXT('2D SPACE',''
  ) );
#19125 = ADVANCED_FACE('',(#19126),#18932,.F.);
#19126 = FACE_BOUND('',#19127,.F.);
#19127 = EDGE_LOOP('',(#19128,#19149,#19150,#19171));
#19128 = ORIENTED_EDGE('',*,*,#19129,.F.);
#19129 = EDGE_CURVE('',#18910,#19030,#19130,.T.);
#19130 = SURFACE_CURVE('',#19131,(#19135,#19142),.PCURVE_S1.);
#19131 = LINE('',#19132,#19133);
#19132 = CARTESIAN_POINT('',(-30.62,10.38,4.));
#19133 = VECTOR('',#19134,1.);
#19134 = DIRECTION('',(1.,0.,0.));
#19135 = PCURVE('',#18932,#19136);
#19136 = DEFINITIONAL_REPRESENTATION('',(#19137),#19141);
#19137 = LINE('',#19138,#19139);
#19138 = CARTESIAN_POINT('',(0.,0.));
#19139 = VECTOR('',#19140,1.);
#19140 = DIRECTION('',(0.,1.));
#19141 = ( GEOMETRIC_REPRESENTATION_CONTEXT(2) 
PARAMETRIC_REPRESENTATION_CONTEXT() REPRESENTATION_CONTEXT('2D SPACE',''
  ) );
#19142 = PCURVE('',#18960,#19143);
#19143 = DEFINITIONAL_REPRESENTATION('',(#19144),#19148);
#19144 = LINE('',#19145,#19146);
#19145 = CARTESIAN_POINT('',(0.,0.));
#19146 = VECTOR('',#19147,1.);
#19147 = DIRECTION('',(1.,0.));
#19148 = ( GEOMETRIC_REPRESENTATION_CONTEXT(2) 
PARAMETRIC_REPRESENTATION_CONTEXT() REPRESENTATION_CONTEXT('2D SPACE',''
  ) );
#19149 = ORIENTED_EDGE('',*,*,#18909,.T.);
#19150 = ORIENTED_EDGE('',*,*,#19151,.T.);
#19151 = EDGE_CURVE('',#18912,#19032,#19152,.T.);
#19152 = SURFACE_CURVE('',#19153,(#19157,#19164),.PCURVE_S1.);
#19153 = LINE('',#19154,#19155);
#19154 = CARTESIAN_POINT('',(-30.62,10.38,7.));
#19155 = VECTOR('',#19156,1.);
#19156 = DIRECTION('',(1.,0.,0.));
#19157 = PCURVE('',#18932,#19158);
#19158 = DEFINITIONAL_REPRESENTATION('',(#19159),#19163);
#19159 = LINE('',#19160,#19161);
#19160 = CARTESIAN_POINT('',(3.,0.));
#19161 = VECTOR('',#19162,1.);
#19162 = DIRECTION('',(0.,1.));
#19163 = ( GEOMETRIC_REPRESENTATION_CONTEXT(2) 
PARAMETRIC_REPRESENTATION_CONTEXT() REPRESENTATION_CONTEXT('2D SPACE',''
  ) );
#19164 = PCURVE('',#19014,#19165);
#19165 = DEFINITIONAL_REPRESENTATION('',(#19166),#19170);
#19166 = LINE('',#19167,#19168);
#19167 = CARTESIAN_POINT('',(0.,0.));
#19168 = VECTOR('',#19169,1.);
#19169 = DIRECTION('',(1.,0.));
#19170 = ( GEOMETRIC_REPRESENTATION_CONTEXT(2) 
PARAMETRIC_REPRESENTATION_CONTEXT() REPRESENTATION_CONTEXT('2D SPACE',''
  ) );
#19171 = ORIENTED_EDGE('',*,*,#19029,.F.);
#19172 = ADVANCED_FACE('',(#19173),#18988,.T.);
#19173 = FACE_BOUND('',#19174,.T.);
#19174 = EDGE_LOOP('',(#19175,#19196,#19197,#19218));
#19175 = ORIENTED_EDGE('',*,*,#19176,.F.);
#19176 = EDGE_CURVE('',#18945,#19060,#19177,.T.);
#19177 = SURFACE_CURVE('',#19178,(#19182,#19189),.PCURVE_S1.);
#19178 = LINE('',#19179,#19180);
#19179 = CARTESIAN_POINT('',(-30.62,25.62,4.));
#19180 = VECTOR('',#19181,1.);
#19181 = DIRECTION('',(1.,0.,0.));
#19182 = PCURVE('',#18988,#19183);
#19183 = DEFINITIONAL_REPRESENTATION('',(#19184),#19188);
#19184 = LINE('',#19185,#19186);
#19185 = CARTESIAN_POINT('',(0.,0.));
#19186 = VECTOR('',#19187,1.);
#19187 = DIRECTION('',(0.,1.));
#19188 = ( GEOMETRIC_REPRESENTATION_CONTEXT(2) 
PARAMETRIC_REPRESENTATION_CONTEXT() REPRESENTATION_CONTEXT('2D SPACE',''
  ) );
#19189 = PCURVE('',#18960,#19190);
#19190 = DEFINITIONAL_REPRESENTATION('',(#19191),#19195);
#19191 = LINE('',#19192,#19193);
#19192 = CARTESIAN_POINT('',(0.,15.24));
#19193 = VECTOR('',#19194,1.);
#19194 = DIRECTION('',(1.,0.));
#19195 = ( GEOMETRIC_REPRESENTATION_CONTEXT(2) 
PARAMETRIC_REPRESENTATION_CONTEXT() REPRESENTATION_CONTEXT('2D SPACE',''
  ) );
#19196 = ORIENTED_EDGE('',*,*,#18972,.T.);
#19197 = ORIENTED_EDGE('',*,*,#19198,.T.);
#19198 = EDGE_CURVE('',#18973,#19083,#19199,.T.);
#19199 = SURFACE_CURVE('',#19200,(#19204,#19211),.PCURVE_S1.);
#19200 = LINE('',#19201,#19202);
#19201 = CARTESIAN_POINT('',(-30.62,25.62,7.));
#19202 = VECTOR('',#19203,1.);
#19203 = DIRECTION('',(1.,0.,0.));
#19204 = PCURVE('',#18988,#19205);
#19205 = DEFINITIONAL_REPRESENTATION('',(#19206),#19210);
#19206 = LINE('',#19207,#19208);
#19207 = CARTESIAN_POINT('',(3.,0.));
#19208 = VECTOR('',#19209,1.);
#19209 = DIRECTION('',(0.,1.));
#19210 = ( GEOMETRIC_REPRESENTATION_CONTEXT(2) 
PARAMETRIC_REPRESENTATION_CONTEXT() REPRESENTATION_CONTEXT('2D SPACE',''
  ) );
#19211 = PCURVE('',#19014,#19212);
#19212 = DEFINITIONAL_REPRESENTATION('',(#19213),#19217);
#19213 = LINE('',#19214,#19215);
#19214 = CARTESIAN_POINT('',(0.,15.24));
#19215 = VECTOR('',#19216,1.);
#19216 = DIRECTION('',(1.,0.));
#19217 = ( GEOMETRIC_REPRESENTATION_CONTEXT(2) 
PARAMETRIC_REPRESENTATION_CONTEXT() REPRESENTATION_CONTEXT('2D SPACE',''
  ) );
#19218 = ORIENTED_EDGE('',*,*,#19082,.F.);
#19219 = ADVANCED_FACE('',(#19220),#18960,.F.);
#19220 = FACE_BOUND('',#19221,.F.);
#19221 = EDGE_LOOP('',(#19222,#19223,#19224,#19225));
#19222 = ORIENTED_EDGE('',*,*,#18944,.F.);
#19223 = ORIENTED_EDGE('',*,*,#19129,.T.);
#19224 = ORIENTED_EDGE('',*,*,#19059,.T.);
#19225 = ORIENTED_EDGE('',*,*,#19176,.F.);
#19226 = ADVANCED_FACE('',(#19227),#19014,.T.);
#19227 = FACE_BOUND('',#19228,.T.);
#19228 = EDGE_LOOP('',(#19229,#19230,#19231,#19232));
#19229 = ORIENTED_EDGE('',*,*,#19000,.F.);
#19230 = ORIENTED_EDGE('',*,*,#19151,.T.);
#19231 = ORIENTED_EDGE('',*,*,#19105,.T.);
#19232 = ORIENTED_EDGE('',*,*,#19198,.F.);
#19233 = ( GEOMETRIC_REPRESENTATION_CONTEXT(3) 
GLOBAL_UNCERTAINTY_ASSIGNED_CONTEXT((#19237)) 
GLOBAL_UNIT_ASSIGNED_CONTEXT((#19234,#19235,#19236)) 
REPRESENTATION_CONTEXT('Context #1',
  '3D Context with UNIT and UNCERTAINTY') );
#19234 = ( LENGTH_UNIT() NAMED_UNIT(*) SI_UNIT(.MILLI.,.METRE.) );
#19235 = ( NAMED_UNIT(*) PLANE_ANGLE_UNIT() SI_UNIT($,.RADIAN.) );
#19236 = ( NAMED_UNIT(*) SI_UNIT($,.STERADIAN.) SOLID_ANGLE_UNIT() );
#19237 = UNCERTAINTY_MEASURE_WITH_UNIT(LENGTH_MEASURE(1.E-07),#19234,
  'distance_accuracy_value','confusion accuracy');
#19238 = CONTEXT_DEPENDENT_SHAPE_REPRESENTATION(#19239,#19241);
#19239 = ( REPRESENTATION_RELATIONSHIP('','',#18902,#10) 
REPRESENTATION_RELATIONSHIP_WITH_TRANSFORMATION(#19240) 
SHAPE_REPRESENTATION_RELATIONSHIP() );
#19240 = ITEM_DEFINED_TRANSFORMATION('','',#11,#55);
#19241 = PRODUCT_DEFINITION_SHAPE('Placement','Placement of an item',
  #19242);
#19242 = NEXT_ASSEMBLY_USAGE_OCCURRENCE('11','switch_envelope','',#5,
  #18897,$);
#19243 = PRODUCT_RELATED_PRODUCT_CATEGORY('part',$,(#18899));
#19244 = MECHANICAL_DESIGN_GEOMETRIC_PRESENTATION_REPRESENTATION('',(
    #19245),#10928);
#19245 = STYLED_ITEM('color',(#19246),#7762);
#19246 = PRESENTATION_STYLE_ASSIGNMENT((#19247));
#19247 = SURFACE_STYLE_USAGE(.BOTH.,#19248);
#19248 = SURFACE_SIDE_STYLE('',(#19249));
#19249 = SURFACE_STYLE_FILL_AREA(#19250);
#19250 = FILL_AREA_STYLE('',(#19251));
#19251 = FILL_AREA_STYLE_COLOUR('',#19252);
#19252 = COLOUR_RGB('',0.259999998834,0.690000002877,0.659999992303);
#19253 = MECHANICAL_DESIGN_GEOMETRIC_PRESENTATION_REPRESENTATION('',(
    #19254),#19233);
#19254 = STYLED_ITEM('color',(#19255),#18903);
#19255 = PRESENTATION_STYLE_ASSIGNMENT((#19256));
#19256 = SURFACE_STYLE_USAGE(.BOTH.,#19257);
#19257 = SURFACE_SIDE_STYLE('',(#19258));
#19258 = SURFACE_STYLE_FILL_AREA(#19259);
#19259 = FILL_AREA_STYLE('',(#19260));
#19260 = FILL_AREA_STYLE_COLOUR('',#19261);
#19261 = COLOUR_RGB('',0.649999988539,0.210000004305,0.24000000363);
#19262 = MECHANICAL_DESIGN_GEOMETRIC_PRESENTATION_REPRESENTATION('',(
    #19263),#15327);
#19263 = STYLED_ITEM('color',(#19264),#14009);
#19264 = PRESENTATION_STYLE_ASSIGNMENT((#19265));
#19265 = SURFACE_STYLE_USAGE(.BOTH.,#19266);
#19266 = SURFACE_SIDE_STYLE('',(#19267));
#19267 = SURFACE_STYLE_FILL_AREA(#19268);
#19268 = FILL_AREA_STYLE('',(#19269));
#19269 = FILL_AREA_STYLE_COLOUR('',#19270);
#19270 = COLOUR_RGB('',0.170000001676,0.190000001765,0.219999994989);
#19271 = MECHANICAL_DESIGN_GEOMETRIC_PRESENTATION_REPRESENTATION('',(
    #19272),#18884);
#19272 = STYLED_ITEM('color',(#19273),#18554);
#19273 = PRESENTATION_STYLE_ASSIGNMENT((#19274));
#19274 = SURFACE_STYLE_USAGE(.BOTH.,#19275);
#19275 = SURFACE_SIDE_STYLE('',(#19276));
#19276 = SURFACE_STYLE_FILL_AREA(#19277);
#19277 = FILL_AREA_STYLE('',(#19278));
#19278 = FILL_AREA_STYLE_COLOUR('',#19279);
#19279 = COLOUR_RGB('',0.149999997808,0.329999997244,0.399999997426);
#19280 = MECHANICAL_DESIGN_GEOMETRIC_PRESENTATION_REPRESENTATION('',(
    #19281),#13333);
#19281 = STYLED_ITEM('color',(#19282),#10947);
#19282 = PRESENTATION_STYLE_ASSIGNMENT((#19283));
#19283 = SURFACE_STYLE_USAGE(.BOTH.,#19284);
#19284 = SURFACE_SIDE_STYLE('',(#19285));
#19285 = SURFACE_STYLE_FILL_AREA(#19286);
#19286 = FILL_AREA_STYLE('',(#19287));
#19287 = FILL_AREA_STYLE_COLOUR('',#19288);
#19288 = COLOUR_RGB('',0.950000001282,0.640000008347,0.250000000672);
#19289 = MECHANICAL_DESIGN_GEOMETRIC_PRESENTATION_REPRESENTATION('',(
    #19290),#18186);
#19290 = STYLED_ITEM('color',(#19291),#17444);
#19291 = PRESENTATION_STYLE_ASSIGNMENT((#19292));
#19292 = SURFACE_STYLE_USAGE(.BOTH.,#19293);
#19293 = SURFACE_SIDE_STYLE('',(#19294));
#19294 = SURFACE_STYLE_FILL_AREA(#19295);
#19295 = FILL_AREA_STYLE('',(#19296));
#19296 = FILL_AREA_STYLE_COLOUR('',#19297);
#19297 = COLOUR_RGB('',0.870000009629,0.870000009629,0.819999987296);
#19298 = MECHANICAL_DESIGN_GEOMETRIC_PRESENTATION_REPRESENTATION('',(
    #19299),#18535);
#19299 = STYLED_ITEM('color',(#19300),#18205);
#19300 = PRESENTATION_STYLE_ASSIGNMENT((#19301));
#19301 = SURFACE_STYLE_USAGE(.BOTH.,#19302);
#19302 = SURFACE_SIDE_STYLE('',(#19303));
#19303 = SURFACE_STYLE_FILL_AREA(#19304);
#19304 = FILL_AREA_STYLE('',(#19305));
#19305 = FILL_AREA_STYLE_COLOUR('',#19306);
#19306 = COLOUR_RGB('',0.670000002606,0.700000005816,0.729999995167);
#19307 = MECHANICAL_DESIGN_GEOMETRIC_PRESENTATION_REPRESENTATION('',(
    #19308),#13990);
#19308 = STYLED_ITEM('color',(#19309),#13352);
#19309 = PRESENTATION_STYLE_ASSIGNMENT((#19310));
#19310 = SURFACE_STYLE_USAGE(.BOTH.,#19311);
#19311 = SURFACE_SIDE_STYLE('',(#19312));
#19312 = SURFACE_STYLE_FILL_AREA(#19313);
#19313 = FILL_AREA_STYLE('',(#19314));
#19314 = FILL_AREA_STYLE_COLOUR('',#19315);
#19315 = COLOUR_RGB('',0.420000006308,0.649999988539,0.649999988539);
#19316 = MECHANICAL_DESIGN_GEOMETRIC_PRESENTATION_REPRESENTATION('',(
    #19317),#7743);
#19317 = STYLED_ITEM('color',(#19318),#73);
#19318 = PRESENTATION_STYLE_ASSIGNMENT((#19319));
#19319 = SURFACE_STYLE_USAGE(.BOTH.,#19320);
#19320 = SURFACE_SIDE_STYLE('',(#19321));
#19321 = SURFACE_STYLE_FILL_AREA(#19322);
#19322 = FILL_AREA_STYLE('',(#19323));
#19323 = FILL_AREA_STYLE_COLOUR('',#19324);
#19324 = COLOUR_RGB('',0.199999998682,0.56000001326,0.569999999601);
#19325 = MECHANICAL_DESIGN_GEOMETRIC_PRESENTATION_REPRESENTATION('',(
    #19326),#17425);
#19326 = STYLED_ITEM('color',(#19327),#16683);
#19327 = PRESENTATION_STYLE_ASSIGNMENT((#19328));
#19328 = SURFACE_STYLE_USAGE(.BOTH.,#19329);
#19329 = SURFACE_SIDE_STYLE('',(#19330));
#19330 = SURFACE_STYLE_FILL_AREA(#19331);
#19331 = FILL_AREA_STYLE('',(#19332));
#19332 = FILL_AREA_STYLE_COLOUR('',#19297);
#19333 = MECHANICAL_DESIGN_GEOMETRIC_PRESENTATION_REPRESENTATION('',(
    #19334),#16664);
#19334 = STYLED_ITEM('color',(#19335),#15346);
#19335 = PRESENTATION_STYLE_ASSIGNMENT((#19336));
#19336 = SURFACE_STYLE_USAGE(.BOTH.,#19337);
#19337 = SURFACE_SIDE_STYLE('',(#19338));
#19338 = SURFACE_STYLE_FILL_AREA(#19339);
#19339 = FILL_AREA_STYLE('',(#19340));
#19340 = FILL_AREA_STYLE_COLOUR('',#19270);
ENDSEC;
END-ISO-10303-21;
